epoch,step,seen_frames,total_loss,rho_loss,potential_loss,pc_loss,alpha_loss_mean,phi_loss_mean,rank_loss_mean,correlation_mean,spearman_correlation_mean,slope_mean,PC2_alpha_loss,PC2_phi_loss,PC2_rank_loss,PC2_correlation,PC2_spearman_correlation,PC2_slope
1,134,40000,1008.244384765625,0.10253507643938065,0.2813601791858673,1007.8604736328125,0.615371584892273,946.3233032226562,0.0,0.9561804533004761,0.9532041549682617,1.0581843852996826,0.615371584892273,946.3233032226562,0.0,0.9561804533004761,0.9532041549682617,1.0581843852996826
2,268,40000,82.25837707519531,0.017671212553977966,0.24151208996772766,81.99919128417969,0.7050756216049194,11.491632461547852,0.0,0.9889916777610779,0.9984684586524963,31.053443908691406,0.7050756216049194,11.491632461547852,0.0,0.9889916777610779,0.9984684586524963,31.053443908691406
3,402,40000,71.77800750732422,0.00866975262761116,0.0858888179063797,71.6834487915039,0.7155063152313232,0.1328238993883133,0.0,0.9978151917457581,0.9984340667724609,31.895666122436523,0.7155063152313232,0.1328238993883133,0.0,0.9978151917457581,0.9984340667724609,31.895666122436523
4,536,40000,71.67552947998047,0.007205296773463488,0.08387377858161926,71.5844497680664,0.7139239311218262,0.1920577883720398,0.0,0.9966300129890442,0.9982947111129761,31.822580337524414,0.7139239311218262,0.1920577883720398,0.0,0.9966300129890442,0.9982947111129761,31.822580337524414
5,670,40000,71.6741714477539,0.004802583251148462,0.06429370492696762,71.60507202148438,0.7136990427970886,0.23516863584518433,0.0,0.9967156052589417,0.9980213642120361,31.83206558227539,0.7136990427970886,0.23516863584518433,0.0,0.9967156052589417,0.9980213642120361,31.83206558227539
6,804,40000,72.24791717529297,0.002927600173279643,0.4604140520095825,71.78457641601562,0.712443470954895,0.5402296781539917,0.0,0.9958360195159912,0.9978485703468323,31.757892608642578,0.712443470954895,0.5402296781539917,0.0,0.9958360195159912,0.9978485703468323,31.757892608642578
7,938,40000,71.6703109741211,0.0018774206982925534,0.0241414625197649,71.64429473876953,0.7137618064880371,0.26811036467552185,0.0,0.9966568946838379,0.9981324076652527,31.86907196044922,0.7137618064880371,0.26811036467552185,0.0,0.9966568946838379,0.9981324076652527,31.86907196044922
8,1072,40000,71.87290954589844,0.001339605893008411,0.029303837567567825,71.84226989746094,0.71230149269104,0.6121212244033813,0.0,0.9955718517303467,0.9979930520057678,31.76605796813965,0.71230149269104,0.6121212244033813,0.0,0.9955718517303467,0.9979930520057678,31.76605796813965
9,1206,40000,71.4866943359375,0.0011417715577408671,0.018218133598566055,71.46733093261719,0.7141631841659546,0.05100885406136513,0.0,0.9973699450492859,0.9977561831474304,31.940994262695312,0.7141631841659546,0.05100885406136513,0.0,0.9973699450492859,0.9977561831474304,31.940994262695312
10,1340,40000,71.62911224365234,0.002051906194537878,0.03603476658463478,71.59102630615234,0.7096689939498901,0.6241316199302673,0.0,0.9940853714942932,0.9972701072692871,31.674701690673828,0.7096689939498901,0.6241316199302673,0.0,0.9940853714942932,0.9972701072692871,31.674701690673828
11,1474,40000,71.5830078125,0.001978892832994461,0.03657867759466171,71.54444885253906,0.7146093845367432,0.0835130587220192,0.0,0.9975025653839111,0.9979967474937439,32.00541305541992,0.7146093845367432,0.0835130587220192,0.0,0.9975025653839111,0.9979967474937439,32.00541305541992
12,1608,40000,70.84940338134766,0.0009575869189575315,0.020204678177833557,70.82823944091797,0.707619309425354,0.06630470603704453,0.0,0.9932481646537781,0.9963856935501099,31.776105880737305,0.707619309425354,0.06630470603704453,0.0,0.9932481646537781,0.9963856935501099,31.776105880737305
13,1742,40000,68.82437133789062,0.001036468194797635,0.017622243613004684,68.80570983886719,0.6860817670822144,0.19753456115722656,0.0,0.9819566607475281,0.9894134998321533,31.68768882751465,0.6860817670822144,0.19753456115722656,0.0,0.9819566607475281,0.9894134998321533,31.68768882751465
14,1876,40000,60.17933654785156,0.0009194946032948792,0.02727336809039116,60.15114212036133,0.5755864381790161,2.5924973487854004,0.0,0.9123090505599976,0.9595764875411987,30.30614471435547,0.5755864381790161,2.5924973487854004,0.0,0.9123090505599976,0.9595764875411987,30.30614471435547
15,2010,40000,49.89191818237305,0.001215868047438562,0.02826962247490883,49.86243438720703,0.459277868270874,3.934648036956787,0.0,0.7959252595901489,0.9500191807746887,29.948040008544922,0.459277868270874,3.934648036956787,0.0,0.7959252595901489,0.9500191807746887,29.948040008544922
16,2144,40000,55.53286361694336,0.001432317541912198,0.021773789077997208,55.50965881347656,0.4161657691001892,13.893083572387695,0.0,0.7301119565963745,0.9542489647865295,28.218242645263672,0.4161657691001892,13.893083572387695,0.0,0.7301119565963745,0.9542489647865295,28.218242645263672
17,2278,40000,121.44047546386719,0.0009330518078058958,0.015062171034514904,121.42447662353516,0.7132800221443176,50.096473693847656,0.0,0.9968810677528381,0.9975057244300842,38.88507843017578,0.7132800221443176,50.096473693847656,0.0,0.9968810677528381,0.9975057244300842,38.88507843017578
18,2412,40000,143.35459899902344,0.0006334697245620191,0.018481865525245667,143.33547973632812,0.7126748561859131,72.06798553466797,0.0,0.996634304523468,0.9972456693649292,40.301456451416016,0.7126748561859131,72.06798553466797,0.0,0.996634304523468,0.9972456693649292,40.301456451416016
19,2546,40000,50.13135528564453,0.0006696665077470243,0.027530847117304802,50.103153228759766,0.49619820713996887,0.48333504796028137,0.0,0.8075984716415405,0.9745099544525146,32.06428146362305,0.49619820713996887,0.48333504796028137,0.0,0.8075984716415405,0.9745099544525146,32.06428146362305
20,2680,40000,59.028221130371094,0.0008447857690043747,0.04079154133796692,58.9865837097168,0.5275171995162964,6.23486328125,0.0,0.8417112231254578,0.9765486717224121,34.29322052001953,0.5275171995162964,6.23486328125,0.0,0.8417112231254578,0.9765486717224121,34.29322052001953
21,2814,40000,55.30852127075195,0.000779157446231693,0.01652931235730648,55.29121398925781,0.5190933346748352,3.3818817138671875,0.0,0.8242470026016235,0.9823296070098877,33.61170196533203,0.5190933346748352,3.3818817138671875,0.0,0.8242470026016235,0.9823296070098877,33.61170196533203
22,2948,40000,76.00422668457031,0.0007683092844672501,0.10028662532567978,75.9031753540039,0.3904417157173157,36.859004974365234,0.0,0.6938830018043518,0.9514294862747192,25.847183227539062,0.3904417157173157,36.859004974365234,0.0,0.6938830018043518,0.9514294862747192,25.847183227539062
23,3082,40000,60.60968017578125,0.0007455194718204439,0.02345169335603714,60.58548355102539,0.37342143058776855,23.24333953857422,0.0,0.6991183757781982,0.9328691959381104,27.089096069335938,0.37342143058776855,23.24333953857422,0.0,0.6991183757781982,0.9328691959381104,27.089096069335938
24,3216,40000,116.95784759521484,0.0007718916749581695,0.020522696897387505,116.93655395507812,0.2802836000919342,88.90819549560547,0.0,0.5872960090637207,0.8951805830001831,22.512861251831055,0.2802836000919342,88.90819549560547,0.0,0.5872960090637207,0.8951805830001831,22.512861251831055
25,3350,40000,55.43148422241211,0.0008159935241565108,0.019367855042219162,55.41130065917969,0.36283811926841736,19.127487182617188,0.0,0.6732454895973206,0.936819314956665,27.50330352783203,0.36283811926841736,19.127487182617188,0.0,0.6732454895973206,0.936819314956665,27.50330352783203
26,3484,40000,106.9577865600586,0.0005546238389797509,0.021899351850152016,106.93533325195312,0.29083502292633057,77.8518295288086,0.0,0.5792179703712463,0.9086412787437439,23.03924560546875,0.29083502292633057,77.8518295288086,0.0,0.5792179703712463,0.9086412787437439,23.03924560546875
27,3618,40000,128.6522979736328,0.0005666058277711272,0.011470629833638668,128.6402587890625,0.7117735147476196,57.462913513183594,0.0,0.9962793588638306,0.9968454241752625,39.39366912841797,0.7117735147476196,57.462913513183594,0.0,0.9962793588638306,0.9968454241752625,39.39366912841797
28,3752,40000,48.72187042236328,0.0008905674330890179,0.03313436731696129,48.68784713745117,0.45641690492630005,3.046156644821167,0.0,0.7654461860656738,0.9682129621505737,30.1071834564209,0.45641690492630005,3.046156644821167,0.0,0.7654461860656738,0.9682129621505737,30.1071834564209
29,3886,40000,66.8006591796875,0.000770539219956845,0.023818477988243103,66.77606964111328,0.3432132303714752,32.45474624633789,0.0,0.6446475386619568,0.9323164820671082,26.21368408203125,0.3432132303714752,32.45474624633789,0.0,0.6446475386619568,0.9323164820671082,26.21368408203125
30,4020,40000,157.3974609375,0.00042381539242342114,0.017088377848267555,157.37994384765625,0.7118896245956421,86.19098663330078,0.0,0.996425211429596,0.9967970252037048,41.09596252441406,0.7118896245956421,86.19098663330078,0.0,0.996425211429596,0.9967970252037048,41.09596252441406
31,4154,40000,55.438594818115234,0.0006489044171757996,0.010608132928609848,55.427337646484375,0.3714882731437683,18.27850914001465,0.0,0.672003448009491,0.9454377889633179,27.701858520507812,0.3714882731437683,18.27850914001465,0.0,0.672003448009491,0.9454377889633179,27.701858520507812
32,4288,40000,47.21906280517578,0.0006312565528787673,0.012971557676792145,47.20545959472656,0.46673068404197693,0.5323900580406189,0.0,0.776695191860199,0.9699398279190063,31.867385864257812,0.46673068404197693,0.5323900580406189,0.0,0.776695191860199,0.9699398279190063,31.867385864257812
33,4422,40000,119.88739776611328,0.0004821656330022961,0.00946868397295475,119.87744903564453,0.7119783163070679,48.67961883544922,0.0,0.9963495135307312,0.9969469904899597,38.78773498535156,0.7119783163070679,48.67961883544922,0.0,0.9963495135307312,0.9969469904899597,38.78773498535156
34,4556,40000,140.84332275390625,0.0005853440961800516,0.01645812764763832,140.82627868652344,0.7105123996734619,69.77503967285156,0.0,0.995848536491394,0.9962188005447388,40.166900634765625,0.7105123996734619,69.77503967285156,0.0,0.995848536491394,0.9962188005447388,40.166900634765625
35,4690,40000,99.03887939453125,0.0007863528444431722,0.017570897936820984,99.02052307128906,0.26014652848243713,73.00586700439453,0.0,0.5646470785140991,0.8827399611473083,23.324872970581055,0.26014652848243713,73.00586700439453,0.0,0.5646470785140991,0.8827399611473083,23.324872970581055
36,4824,40000,52.44121551513672,0.0007297168485820293,0.014720771461725235,52.42576599121094,0.3959523141384125,12.830535888671875,0.0,0.7073054313659668,0.9491044878959656,28.318803787231445,0.3959523141384125,12.830535888671875,0.0,0.7073054313659668,0.9491044878959656,28.318803787231445
37,4958,40000,108.47459411621094,0.0006487481878139079,0.013556968420743942,108.46038818359375,0.7129651308059692,37.16386795043945,0.0,0.9967533349990845,0.997369647026062,37.90653610229492,0.7129651308059692,37.16386795043945,0.0,0.9967533349990845,0.997369647026062,37.90653610229492
38,5092,40000,57.27952194213867,0.0004142065590713173,0.016039693728089333,57.26306915283203,0.5491117835044861,2.3518896102905273,0.0,0.852279543876648,0.9869880676269531,33.28106689453125,0.5491117835044861,2.3518896102905273,0.0,0.852279543876648,0.9869880676269531,33.28106689453125
39,5226,40000,62.999298095703125,0.0006190116400830448,0.015768859535455704,62.98291015625,0.38915130496025085,24.067777633666992,0.0,0.690514326095581,0.9520441889762878,26.983850479125977,0.38915130496025085,24.067777633666992,0.0,0.690514326095581,0.9520441889762878,26.983850479125977
40,5360,40000,69.76814270019531,0.0005264770006760955,0.023388629779219627,69.74422454833984,0.3908070921897888,30.66351890563965,0.0,0.6975839734077454,0.9497734308242798,26.318227767944336,0.3908070921897888,30.66351890563965,0.0,0.6975839734077454,0.9497734308242798,26.318227767944336
41,5494,40000,51.22188186645508,0.0008380163344554603,0.016127711161971092,51.204917907714844,0.5057326555252075,0.6316530704498291,0.0,0.8256205320358276,0.9697191119194031,32.165809631347656,0.5057326555252075,0.6316530704498291,0.0,0.8256205320358276,0.9697191119194031,32.165809631347656
42,5628,40000,73.88514709472656,0.0006311568431556225,0.036113496869802475,73.84840393066406,0.34851008653640747,38.99739074707031,0.0,0.6557121872901917,0.932091474533081,25.666004180908203,0.34851008653640747,38.99739074707031,0.0,0.6557121872901917,0.932091474533081,25.666004180908203
43,5762,40000,127.29023742675781,0.0005909166065976024,0.01485529262572527,127.27478790283203,0.7110544443130493,56.169342041015625,0.0,0.9959332346916199,0.9965887069702148,39.30146789550781,0.7110544443130493,56.169342041015625,0.0,0.9959332346916199,0.9965887069702148,39.30146789550781
44,5896,40000,50.570308685302734,0.0005293696303851902,0.07997092604637146,50.48980712890625,0.394871324300766,11.002676010131836,0.0,0.715013325214386,0.9437259435653687,28.554563522338867,0.394871324300766,11.002676010131836,0.0,0.715013325214386,0.9437259435653687,28.554563522338867
45,6030,40000,55.58758544921875,0.0005388850113376975,0.009821558371186256,55.57722473144531,0.5343128442764282,2.145937919616699,0.0,0.8448106646537781,0.9800485372543335,33.19981384277344,0.5343128442764282,2.145937919616699,0.0,0.8448106646537781,0.9800485372543335,33.19981384277344
46,6164,40000,138.93402099609375,0.0004351444949861616,0.013021038845181465,138.92056274414062,0.711559534072876,67.76461791992188,0.0,0.9962875843048096,0.9966578483581543,40.04197692871094,0.711559534072876,67.76461791992188,0.0,0.9962875843048096,0.9966578483581543,40.04197692871094
47,6298,40000,127.90760803222656,0.00036183622432872653,0.0145304249599576,127.89271545410156,0.7108023166656494,56.81248474121094,0.0,0.9959778785705566,0.9963326454162598,39.34972381591797,0.7108023166656494,56.81248474121094,0.0,0.9959778785705566,0.9963326454162598,39.34972381591797
48,6432,40000,50.32876205444336,0.0004667244211304933,0.02107197977602482,50.30722427368164,0.4924905300140381,1.0581687688827515,0.0,0.8094181418418884,0.9699712991714478,32.67335891723633,0.4924905300140381,1.0581687688827515,0.0,0.8094181418418884,0.9699712991714478,32.67335891723633
49,6566,40000,64.31053161621094,0.0005026462604291737,0.01167747750878334,64.29835510253906,0.36290043592453003,28.008310317993164,0.0,0.6604700684547424,0.9431903958320618,26.619274139404297,0.36290043592453003,28.008310317993164,0.0,0.6604700684547424,0.9431903958320618,26.619274139404297
50,6700,40000,47.41980743408203,0.00095795386005193,0.010800465010106564,47.408050537109375,0.4218659996986389,5.22144889831543,0.0,0.7379148602485657,0.9546886682510376,29.56835174560547,0.4218659996986389,5.22144889831543,0.0,0.7379148602485657,0.9546886682510376,29.56835174560547
51,6834,40000,53.63703536987305,0.0005866193096153438,0.016041535884141922,53.62040710449219,0.46494704484939575,7.125703811645508,0.0,0.767902135848999,0.9741036891937256,29.174161911010742,0.46494704484939575,7.125703811645508,0.0,0.767902135848999,0.9741036891937256,29.174161911010742
52,6968,40000,53.69160079956055,0.0004464906523935497,0.01644086465239525,53.674713134765625,0.5169514417648315,1.9795674085617065,0.0,0.8324854373931885,0.9743760228157043,32.92863845825195,0.5169514417648315,1.9795674085617065,0.0,0.8324854373931885,0.9743760228157043,32.92863845825195
53,7102,40000,54.39828109741211,0.0005643395707011223,0.013049826957285404,54.384666442871094,0.5360592007637024,0.7787492871284485,0.0,0.8469239473342896,0.979929506778717,32.60855484008789,0.5360592007637024,0.7787492871284485,0.0,0.8469239473342896,0.979929506778717,32.60855484008789
54,7236,40000,51.008018493652344,0.0005080261616967618,0.013329381123185158,50.99418258666992,0.5031196475028992,0.6822150945663452,0.0,0.8106456995010376,0.9783509373664856,31.470022201538086,0.5031196475028992,0.6822150945663452,0.0,0.8106456995010376,0.9783509373664856,31.470022201538086
55,7370,40000,128.2436065673828,0.0004904690431430936,0.009314974769949913,128.23379516601562,0.7107083797454834,57.162960052490234,0.0,0.9959100484848022,0.9963217377662659,39.37152099609375,0.7107083797454834,57.162960052490234,0.0,0.9959100484848022,0.9963217377662659,39.37152099609375
56,7504,40000,100.88908386230469,0.0005775263416580856,0.010724339634180069,100.8777847290039,0.7099472284317017,29.8830623626709,0.0,0.9956443309783936,0.9959487915039062,37.267189025878906,0.7099472284317017,29.8830623626709,0.0,0.9956443309783936,0.9959487915039062,37.267189025878906
57,7638,40000,45.771705627441406,0.0003608261176850647,0.011430471204221249,45.75991439819336,0.4224116802215576,3.5187466144561768,0.0,0.7322455048561096,0.9585915803909302,30.038192749023438,0.4224116802215576,3.5187466144561768,0.0,0.7322455048561096,0.9585915803909302,30.038192749023438
58,7772,40000,56.84921646118164,0.0004111416928935796,0.014567763544619083,56.83423614501953,0.5542028546333313,1.4139503240585327,0.0,0.8586016893386841,0.9864190816879272,32.95659255981445,0.5542028546333313,1.4139503240585327,0.0,0.8586016893386841,0.9864190816879272,32.95659255981445
59,7906,40000,127.63349151611328,0.0005346808466129005,0.01711093820631504,127.6158447265625,0.7102229595184326,56.59355163574219,0.0,0.9957042336463928,0.9961203932762146,39.33320236206055,0.7102229595184326,56.59355163574219,0.0,0.9957042336463928,0.9961203932762146,39.33320236206055
60,8040,40000,109.56978607177734,0.0003666929551400244,0.015605169348418713,109.55381774902344,0.710121750831604,38.54164123535156,0.0,0.9957872033119202,0.9959525465965271,38.019432067871094,0.710121750831604,38.54164123535156,0.0,0.9957872033119202,0.9959525465965271,38.019432067871094
61,8174,40000,76.76460266113281,0.0006870790384709835,0.01437042560428381,76.74954223632812,0.3691085875034332,39.838687896728516,0.0,0.6745514869689941,0.9419687390327454,25.524404525756836,0.3691085875034332,39.838687896728516,0.0,0.6745514869689941,0.9419687390327454,25.524404525756836
62,8308,40000,50.938331604003906,0.00042988191125914454,0.014109868556261063,50.923789978027344,0.5023122429847717,0.6925653219223022,0.0,0.8166016340255737,0.9733719229698181,31.70761489868164,0.5023122429847717,0.6925653219223022,0.0,0.8166016340255737,0.9733719229698181,31.70761489868164
63,8442,40000,67.11741638183594,0.0008795859757810831,0.039964526891708374,67.07656860351562,0.3815792500972748,28.91864585876465,0.0,0.6868914365768433,0.9470580816268921,26.459386825561523,0.3815792500972748,28.91864585876465,0.0,0.6868914365768433,0.9470580816268921,26.459386825561523
64,8576,40000,55.383567810058594,0.0004861692723352462,0.013714849017560482,55.36936569213867,0.5335043668746948,2.018927812576294,0.0,0.8533883094787598,0.9726634621620178,33.03746795654297,0.5335043668746948,2.018927812576294,0.0,0.8533883094787598,0.9726634621620178,33.03746795654297
65,8710,40000,137.8737335205078,0.0006465191254392266,0.009103856980800629,137.86398315429688,0.7096107006072998,66.90292358398438,0.0,0.9956309199333191,0.9956798553466797,39.98970413208008,0.7096107006072998,66.90292358398438,0.0,0.9956309199333191,0.9956798553466797,39.98970413208008
66,8844,40000,56.17189025878906,0.0004466002865228802,0.01185048557817936,56.15959167480469,0.42982611060142517,13.176980972290039,0.0,0.7241973280906677,0.9698440432548523,28.228822708129883,0.42982611060142517,13.176980972290039,0.0,0.7241973280906677,0.9698440432548523,28.228822708129883
67,8978,40000,59.1118278503418,0.0006282766698859632,0.04253973811864853,59.068660736083984,0.555400550365448,3.5286054611206055,0.0,0.8595941662788391,0.9866632223129272,33.66333770751953,0.555400550365448,3.5286054611206055,0.0,0.8595941662788391,0.9866632223129272,33.66333770751953
68,9112,40000,133.60653686523438,0.0005867377622053027,0.011505480855703354,133.59445190429688,0.7091770172119141,62.6767578125,0.0,0.9953696131706238,0.9955771565437317,39.7281379699707,0.7091770172119141,62.6767578125,0.0,0.9953696131706238,0.9955771565437317,39.7281379699707
69,9246,40000,46.09373092651367,0.00055311358300969,0.01334035862237215,46.079837799072266,0.4398093819618225,2.098900556564331,0.0,0.7509745955467224,0.9626955389976501,30.430614471435547,0.4398093819618225,2.098900556564331,0.0,0.7509745955467224,0.9626955389976501,30.430614471435547
70,9380,40000,51.37617492675781,0.0005321141215972602,0.014145302586257458,51.36149597167969,0.47991275787353516,3.3702192306518555,0.0,0.7800167798995972,0.9792236685752869,30.028470993041992,0.47991275787353516,3.3702192306518555,0.0,0.7800167798995972,0.9792236685752869,30.028470993041992
71,9514,40000,53.975860595703125,0.0003664017713163048,0.011404972523450851,53.964088439941406,0.4071641266345978,13.24767780303955,0.0,0.7241966128349304,0.9496005177497864,28.23630142211914,0.4071641266345978,13.24767780303955,0.0,0.7241966128349304,0.9496005177497864,28.23630142211914
72,9648,40000,65.48114013671875,0.00039234154974110425,0.01328333094716072,65.46746826171875,0.35695570707321167,29.771900177001953,0.0,0.649713933467865,0.9427694082260132,26.409116744995117,0.35695570707321167,29.771900177001953,0.0,0.649713933467865,0.9427694082260132,26.409116744995117
73,9782,40000,57.51296615600586,0.0003844100865535438,0.011902200989425182,57.50067901611328,0.5378696918487549,3.7137112617492676,0.0,0.8378801941871643,0.988328754901886,33.705894470214844,0.5378696918487549,3.7137112617492676,0.0,0.8378801941871643,0.988328754901886,33.705894470214844
74,9916,40000,56.976966857910156,0.0004673228831961751,0.02000392973423004,56.95649719238281,0.5291897654533386,4.03752326965332,0.0,0.8403738737106323,0.9790169596672058,33.80015563964844,0.5291897654533386,4.03752326965332,0.0,0.8403738737106323,0.9790169596672058,33.80015563964844
75,10050,40000,56.32455825805664,0.00046935168211348355,0.00991328340023756,56.31417465209961,0.5394457578659058,2.369598150253296,0.0,0.844471275806427,0.9847145676612854,33.290733337402344,0.5394457578659058,2.369598150253296,0.0,0.844471275806427,0.9847145676612854,33.290733337402344
76,10184,40000,148.10726928710938,0.0004541733942460269,0.007633931469172239,148.09918212890625,0.7093914151191711,77.1600341796875,0.0,0.9955070614814758,0.9956196546554565,40.59468078613281,0.7093914151191711,77.1600341796875,0.0,0.9955070614814758,0.9956196546554565,40.59468078613281
77,10318,40000,56.54790496826172,0.00043178253690712154,0.015401294454932213,56.53207015991211,0.4071125090122223,15.820818901062012,0.0,0.6994339227676392,0.9634286165237427,27.877883911132812,0.4071125090122223,15.820818901062012,0.0,0.6994339227676392,0.9634286165237427,27.877883911132812
78,10452,40000,51.76194763183594,0.0003971651312895119,0.017258428037166595,51.744293212890625,0.5058226585388184,1.1620268821716309,0.0,0.8091232180595398,0.9817566871643066,32.69272232055664,0.5058226585388184,1.1620268821716309,0.0,0.8091232180595398,0.9817566871643066,32.69272232055664
79,10586,40000,59.20676040649414,0.00042592675890773535,0.017821181565523148,59.188514709472656,0.5376627445220947,5.4222412109375,0.0,0.8440459370613098,0.983511745929718,34.11985778808594,0.5376627445220947,5.4222412109375,0.0,0.8440459370613098,0.983511745929718,34.11985778808594
80,10720,40000,85.75921630859375,0.0003823033766821027,0.01174596231430769,85.74708557128906,0.34524425864219666,51.222660064697266,0.0,0.6356269717216492,0.9382603168487549,24.6966552734375,0.34524425864219666,51.222660064697266,0.0,0.6356269717216492,0.9382603168487549,24.6966552734375
81,10854,40000,50.77358627319336,0.0004330567317083478,0.016416234895586967,50.756736755371094,0.5030332803726196,0.45340728759765625,0.0,0.8095728158950806,0.9790365695953369,31.477638244628906,0.5030332803726196,0.45340728759765625,0.0,0.8095728158950806,0.9790365695953369,31.477638244628906
82,10988,40000,53.79629135131836,0.0004710465727839619,0.015130331739783287,53.78068923950195,0.5262097120285034,1.1597168445587158,0.0,0.8298801183700562,0.9843054413795471,32.7238883972168,0.5262097120285034,1.1597168445587158,0.0,0.8298801183700562,0.9843054413795471,32.7238883972168
83,11122,40000,59.19386672973633,0.0006710562738589942,0.012410230934619904,59.1807861328125,0.36822283267974854,22.358501434326172,0.0,0.6572152376174927,0.9496027231216431,27.16739273071289,0.36822283267974854,22.358501434326172,0.0,0.6572152376174927,0.9496027231216431,27.16739273071289
84,11256,40000,61.354244232177734,0.0005415155319496989,0.024741455912590027,61.32896041870117,0.5186228156089783,9.46667766571045,0.0,0.8309035301208496,0.9770138263702393,34.805091857910156,0.5186228156089783,9.46667766571045,0.0,0.8309035301208496,0.9770138263702393,34.805091857910156
85,11390,40000,58.9800910949707,0.0003984450304415077,0.011423532851040363,58.96826934814453,0.3622744083404541,22.740827560424805,0.0,0.6515406370162964,0.9468105435371399,27.084701538085938,0.3622744083404541,22.740827560424805,0.0,0.6515406370162964,0.9468105435371399,27.084701538085938
86,11524,40000,45.60873031616211,0.0005840594531036913,0.012195833027362823,45.595951080322266,0.40457236766815186,5.138713359832764,0.0,0.7089765071868896,0.9559729695320129,29.659608840942383,0.40457236766815186,5.138713359832764,0.0,0.7089765071868896,0.9559729695320129,29.659608840942383
87,11658,40000,47.22594451904297,0.0005756102618761361,0.018308330327272415,47.207061767578125,0.3907388746738434,8.133174896240234,0.0,0.6881760954856873,0.9547011852264404,29.015300750732422,0.3907388746738434,8.133174896240234,0.0,0.6881760954856873,0.9547011852264404,29.015300750732422
88,11792,40000,50.69325256347656,0.00037094776052981615,0.02177910879254341,50.67110061645508,0.5025637149810791,0.41473162174224854,0.0,0.8093044757843018,0.9788208603858948,31.84146499633789,0.5025637149810791,0.41473162174224854,0.0,0.8093044757843018,0.9788208603858948,31.84146499633789
89,11926,40000,49.15480041503906,0.00046512097469531,0.01177514810115099,49.14255905151367,0.4132270812988281,7.819850444793701,0.0,0.7078595161437988,0.9643134474754333,29.128915786743164,0.4132270812988281,7.819850444793701,0.0,0.7078595161437988,0.9643134474754333,29.128915786743164
90,12060,40000,56.713069915771484,0.0004633571079466492,0.010411104187369347,56.70219421386719,0.5206955075263977,4.632644176483154,0.0,0.8179674744606018,0.9882165789604187,33.92747116088867,0.5206955075263977,4.632644176483154,0.0,0.8179674744606018,0.9882165789604187,33.92747116088867
91,12194,40000,51.57345962524414,0.0003500655584502965,0.017227167263627052,51.55588150024414,0.401480108499527,11.40787124633789,0.0,0.7012962102890015,0.9574053287506104,28.487939834594727,0.401480108499527,11.40787124633789,0.0,0.7012962102890015,0.9574053287506104,28.487939834594727
92,12328,40000,47.96280288696289,0.0003807927714660764,0.010774999856948853,47.9516487121582,0.4127176105976105,6.679885387420654,0.0,0.7169244885444641,0.9588170051574707,29.273496627807617,0.4127176105976105,6.679885387420654,0.0,0.7169244885444641,0.9588170051574707,29.273496627807617
93,12462,40000,63.29582977294922,0.0004129392618779093,0.018899226561188698,63.27651596069336,0.5457834005355835,8.6981782913208,0.0,0.847625195980072,0.987720251083374,34.7452507019043,0.5457834005355835,8.6981782913208,0.0,0.847625195980072,0.987720251083374,34.7452507019043
94,12596,40000,47.84065628051758,0.00046996722812764347,0.012387157417833805,47.82780075073242,0.4572939872741699,2.098400592803955,0.0,0.7582278251647949,0.9735563397407532,30.463035583496094,0.4572939872741699,2.098400592803955,0.0,0.7582278251647949,0.9735563397407532,30.463035583496094
95,12730,40000,57.26777648925781,0.0004204851284157485,0.019112201407551765,57.24824523925781,0.3902769386768341,18.220552444458008,0.0,0.6915448904037476,0.9525201916694641,27.574064254760742,0.3902769386768341,18.220552444458008,0.0,0.6915448904037476,0.9525201916694641,27.574064254760742
96,12864,40000,52.45188522338867,0.0003598724433686584,0.009037288837134838,52.44248962402344,0.5161703824996948,0.8254508376121521,0.0,0.8248065114021301,0.9794046878814697,32.59016418457031,0.5161703824996948,0.8254508376121521,0.0,0.8248065114021301,0.9794046878814697,32.59016418457031
97,12998,40000,50.732051849365234,0.00032269145594909787,0.00935273990035057,50.72237777709961,0.4893215298652649,1.7902255058288574,0.0,0.8026811480522156,0.9719873070716858,33.1021728515625,0.4893215298652649,1.7902255058288574,0.0,0.8026811480522156,0.9719873070716858,33.1021728515625
98,13132,40000,76.92451477050781,0.000474494241643697,0.019768856465816498,76.9042739868164,0.33682581782341003,43.2216911315918,0.0,0.6217280030250549,0.9363417625427246,25.26592445373535,0.33682581782341003,43.2216911315918,0.0,0.6217280030250549,0.9363417625427246,25.26592445373535
99,13266,40000,155.98654174804688,0.0003802543506026268,0.012185411527752876,155.97396850585938,0.7033616304397583,85.6377944946289,0.0,0.9930284023284912,0.9930252432823181,41.05123519897461,0.7033616304397583,85.6377944946289,0.0,0.9930284023284912,0.9930252432823181,41.05123519897461
100,13400,40000,51.31423568725586,0.0003702742687892169,0.00776011822745204,51.30610656738281,0.5034166574478149,0.9644397497177124,0.0,0.8215480446815491,0.9707135558128357,32.485103607177734,0.5034166574478149,0.9644397497177124,0.0,0.8215480446815491,0.9707135558128357,32.485103607177734
101,13534,40000,51.55708694458008,0.000448692066129297,0.011381195858120918,51.545257568359375,0.49986469745635986,1.5587897300720215,0.0,0.8278101086616516,0.962888240814209,32.997554779052734,0.49986469745635986,1.5587897300720215,0.0,0.8278101086616516,0.962888240814209,32.997554779052734
102,13668,40000,123.36221313476562,0.000493246887344867,0.01182013750076294,123.34989929199219,0.6970343589782715,53.64646530151367,0.0,0.9905072450637817,0.990199625492096,39.124610900878906,0.6970343589782715,53.64646530151367,0.0,0.9905072450637817,0.990199625492096,39.124610900878906
103,13802,40000,114.17970275878906,0.0007371798274107277,0.022774718701839447,114.15618896484375,0.27925077080726624,86.23110961914062,0.0,0.5715762376785278,0.8998123407363892,22.558889389038086,0.27925077080726624,86.23110961914062,0.0,0.5715762376785278,0.8998123407363892,22.558889389038086
104,13936,40000,56.15510177612305,0.0005006985156796873,0.009732795879244804,56.144866943359375,0.37209028005599976,18.93583869934082,0.0,0.6816278100013733,0.9410878419876099,27.548625946044922,0.37209028005599976,18.93583869934082,0.0,0.6816278100013733,0.9410878419876099,27.548625946044922
105,14070,40000,59.16016387939453,0.0007456285529769957,0.014857194386422634,59.144561767578125,0.36323079466819763,22.821483612060547,0.0,0.6760016083717346,0.9357740879058838,27.078392028808594,0.36323079466819763,22.821483612060547,0.0,0.6760016083717346,0.9357740879058838,27.078392028808594
106,14204,40000,108.80435180664062,0.00047495364560745656,0.009083781391382217,108.79479217529297,0.6567910313606262,43.115692138671875,0.0,0.9739825129508972,0.9721320867538452,38.29507827758789,0.6567910313606262,43.115692138671875,0.0,0.9739825129508972,0.9721320867538452,38.29507827758789
107,14338,40000,42.512474060058594,0.0004293163074180484,0.0174334105104208,42.49460983276367,0.3784328103065491,4.651327610015869,0.0,0.7227063775062561,0.9237303137779236,29.876615524291992,0.3784328103065491,4.651327610015869,0.0,0.7227063775062561,0.9237303137779236,29.876615524291992
108,14472,40000,40.8131103515625,0.00045402292744256556,0.008748921565711498,40.80390930175781,0.3797496557235718,2.8289437294006348,0.0,0.767827033996582,0.8944218158721924,32.529178619384766,0.3797496557235718,2.8289437294006348,0.0,0.767827033996582,0.8944218158721924,32.529178619384766
109,14606,40000,61.845497131347656,0.00033200677717104554,0.0120828403159976,61.83308410644531,0.17772012948989868,44.061073303222656,0.0,0.5633623600006104,0.7886294722557068,25.376489639282227,0.17772012948989868,44.061073303222656,0.0,0.5633623600006104,0.7886294722557068,25.376489639282227
110,14740,40000,21.75040054321289,0.0004892989527434111,0.013198303058743477,21.736713409423828,0.122165247797966,9.520187377929688,0.0,0.6074531674385071,0.681297779083252,33.56928634643555,0.122165247797966,9.520187377929688,0.0,0.6074531674385071,0.681297779083252,33.56928634643555
111,14874,40000,10.68703556060791,0.00040036917198449373,0.00837637297809124,10.678258895874023,0.03417195379734039,7.261064052581787,0.0,0.5246803164482117,0.5364799499511719,31.85279083251953,0.03417195379734039,7.261064052581787,0.0,0.5246803164482117,0.5364799499511719,31.85279083251953
112,15008,40000,10.749353408813477,0.0004847742384299636,0.009783439338207245,10.73908519744873,0.01795426569879055,8.943658828735352,0.0,0.497603178024292,0.49180352687835693,32.16985321044922,0.01795426569879055,8.943658828735352,0.0,0.497603178024292,0.49180352687835693,32.16985321044922
113,15142,40000,12.064902305603027,0.0003087824152316898,0.015411478467285633,12.049181938171387,0.007474095094949007,11.301772117614746,0.0,0.45545893907546997,0.4663204550743103,30.315689086914062,0.007474095094949007,11.301772117614746,0.0,0.45545893907546997,0.4663204550743103,30.315689086914062
114,15276,40000,9.354044914245605,0.0003880253934767097,0.007333508227020502,9.346323013305664,0.007202249951660633,8.626097679138184,0.0,0.46452122926712036,0.4551295042037964,31.781625747680664,0.007202249951660633,8.626097679138184,0.0,0.46452122926712036,0.4551295042037964,31.781625747680664
115,15410,40000,10.961161613464355,0.0004939936334267259,0.014782526530325413,10.945884704589844,0.017537906765937805,9.192093849182129,0.0,0.4970524311065674,0.4901040196418762,33.020530700683594,0.017537906765937805,9.192093849182129,0.0,0.4970524311065674,0.4901040196418762,33.020530700683594
116,15544,40000,9.741110801696777,0.0003700007509905845,0.011949182488024235,9.728791236877441,0.012813164852559566,8.447474479675293,0.0,0.48398682475090027,0.475890576839447,32.271175384521484,0.012813164852559566,8.447474479675293,0.0,0.48398682475090027,0.475890576839447,32.271175384521484
117,15678,40000,10.322535514831543,0.00036851275945082307,0.00942153949290514,10.312745094299316,0.004860924556851387,9.826652526855469,0.0,0.4516948163509369,0.4467821717262268,30.251663208007812,0.004860924556851387,9.826652526855469,0.0,0.4516948163509369,0.4467821717262268,30.251663208007812
118,15812,40000,9.014164924621582,0.0005763010121881962,0.013567541725933552,9.000020980834961,0.006732901558279991,8.326730728149414,0.0,0.47009772062301636,0.44265222549438477,30.85797119140625,0.006732901558279991,8.326730728149414,0.0,0.47009772062301636,0.44265222549438477,30.85797119140625
119,15946,40000,9.671268463134766,0.0006830833735875785,0.01142971869558096,9.65915584564209,0.013162086717784405,8.342947006225586,0.0,0.49060919880867004,0.470370888710022,32.6813850402832,0.013162086717784405,8.342947006225586,0.0,0.49060919880867004,0.470370888710022,32.6813850402832
120,16080,40000,13.546762466430664,0.0003646451514214277,0.016810569912195206,13.529586791992188,0.019531218335032463,11.576464653015137,0.0,0.5090532302856445,0.487399160861969,33.77063751220703,0.019531218335032463,11.576464653015137,0.0,0.5090532302856445,0.487399160861969,33.77063751220703
121,16214,40000,7.050954341888428,0.00032526676659472287,0.009697657078504562,7.040931224822998,0.005901622585952282,6.450768947601318,0.0,0.46288245916366577,0.4441295862197876,31.112276077270508,0.005901622585952282,6.450768947601318,0.0,0.46288245916366577,0.4441295862197876,31.112276077270508
122,16348,40000,14.597003936767578,0.0006994569557718933,0.010064198635518551,14.5862398147583,0.023369137197732925,12.2493257522583,0.0,0.517687976360321,0.4975637197494507,33.90263366699219,0.023369137197732925,12.2493257522583,0.0,0.517687976360321,0.4975637197494507,33.90263366699219
123,16482,40000,17.073116302490234,0.00039574087713845074,0.011195424944162369,17.061525344848633,0.021246660500764847,14.936859130859375,0.0,0.5123434662818909,0.4928741455078125,34.173309326171875,0.021246660500764847,14.936859130859375,0.0,0.5123434662818909,0.4928741455078125,34.173309326171875
124,16616,40000,5.809701919555664,0.00038075074553489685,0.012847194448113441,5.796473979949951,0.005815172102302313,5.214956760406494,0.0,0.4631982445716858,0.44267499446868896,31.285253524780273,0.005815172102302313,5.214956760406494,0.0,0.4631982445716858,0.44267499446868896,31.285253524780273
125,16750,40000,8.431503295898438,0.00045151711674407125,0.010909532196819782,8.42014217376709,0.01388351246714592,7.0317912101745605,0.0,0.49290746450424194,0.4724687337875366,32.317901611328125,0.01388351246714592,7.0317912101745605,0.0,0.49290746450424194,0.4724687337875366,32.317901611328125
126,16884,40000,7.2156901359558105,0.0006216299952939153,0.008022005669772625,7.2070465087890625,0.008595101535320282,6.347536563873291,0.0,0.47760114073753357,0.45072638988494873,32.200321197509766,0.008595101535320282,6.347536563873291,0.0,0.47760114073753357,0.45072638988494873,32.200321197509766
127,17018,40000,5.8106608390808105,0.0004508169658947736,0.009168127551674843,5.801042079925537,0.005805595312267542,5.220482349395752,0.0,0.4649873971939087,0.43977731466293335,31.39004135131836,0.005805595312267542,5.220482349395752,0.0,0.4649873971939087,0.43977731466293335,31.39004135131836
128,17152,40000,9.643072128295898,0.0002999568823724985,0.011409695260226727,9.631362915039062,0.0013857664307579398,9.492786407470703,0.0,0.4363723397254944,0.40792590379714966,30.012622833251953,0.0013857664307579398,9.492786407470703,0.0,0.4363723397254944,0.40792590379714966,30.012622833251953
129,17286,40000,6.459044456481934,0.0007134845363907516,0.012719026766717434,6.445611953735352,0.004054599441587925,6.040152072906494,0.0,0.4562496244907379,0.42984259128570557,31.1723575592041,0.004054599441587925,6.040152072906494,0.0,0.4562496244907379,0.42984259128570557,31.1723575592041
130,17420,40000,16.119550704956055,0.0004927707486785948,0.012372628785669804,16.106685638427734,0.016684163361787796,14.438268661499023,0.0,0.4961842894554138,0.4862133860588074,34.51084899902344,0.016684163361787796,14.438268661499023,0.0,0.4961842894554138,0.4862133860588074,34.51084899902344
131,17554,40000,10.338600158691406,0.0004750413354486227,0.011918152682483196,10.326207160949707,0.011195046827197075,9.20670223236084,0.0,0.48471570014953613,0.463390052318573,32.830074310302734,0.011195046827197075,9.20670223236084,0.0,0.48471570014953613,0.463390052318573,32.830074310302734
132,17688,40000,6.92611026763916,0.0004210514307487756,0.011631709523499012,6.914057731628418,0.004905484616756439,6.423509120941162,0.0,0.4611964523792267,0.4340658187866211,30.976198196411133,0.004905484616756439,6.423509120941162,0.0,0.4611964523792267,0.4340658187866211,30.976198196411133
133,17822,40000,6.823834419250488,0.0005775197059847414,0.019274944439530373,6.803981781005859,0.0068087526597082615,6.123106479644775,0.0,0.46413636207580566,0.4519160985946655,32.115333557128906,0.0068087526597082615,6.123106479644775,0.0,0.46413636207580566,0.4519160985946655,32.115333557128906
134,17956,40000,9.266721725463867,0.000421485718106851,0.012922681868076324,9.253377914428711,0.01116655208170414,8.136722564697266,0.0,0.48242446780204773,0.46612685918807983,32.915470123291016,0.01116655208170414,8.136722564697266,0.0,0.48242446780204773,0.46612685918807983,32.915470123291016
135,18090,40000,10.153663635253906,0.0004529977450147271,0.008543737232685089,10.14466667175293,0.00850994884967804,9.293671607971191,0.0,0.47296497225761414,0.45644521713256836,32.66825485229492,0.00850994884967804,9.293671607971191,0.0,0.47296497225761414,0.45644521713256836,32.66825485229492
136,18224,40000,9.036492347717285,0.00039571375236846507,0.008727798238396645,9.027368545532227,0.007954282686114311,8.231940269470215,0.0,0.470213919878006,0.4549935460090637,32.2598762512207,0.007954282686114311,8.231940269470215,0.0,0.470213919878006,0.4549935460090637,32.2598762512207
137,18358,40000,9.580219268798828,0.0004131180758122355,0.00794793851673603,9.571858406066895,0.012839972972869873,8.287860870361328,0.0,0.4884544014930725,0.470822274684906,33.52842330932617,0.012839972972869873,8.287860870361328,0.0,0.4884544014930725,0.470822274684906,33.52842330932617
138,18492,40000,8.395905494689941,0.0007168418960645795,0.015470054931938648,8.379718780517578,0.0036314211320132017,8.016576766967773,0.0,0.44417715072631836,0.44098538160324097,30.143068313598633,0.0036314211320132017,8.016576766967773,0.0,0.44417715072631836,0.44098538160324097,30.143068313598633
139,18626,40000,10.91974925994873,0.00040665685082785785,0.008960486389696598,10.910382270812988,0.01500652451068163,9.409729957580566,0.0,0.5005437731742859,0.46998196840286255,33.380558013916016,0.01500652451068163,9.409729957580566,0.0,0.5005437731742859,0.46998196840286255,33.380558013916016
140,18760,40000,8.139016151428223,0.0004005010414402932,0.01027402188628912,8.128341674804688,0.01207493431866169,6.920848369598389,0.0,0.48873209953308105,0.46481937170028687,32.540435791015625,0.01207493431866169,6.920848369598389,0.0,0.48873209953308105,0.46481937170028687,32.540435791015625
141,18894,40000,6.09041690826416,0.00046181888319551945,0.008173266425728798,6.08178186416626,0.005274344701319933,5.554347515106201,0.0,0.4622751474380493,0.4373651146888733,31.489757537841797,0.005274344701319933,5.554347515106201,0.0,0.4622751474380493,0.4373651146888733,31.489757537841797
142,19028,40000,16.128925323486328,0.0005038892268203199,0.009383060969412327,16.119037628173828,0.01599244773387909,14.519793510437012,0.0,0.5003994703292847,0.4768921136856079,34.19363021850586,0.01599244773387909,14.519793510437012,0.0,0.5003994703292847,0.4768921136856079,34.19363021850586
143,19162,40000,6.22979736328125,0.0003108215460088104,0.010785562917590141,6.218700885772705,0.008112026378512383,5.407498359680176,0.0,0.47730523347854614,0.4462161064147949,32.02960205078125,0.008112026378512383,5.407498359680176,0.0,0.47730523347854614,0.4462161064147949,32.02960205078125
144,19296,40000,8.85042667388916,0.00037711230106651783,0.008829530328512192,8.841219902038574,0.003242193255573511,8.517000198364258,0.0,0.4533351957798004,0.41993868350982666,30.854490280151367,0.003242193255573511,8.517000198364258,0.0,0.4533351957798004,0.41993868350982666,30.854490280151367
145,19430,40000,25.29330062866211,0.0004138206713832915,0.012775656767189503,25.28011131286621,0.02358635514974594,22.921476364135742,0.0,0.5188480615615845,0.49727022647857666,35.69501876831055,0.02358635514974594,22.921476364135742,0.0,0.5188480615615845,0.49727022647857666,35.69501876831055
146,19564,40000,7.407069683074951,0.00043829347123391926,0.00777667760848999,7.398854732513428,0.003267490305006504,7.072105884552002,0.0,0.4491092264652252,0.42925363779067993,30.424280166625977,0.003267490305006504,7.072105884552002,0.0,0.4491092264652252,0.42925363779067993,30.424280166625977
147,19698,40000,7.197126388549805,0.00044979434460401535,0.01198042742908001,7.184696197509766,0.010636219754815102,6.121074199676514,0.0,0.485897421836853,0.45707762241363525,32.96049880981445,0.010636219754815102,6.121074199676514,0.0,0.485897421836853,0.45707762241363525,32.96049880981445
148,19832,40000,11.695958137512207,0.0002977712720166892,0.01182077918201685,11.683839797973633,0.015754980966448784,10.108342170715332,0.0,0.49591147899627686,0.4809689521789551,33.60247802734375,0.015754980966448784,10.108342170715332,0.0,0.49591147899627686,0.4809689521789551,33.60247802734375
149,19966,40000,7.727871894836426,0.0003683506802190095,0.00967520009726286,7.717828273773193,0.011280962266027927,6.5897321701049805,0.0,0.48778223991394043,0.4597933292388916,32.75789260864258,0.011280962266027927,6.5897321701049805,0.0,0.48778223991394043,0.4597933292388916,32.75789260864258
150,20100,40000,6.084778785705566,0.0006021753652021289,0.008893033489584923,6.075283527374268,0.005779236555099487,5.497359752655029,0.0,0.46807029843330383,0.4338477849960327,31.18914222717285,0.005779236555099487,5.497359752655029,0.0,0.46807029843330383,0.4338477849960327,31.18914222717285
151,20234,40000,8.726957321166992,0.0003969456010963768,0.007700473070144653,8.718859672546387,0.011965073645114899,7.522352695465088,0.0,0.4881417155265808,0.464777410030365,33.082542419433594,0.011965073645114899,7.522352695465088,0.0,0.4881417155265808,0.464777410030365,33.082542419433594
152,20368,40000,5.994838714599609,0.0004275711253285408,0.012415563687682152,5.981995582580566,0.005430000834167004,5.438995361328125,0.0,0.4634454846382141,0.4374789595603943,31.245615005493164,0.005430000834167004,5.438995361328125,0.0,0.4634454846382141,0.4374789595603943,31.245615005493164
153,20502,40000,6.552926540374756,0.00044254024396650493,0.01184367761015892,6.540640354156494,0.003472913522273302,6.1933488845825195,0.0,0.4520924687385559,0.4275552034378052,30.79535675048828,0.003472913522273302,6.1933488845825195,0.0,0.4520924687385559,0.4275552034378052,30.79535675048828
154,20636,40000,7.557237148284912,0.00041149312164634466,0.013081089593470097,7.5437445640563965,0.004929495509713888,7.050795078277588,0.0,0.46039196848869324,0.43580931425094604,31.012792587280273,0.004929495509713888,7.050795078277588,0.0,0.46039196848869324,0.43580931425094604,31.012792587280273
155,20770,40000,5.924740314483643,0.00033629086101427674,0.019321324303746223,5.905082702636719,0.0047010998241603374,5.434972763061523,0.0,0.4621765911579132,0.428899347782135,31.759315490722656,0.0047010998241603374,5.434972763061523,0.0,0.4621765911579132,0.428899347782135,31.759315490722656
156,20904,40000,6.168938159942627,0.0004565761482808739,0.011422916315495968,6.1570587158203125,0.003281710669398308,5.828887462615967,0.0,0.4522981345653534,0.4233798384666443,30.904340744018555,0.003281710669398308,5.828887462615967,0.0,0.4522981345653534,0.4233798384666443,30.904340744018555
157,21038,40000,6.301706790924072,0.00028896520962007344,0.021395931020379066,6.280021667480469,0.0024340080562978983,6.036620616912842,0.0,0.44719040393829346,0.41439008712768555,31.0437068939209,0.0024340080562978983,6.036620616912842,0.0,0.44719040393829346,0.41439008712768555,31.0437068939209
158,21172,40000,7.010631561279297,0.0004398298915475607,0.010451709851622581,6.999740123748779,0.00602433318272233,6.3973069190979,0.0,0.464990496635437,0.44243311882019043,31.883256912231445,0.00602433318272233,6.3973069190979,0.0,0.464990496635437,0.44243311882019043,31.883256912231445
159,21306,40000,17.073041915893555,0.0004960374208167195,0.008095297031104565,17.064451217651367,0.012825991958379745,15.781852722167969,0.0,0.491934597492218,0.4661363959312439,33.9570198059082,0.012825991958379745,15.781852722167969,0.0,0.491934597492218,0.4661363959312439,33.9570198059082
160,21440,40000,7.82252836227417,0.0006692249444313347,0.012811504304409027,7.809047698974609,0.0069702668115496635,7.112020969390869,0.0,0.4736630618572235,0.4392940402030945,32.08366775512695,0.0069702668115496635,7.112020969390869,0.0,0.4736630618572235,0.4392940402030945,32.08366775512695
161,21574,40000,8.245046615600586,0.0003022446180693805,0.009573573246598244,8.235170364379883,0.002012980403378606,8.033872604370117,0.0,0.43865102529525757,0.4227833151817322,30.041227340698242,0.002012980403378606,8.033872604370117,0.0,0.43865102529525757,0.4227833151817322,30.041227340698242
162,21708,40000,7.366720676422119,0.0003724296111613512,0.009214791469275951,7.357133388519287,0.009466275572776794,6.410505771636963,0.0,0.48035481572151184,0.45485782623291016,32.104068756103516,0.009466275572776794,6.410505771636963,0.0,0.48035481572151184,0.45485782623291016,32.104068756103516
163,21842,40000,6.353818893432617,0.00039747878327034414,0.010100556537508965,6.343320846557617,0.007511662319302559,5.592154502868652,0.0,0.47597721219062805,0.44170284271240234,31.974193572998047,0.007511662319302559,5.592154502868652,0.0,0.47597721219062805,0.44170284271240234,31.974193572998047
164,21976,40000,6.0131120681762695,0.0004199482500553131,0.010582046583294868,6.002110004425049,0.004944165702909231,5.507693290710449,0.0,0.45956099033355713,0.4373718500137329,31.297142028808594,0.004944165702909231,5.507693290710449,0.0,0.45956099033355713,0.4373718500137329,31.297142028808594
165,22110,40000,7.145635604858398,0.0005034426576457918,0.015837782993912697,7.129294395446777,0.007770229130983353,6.352271556854248,0.0,0.47564858198165894,0.4452495574951172,32.43439865112305,0.007770229130983353,6.352271556854248,0.0,0.47564858198165894,0.4452495574951172,32.43439865112305
166,22244,40000,7.541380882263184,0.0003439643478486687,0.010052028112113476,7.530984878540039,0.008738430216908455,6.65714168548584,0.0,0.48035067319869995,0.44777238368988037,32.27632141113281,0.008738430216908455,6.65714168548584,0.0,0.48035067319869995,0.44777238368988037,32.27632141113281
167,22378,40000,7.954277038574219,0.00039516802644357085,0.011013666167855263,7.942868232727051,0.0026219033170491457,7.680677890777588,0.0,0.44756871461868286,0.41895049810409546,30.565879821777344,0.0026219033170491457,7.680677890777588,0.0,0.44756871461868286,0.41895049810409546,30.565879821777344
168,22512,40000,14.661859512329102,0.00035922371898777783,0.007538632955402136,14.653961181640625,0.015858983621001244,13.068062782287598,0.0,0.4973374307155609,0.4799025058746338,34.41342544555664,0.015858983621001244,13.068062782287598,0.0,0.4973374307155609,0.4799025058746338,34.41342544555664
169,22646,40000,7.607646942138672,0.0003847297339234501,0.00996036734431982,7.597301959991455,0.005279678385704756,7.069334030151367,0.0,0.4631628096103668,0.43591850996017456,31.292531967163086,0.005279678385704756,7.069334030151367,0.0,0.4631628096103668,0.43591850996017456,31.292531967163086
170,22780,40000,7.78891658782959,0.0003264472761657089,0.011234797537326813,7.777355194091797,0.006441615521907806,7.133193492889404,0.0,0.46831992268562317,0.44211894273757935,31.43059539794922,0.006441615521907806,7.133193492889404,0.0,0.46831992268562317,0.44211894273757935,31.43059539794922
171,22914,40000,9.246418952941895,0.000441266514826566,0.011536618694663048,9.234440803527832,0.007805791683495045,8.453861236572266,0.0,0.47515669465065,0.44644635915756226,32.14909362792969,0.007805791683495045,8.453861236572266,0.0,0.47515669465065,0.44644635915756226,32.14909362792969
172,23048,40000,16.241558074951172,0.00036025498411618173,0.013002322986721992,16.228195190429688,0.014752990566194057,14.75289535522461,0.0,0.5001906156539917,0.46866464614868164,34.43232727050781,0.014752990566194057,14.75289535522461,0.0,0.5001906156539917,0.46866464614868164,34.43232727050781
173,23182,40000,8.35647964477539,0.0004296923289075494,0.008704795502126217,8.347345352172852,0.006380191072821617,7.709325790405273,0.0,0.4711346924304962,0.43633246421813965,32.017173767089844,0.006380191072821617,7.709325790405273,0.0,0.4711346924304962,0.43633246421813965,32.017173767089844
174,23316,40000,8.834580421447754,0.00058994151186198,0.009685978293418884,8.824304580688477,0.0032810077536851168,8.496203422546387,0.0,0.4523094892501831,0.4233393669128418,30.15102767944336,0.0032810077536851168,8.496203422546387,0.0,0.4523094892501831,0.4233393669128418,30.15102767944336
175,23450,40000,5.923338890075684,0.00034361661528237164,0.00866500474512577,5.91433048248291,0.005954123102128506,5.318918228149414,0.0,0.46776288747787476,0.436909556388855,31.394052505493164,0.005954123102128506,5.318918228149414,0.0,0.46776288747787476,0.436909556388855,31.394052505493164
176,23584,40000,7.120907306671143,0.00031730669434182346,0.011331162415444851,7.109258651733398,0.0032321112230420113,6.786047458648682,0.0,0.45443469285964966,0.4164004921913147,31.119400024414062,0.0032321112230420113,6.786047458648682,0.0,0.45443469285964966,0.4164004921913147,31.119400024414062
177,23718,40000,12.9993257522583,0.0003654127649497241,0.007846757769584656,12.991113662719727,0.0012714809272438288,12.86396598815918,0.0,0.43522512912750244,0.4055382013320923,29.068693161010742,0.0012714809272438288,12.86396598815918,0.0,0.43522512912750244,0.4055382013320923,29.068693161010742
178,23852,40000,10.282270431518555,0.0004310072981752455,0.010115006007254124,10.271724700927734,0.01690772920846939,8.580951690673828,0.0,0.49975574016571045,0.4834057688713074,33.534263610839844,0.01690772920846939,8.580951690673828,0.0,0.49975574016571045,0.4834057688713074,33.534263610839844
179,23986,40000,6.543769836425781,0.000463233474874869,0.010911733843386173,6.532394886016846,0.00262394268065691,6.270000457763672,0.0,0.4486439824104309,0.41605323553085327,30.675569534301758,0.00262394268065691,6.270000457763672,0.0,0.4486439824104309,0.41605323553085327,30.675569534301758
180,24120,40000,10.159830093383789,0.0003708828298840672,0.010104355402290821,10.149354934692383,0.011827662587165833,8.966588973999023,0.0,0.4886748492717743,0.4629637598991394,32.73162841796875,0.011827662587165833,8.966588973999023,0.0,0.4886748492717743,0.4629637598991394,32.73162841796875
181,24254,40000,9.099414825439453,0.0003243866085540503,0.01529745850712061,9.083792686462402,0.008389908820390701,8.24480152130127,0.0,0.4753609001636505,0.4520638585090637,32.11116409301758,0.008389908820390701,8.24480152130127,0.0,0.4753609001636505,0.4520638585090637,32.11116409301758
182,24388,40000,13.911877632141113,0.00031890650279819965,0.008014539256691933,13.903544425964355,0.011048153042793274,12.798728942871094,0.0,0.4906473755836487,0.4532091021537781,33.67594909667969,0.011048153042793274,12.798728942871094,0.0,0.4906473755836487,0.4532091021537781,33.67594909667969
183,24522,40000,7.133014678955078,0.0005164829199202359,0.020320432260632515,7.112177848815918,0.004529525525867939,6.6592254638671875,0.0,0.45896297693252563,0.4324483275413513,31.146438598632812,0.004529525525867939,6.6592254638671875,0.0,0.45896297693252563,0.4324483275413513,31.146438598632812
184,24656,40000,7.230799674987793,0.0004445392987690866,0.00871035736054182,7.221644878387451,0.0024723827373236418,6.974406719207764,0.0,0.4479299783706665,0.41323256492614746,30.614643096923828,0.0024723827373236418,6.974406719207764,0.0,0.4479299783706665,0.41323256492614746,30.614643096923828
185,24790,40000,8.406376838684082,0.000490708218421787,0.010962600819766521,8.394923210144043,0.004130811430513859,7.981842517852783,0.0,0.45809873938560486,0.42748361825942993,31.444561004638672,0.004130811430513859,7.981842517852783,0.0,0.45809873938560486,0.42748361825942993,31.444561004638672
186,24924,40000,7.606728553771973,0.00039829660090617836,0.011870120652019978,7.5944600105285645,0.0038879099301993847,7.205668926239014,0.0,0.45075926184654236,0.4362133741378784,30.8919677734375,0.0038879099301993847,7.205668926239014,0.0,0.45075926184654236,0.4362133741378784,30.8919677734375
187,25058,40000,7.176544666290283,0.00036359773366712034,0.008529732935130596,7.167651176452637,0.005021174903959036,6.665533542633057,0.0,0.46104666590690613,0.43597888946533203,31.11499786376953,0.005021174903959036,6.665533542633057,0.0,0.46104666590690613,0.43597888946533203,31.11499786376953
188,25192,40000,5.888127326965332,0.0003258662763983011,0.008824422024190426,5.878976821899414,0.00626807427033782,5.252169132232666,0.0,0.4659755229949951,0.44376420974731445,32.295658111572266,0.00626807427033782,5.252169132232666,0.0,0.4659755229949951,0.44376420974731445,32.295658111572266
189,25326,40000,7.575992584228516,0.0004313306126277894,0.012238916009664536,7.5633225440979,0.004428953863680363,7.120427131652832,0.0,0.45657777786254883,0.43504154682159424,30.92778778076172,0.004428953863680363,7.120427131652832,0.0,0.45657777786254883,0.43504154682159424,30.92778778076172
190,25460,40000,7.409499645233154,0.00031185950501821935,0.009760944172739983,7.3994269371032715,0.006495226174592972,6.749904155731201,0.0,0.4699659049510956,0.4399999976158142,32.42048645019531,0.006495226174592972,6.749904155731201,0.0,0.4699659049510956,0.4399999976158142,32.42048645019531
191,25594,40000,6.723979473114014,0.00025697873206809163,0.010385188274085522,6.713337421417236,0.0016555938636884093,6.547778129577637,0.0,0.438990980386734,0.4116317629814148,30.388626098632812,0.0016555938636884093,6.547778129577637,0.0,0.438990980386734,0.4116317629814148,30.388626098632812
192,25728,40000,7.088087558746338,0.0003186780959367752,0.011441829614341259,7.076326847076416,0.00834723375737667,6.241603374481201,0.0,0.47335541248321533,0.45446300506591797,32.420352935791016,0.00834723375737667,6.241603374481201,0.0,0.47335541248321533,0.45446300506591797,32.420352935791016
193,25862,40000,9.146357536315918,0.0004407975065987557,0.013273396529257298,9.132643699645996,0.003982284106314182,8.734415054321289,0.0,0.4518846571445465,0.4359202980995178,30.21971893310547,0.003982284106314182,8.734415054321289,0.0,0.4518846571445465,0.4359202980995178,30.21971893310547
194,25996,40000,9.955143928527832,0.0005633048131130636,0.00954943336546421,9.94503116607666,0.001969704870134592,9.74806022644043,0.0,0.4380039870738983,0.42292165756225586,29.637340545654297,0.001969704870134592,9.74806022644043,0.0,0.4380039870738983,0.42292165756225586,29.637340545654297
195,26130,40000,6.509608268737793,0.0002855743223335594,0.012107932940125465,6.4972147941589355,0.005278996657580137,5.969315052032471,0.0,0.45852130651474,0.44306105375289917,31.196218490600586,0.005278996657580137,5.969315052032471,0.0,0.45852130651474,0.44306105375289917,31.196218490600586
196,26264,40000,8.95083236694336,0.00042201511678285897,0.009413916617631912,8.940996170043945,0.0028485707007348537,8.656139373779297,0.0,0.44246432185173035,0.432331919670105,30.43994140625,0.0028485707007348537,8.656139373779297,0.0,0.44246432185173035,0.432331919670105,30.43994140625
197,26398,40000,6.588490962982178,0.0002754746819846332,0.012000564485788345,6.576214790344238,0.006491129286587238,5.9271016120910645,0.0,0.4686145782470703,0.4422276020050049,31.599279403686523,0.006491129286587238,5.9271016120910645,0.0,0.4686145782470703,0.4422276020050049,31.599279403686523
198,26532,40000,10.937528610229492,0.000652565504424274,0.008443771861493587,10.92843246459961,0.011043209582567215,9.824110984802246,0.0,0.48401787877082825,0.46312057971954346,33.161521911621094,0.011043209582567215,9.824110984802246,0.0,0.48401787877082825,0.46312057971954346,33.161521911621094
199,26666,40000,6.8105621337890625,0.0003634544846136123,0.006977719720453024,6.803220748901367,0.007114605978131294,6.091760158538818,0.0,0.4746391177177429,0.43928879499435425,31.879213333129883,0.007114605978131294,6.091760158538818,0.0,0.4746391177177429,0.43928879499435425,31.879213333129883
200,26800,40000,11.175662994384766,0.000392123096389696,0.010893020778894424,11.16437816619873,0.0016980457585304976,10.994573593139648,0.0,0.43523696064949036,0.42136359214782715,29.51032257080078,0.0016980457585304976,10.994573593139648,0.0,0.43523696064949036,0.42136359214782715,29.51032257080078
201,26934,40000,16.346677780151367,0.00030068628257140517,0.007292593829333782,16.33908462524414,0.016978159546852112,14.641268730163574,0.0,0.5009220838546753,0.4824190139770508,34.5427131652832,0.016978159546852112,14.641268730163574,0.0,0.5009220838546753,0.4824190139770508,34.5427131652832
202,27068,40000,11.270011901855469,0.00032171624479815364,0.008808753453195095,11.260881423950195,0.012952342629432678,9.965646743774414,0.0,0.4926697909832001,0.46606552600860596,33.35215377807617,0.012952342629432678,9.965646743774414,0.0,0.4926697909832001,0.46606552600860596,33.35215377807617
203,27202,40000,8.191211700439453,0.00032658741110935807,0.010902212001383305,8.179983139038086,0.004743743687868118,7.705608367919922,0.0,0.4539823532104492,0.4427744150161743,30.736726760864258,0.004743743687868118,7.705608367919922,0.0,0.4539823532104492,0.4427744150161743,30.736726760864258
204,27336,40000,8.327664375305176,0.0003480971499811858,0.007925381883978844,8.319391250610352,0.010656110942363739,7.253779888153076,0.0,0.48093536496162415,0.4640747904777527,32.750492095947266,0.010656110942363739,7.253779888153076,0.0,0.48093536496162415,0.4640747904777527,32.750492095947266
205,27470,40000,8.30168628692627,0.0004095288459211588,0.015917953103780746,8.285358428955078,0.009039754047989845,7.381382942199707,0.0,0.4785061180591583,0.4536334276199341,31.937761306762695,0.009039754047989845,7.381382942199707,0.0,0.4785061180591583,0.4536334276199341,31.937761306762695
206,27604,40000,6.696723937988281,0.0005656535504385829,0.014497766271233559,6.6816606521606445,0.0052296738140285015,6.158693313598633,0.0,0.4592946767807007,0.4413982629776001,31.28168296813965,0.0052296738140285015,6.158693313598633,0.0,0.4592946767807007,0.4413982629776001,31.28168296813965
207,27738,40000,10.757589340209961,0.00041351988329552114,0.008362659253180027,10.74881362915039,0.010801302269101143,9.668683052062988,0.0,0.4810549020767212,0.46504926681518555,33.131553649902344,0.010801302269101143,9.668683052062988,0.0,0.4810549020767212,0.46504926681518555,33.131553649902344
208,27872,40000,9.237244606018066,0.00033071485813707113,0.012676212936639786,9.224237442016602,0.010714037343859673,8.152833938598633,0.0,0.4845588505268097,0.4596979022026062,32.343231201171875,0.010714037343859673,8.152833938598633,0.0,0.4845588505268097,0.4596979022026062,32.343231201171875
209,28006,40000,8.886019706726074,0.0004764115437865257,0.010399001650512218,8.875144004821777,0.0020903111435472965,8.666112899780273,0.0,0.4422195255756378,0.4175449013710022,29.996732711791992,0.0020903111435472965,8.666112899780273,0.0,0.4422195255756378,0.4175449013710022,29.996732711791992
210,28140,40000,12.855634689331055,0.00025077720056287944,0.0067825596779584885,12.848601341247559,0.011802049353718758,11.66839599609375,0.0,0.4863170087337494,0.4659653306007385,33.44652557373047,0.011802049353718758,11.66839599609375,0.0,0.4863170087337494,0.4659653306007385,33.44652557373047
211,28274,40000,7.322237968444824,0.0004328378417994827,0.010337560437619686,7.31146764755249,0.004920643754303455,6.819403171539307,0.0,0.4584662616252899,0.43876004219055176,31.4689998626709,0.004920643754303455,6.819403171539307,0.0,0.4584662616252899,0.43876004219055176,31.4689998626709
212,28408,40000,7.181605339050293,0.0005162556190043688,0.014439492486417294,7.16664981842041,0.005625818390399218,6.604067802429199,0.0,0.46222564578056335,0.4418782591819763,31.267528533935547,0.005625818390399218,6.604067802429199,0.0,0.46222564578056335,0.4418782591819763,31.267528533935547
213,28542,40000,7.664727210998535,0.0002729435218498111,0.009330086410045624,7.655124187469482,0.006169866770505905,7.038137435913086,0.0,0.4639297127723694,0.44563835859298706,32.622310638427734,0.006169866770505905,7.038137435913086,0.0,0.4639297127723694,0.44563835859298706,32.622310638427734
214,28676,40000,5.176756381988525,0.00030909429187886417,0.009064861573278904,5.16738224029541,0.006735629867762327,4.493819236755371,0.0,0.4662124514579773,0.44849270582199097,31.50824737548828,0.006735629867762327,4.493819236755371,0.0,0.4662124514579773,0.44849270582199097,31.50824737548828
215,28810,40000,6.913793087005615,0.00031699478859081864,0.008248272351920605,6.9052276611328125,0.008958871476352215,6.009340286254883,0.0,0.480284720659256,0.45013219118118286,32.54054641723633,0.008958871476352215,6.009340286254883,0.0,0.480284720659256,0.45013219118118286,32.54054641723633
216,28944,40000,16.826501846313477,0.0002835586783476174,0.006918196100741625,16.819299697875977,0.01843412034213543,14.975887298583984,0.0,0.5055940747261047,0.4853464365005493,34.627540588378906,0.01843412034213543,14.975887298583984,0.0,0.5055940747261047,0.4853464365005493,34.627540588378906
217,29078,40000,8.185065269470215,0.00034116292954422534,0.00922435149550438,8.17549991607666,0.008626996539533138,7.312800407409668,0.0,0.47860878705978394,0.4494737982749939,32.9294319152832,0.008626996539533138,7.312800407409668,0.0,0.47860878705978394,0.4494737982749939,32.9294319152832
218,29212,40000,9.616790771484375,0.00023135887749958783,0.01012177113443613,9.606437683105469,0.011932319030165672,8.413206100463867,0.0,0.48652583360671997,0.466675341129303,33.12553024291992,0.011932319030165672,8.413206100463867,0.0,0.48652583360671997,0.466675341129303,33.12553024291992
219,29346,40000,16.96153450012207,0.0004022132488898933,0.008166255429387093,16.952966690063477,0.0169328935444355,15.259676933288574,0.0,0.5017122030258179,0.48116356134414673,34.58003616333008,0.0169328935444355,15.259676933288574,0.0,0.5017122030258179,0.48116356134414673,34.58003616333008
220,29480,40000,6.515143871307373,0.0006228171405382454,0.009885325096547604,6.504635810852051,0.005661962553858757,5.93843936920166,0.0,0.4648520052433014,0.4381599426269531,31.6276912689209,0.005661962553858757,5.93843936920166,0.0,0.4648520052433014,0.4381599426269531,31.6276912689209
221,29614,40000,8.832805633544922,0.0003088648081757128,0.011459643952548504,8.821037292480469,0.006857451982796192,8.135292053222656,0.0,0.4690564274787903,0.4457018971443176,31.20920181274414,0.006857451982796192,8.135292053222656,0.0,0.4690564274787903,0.4457018971443176,31.20920181274414
222,29748,40000,11.035606384277344,0.0003197879996150732,0.00935140997171402,11.025935173034668,0.002252965234220028,10.800638198852539,0.0,0.4424460232257843,0.4212438464164734,29.553956985473633,0.002252965234220028,10.800638198852539,0.0,0.4424460232257843,0.4212438464164734,29.553956985473633
223,29882,40000,6.413781642913818,0.00028244880377314985,0.011854316107928753,6.401644706726074,0.0067493608221411705,5.72670841217041,0.0,0.47095274925231934,0.44141340255737305,31.729808807373047,0.0067493608221411705,5.72670841217041,0.0,0.47095274925231934,0.44141340255737305,31.729808807373047
224,30016,40000,7.611710548400879,0.00034639614750631154,0.010434037074446678,7.600930213928223,0.003202213440090418,7.2807087898254395,0.0,0.4486987292766571,0.42882096767425537,30.930383682250977,0.003202213440090418,7.2807087898254395,0.0,0.4486987292766571,0.42882096767425537,30.930383682250977
225,30150,40000,16.612829208374023,0.0002642635954543948,0.006076495628803968,16.606489181518555,0.01737428829073906,14.869060516357422,0.0,0.500331699848175,0.48548591136932373,34.53760528564453,0.01737428829073906,14.869060516357422,0.0,0.500331699848175,0.48548591136932373,34.53760528564453
226,30284,40000,10.717813491821289,0.00040165361133404076,0.017783861607313156,10.699627876281738,0.002135524759069085,10.486075401306152,0.0,0.44082915782928467,0.42164498567581177,29.743173599243164,0.002135524759069085,10.486075401306152,0.0,0.44082915782928467,0.42164498567581177,29.743173599243164
227,30418,40000,9.87918758392334,0.00040202171658165753,0.008234324865043163,9.870551109313965,0.00186250323895365,9.684300422668457,0.0,0.4386219382286072,0.4192574620246887,30.002531051635742,0.00186250323895365,9.684300422668457,0.0,0.4386219382286072,0.4192574620246887,30.002531051635742
228,30552,40000,10.115493774414062,0.0002667563676368445,0.009671324864029884,10.105555534362793,0.011077186092734337,8.99783706665039,0.0,0.48791560530662537,0.4578621983528137,33.565185546875,0.011077186092734337,8.99783706665039,0.0,0.48791560530662537,0.4578621983528137,33.565185546875
229,30686,40000,8.022287368774414,0.000346302316756919,0.010169435292482376,8.011771202087402,0.00316461524926126,7.695310115814209,0.0,0.4453931152820587,0.4332277178764343,30.478918075561523,0.00316461524926126,7.695310115814209,0.0,0.4453931152820587,0.4332277178764343,30.478918075561523
230,30820,40000,7.526233673095703,0.00040988571709021926,0.013037667609751225,7.512785911560059,0.0052929529920220375,6.983490467071533,0.0,0.45890387892723083,0.44269996881484985,31.022706985473633,0.0052929529920220375,6.983490467071533,0.0,0.45890387892723083,0.44269996881484985,31.022706985473633
231,30954,40000,8.40361499786377,0.0002853593323379755,0.010022707283496857,8.393306732177734,0.0072614094242453575,7.667165756225586,0.0,0.4698526859283447,0.44880586862564087,32.10858154296875,0.0072614094242453575,7.667165756225586,0.0,0.4698526859283447,0.44880586862564087,32.10858154296875
232,31088,40000,6.9753851890563965,0.00027384678833186626,0.009333234280347824,6.96577787399292,0.004761929158121347,6.489584922790527,0.0,0.45449039340019226,0.442340612411499,31.18549156188965,0.004761929158121347,6.489584922790527,0.0,0.45449039340019226,0.442340612411499,31.18549156188965
233,31222,40000,6.889764308929443,0.00024803588166832924,0.01006323378533125,6.879453182220459,0.0037257582880556583,6.506877422332764,0.0,0.4526233673095703,0.43092799186706543,31.14697265625,0.0037257582880556583,6.506877422332764,0.0,0.4526233673095703,0.43092799186706543,31.14697265625
234,31356,40000,9.34511661529541,0.00028880874742753804,0.007028626278042793,9.337799072265625,0.009640868753194809,8.373712539672852,0.0,0.476685106754303,0.46132099628448486,32.7776985168457,0.009640868753194809,8.373712539672852,0.0,0.476685106754303,0.46132099628448486,32.7776985168457
235,31490,40000,9.903544425964355,0.0003132113488391042,0.006949138827621937,9.896282196044922,0.001936224289238453,9.702659606933594,0.0,0.43802228569984436,0.4221479296684265,30.388330459594727,0.001936224289238453,9.702659606933594,0.0,0.43802228569984436,0.4221479296684265,30.388330459594727
236,31624,40000,11.36034870147705,0.00039877172093838453,0.008488846011459827,11.351461410522461,0.014394767582416534,9.91198444366455,0.0,0.4896630048751831,0.47972023487091064,33.29353713989258,0.014394767582416534,9.91198444366455,0.0,0.4896630048751831,0.47972023487091064,33.29353713989258
237,31758,40000,6.682131290435791,0.00021036702673882246,0.008264783769845963,6.673655986785889,0.00844494067132473,5.829162120819092,0.0,0.4736958146095276,0.4548987150192261,32.000186920166016,0.00844494067132473,5.829162120819092,0.0,0.4736958146095276,0.4548987150192261,32.000186920166016
238,31892,40000,12.787786483764648,0.00028907295200042427,0.010666381567716599,12.776830673217773,0.015408558771014214,11.23597526550293,0.0,0.48848339915275574,0.4870588779449463,33.942726135253906,0.015408558771014214,11.23597526550293,0.0,0.48848339915275574,0.4870588779449463,33.942726135253906
239,32026,40000,11.281042098999023,0.000275730766588822,0.010455322451889515,11.27031135559082,0.013150354847311974,9.955275535583496,0.0,0.48780742287635803,0.473757803440094,33.41498565673828,0.013150354847311974,9.955275535583496,0.0,0.48780742287635803,0.473757803440094,33.41498565673828
240,32160,40000,7.381224632263184,0.0005551005015149713,0.009426269680261612,7.371243476867676,0.006316089536994696,6.7396345138549805,0.0,0.4650367200374603,0.44567620754241943,32.22874069213867,0.006316089536994696,6.7396345138549805,0.0,0.4650367200374603,0.44567620754241943,32.22874069213867
241,32294,40000,8.063071250915527,0.00048691913252696395,0.012086881324648857,8.050497055053711,0.0037522499915212393,7.675271987915039,0.0,0.45194271206855774,0.4324685335159302,30.92670440673828,0.0037522499915212393,7.675271987915039,0.0,0.45194271206855774,0.4324685335159302,30.92670440673828
242,32428,40000,6.873275279998779,0.0005204740446060896,0.01337636262178421,6.859378337860107,0.009782414883375168,5.881136894226074,0.0,0.4777148365974426,0.46117860078811646,32.554561614990234,0.009782414883375168,5.881136894226074,0.0,0.4777148365974426,0.46117860078811646,32.554561614990234
243,32562,40000,7.917264461517334,0.0002005535934586078,0.011162227019667625,7.905901908874512,0.011774160899221897,6.728485584259033,0.0,0.48592644929885864,0.46626317501068115,32.785953521728516,0.011774160899221897,6.728485584259033,0.0,0.48592644929885864,0.46626317501068115,32.785953521728516
244,32696,40000,6.48221492767334,0.0004965437692590058,0.008812536485493183,6.47290563583374,0.007534530479460955,5.719452381134033,0.0,0.4687400162220001,0.4530032277107239,31.41840171813965,0.007534530479460955,5.719452381134033,0.0,0.4687400162220001,0.4530032277107239,31.41840171813965
245,32830,40000,6.464252471923828,0.00025685998843982816,0.011420547030866146,6.452575206756592,0.005552531220018864,5.897322177886963,0.0,0.45512330532073975,0.4501393437385559,31.09920883178711,0.005552531220018864,5.897322177886963,0.0,0.45512330532073975,0.4501393437385559,31.09920883178711
246,32964,40000,6.038386821746826,0.0005784642999060452,0.009743394330143929,6.028064727783203,0.005409156903624535,5.487149238586426,0.0,0.46100643277168274,0.44107764959335327,31.83026695251465,0.005409156903624535,5.487149238586426,0.0,0.46100643277168274,0.44107764959335327,31.83026695251465
247,33098,40000,8.531283378601074,0.0002514225197955966,0.007694825530052185,8.523337364196777,0.010880997404456139,7.435237884521484,0.0,0.4810263216495514,0.46569424867630005,32.83356857299805,0.010880997404456139,7.435237884521484,0.0,0.4810263216495514,0.46569424867630005,32.83356857299805
248,33232,40000,19.12895965576172,0.0002904853317886591,0.011809556744992733,19.116859436035156,0.02066762000322342,17.05009651184082,0.0,0.5053290724754333,0.49784380197525024,34.823699951171875,0.02066762000322342,17.05009651184082,0.0,0.5053290724754333,0.49784380197525024,34.823699951171875
249,33366,40000,10.766780853271484,0.0004472574219107628,0.008704593405127525,10.75762939453125,0.0016458649188280106,10.593043327331543,0.0,0.43564572930336,0.4193713068962097,29.428630828857422,0.0016458649188280106,10.593043327331543,0.0,0.43564572930336,0.4193713068962097,29.428630828857422
250,33500,40000,10.291966438293457,0.00031230688910000026,0.009099295362830162,10.282554626464844,0.0068225981667637825,9.600295066833496,0.0,0.4634777307510376,0.4528505206108093,30.904470443725586,0.0068225981667637825,9.600295066833496,0.0,0.4634777307510376,0.4528505206108093,30.904470443725586
251,33634,40000,13.120615005493164,0.0002629760419949889,0.018516510725021362,13.101835250854492,0.0009403445292264223,13.007801055908203,0.0,0.4260011911392212,0.41625678539276123,28.865894317626953,0.0009403445292264223,13.007801055908203,0.0,0.4260011911392212,0.41625678539276123,28.865894317626953
252,33768,40000,8.361246109008789,0.0002700587792787701,0.009476911276578903,8.351499557495117,0.01029302179813385,7.322197437286377,0.0,0.4788972735404968,0.46378278732299805,32.363155364990234,0.01029302179813385,7.322197437286377,0.0,0.4788972735404968,0.46378278732299805,32.363155364990234
253,33902,40000,6.773744106292725,0.0002931385242845863,0.008024497888982296,6.7654266357421875,0.00509889330714941,6.255537509918213,0.0,0.4611276388168335,0.43690943717956543,31.551469802856445,0.00509889330714941,6.255537509918213,0.0,0.4611276388168335,0.43690943717956543,31.551469802856445
254,34036,40000,11.279043197631836,0.0002847267023753375,0.008540492504835129,11.270217895507812,0.013929173350334167,9.877300262451172,0.0,0.4916217029094696,0.47439515590667725,33.664573669433594,0.013929173350334167,9.877300262451172,0.0,0.4916217029094696,0.47439515590667725,33.664573669433594
255,34170,40000,7.694470405578613,0.0005204209010116756,0.011555378325283527,7.682394504547119,0.00487370602786541,7.195024013519287,0.0,0.4544043242931366,0.443747878074646,30.840166091918945,0.00487370602786541,7.195024013519287,0.0,0.4544043242931366,0.443747878074646,30.840166091918945
256,34304,40000,6.355923175811768,0.0002794236643239856,0.0063032531179487705,6.349340438842773,0.0069356197491288185,5.655778408050537,0.0,0.47037002444267273,0.44453853368759155,32.172157287597656,0.0069356197491288185,5.655778408050537,0.0,0.47037002444267273,0.44453853368759155,32.172157287597656
257,34438,40000,9.59423542022705,0.0004385931824799627,0.01744353212416172,9.576353073120117,0.009420103393495083,8.634343147277832,0.0,0.4744603633880615,0.462255597114563,32.794185638427734,0.009420103393495083,8.634343147277832,0.0,0.4744603633880615,0.462255597114563,32.794185638427734
258,34572,40000,9.537381172180176,0.00030332544702105224,0.0112938042730093,9.525784492492676,0.0035206428728997707,9.173720359802246,0.0,0.4496954381465912,0.4324192404747009,30.760761260986328,0.0035206428728997707,9.173720359802246,0.0,0.4496954381465912,0.4324192404747009,30.760761260986328
259,34706,40000,11.234922409057617,0.0006691096932627261,0.007345519028604031,11.226907730102539,0.012154970318078995,10.0114107131958,0.0,0.4912937879562378,0.46180951595306396,33.911964416503906,0.012154970318078995,10.0114107131958,0.0,0.4912937879562378,0.46180951595306396,33.911964416503906
260,34840,40000,11.733715057373047,0.0002977405965793878,0.010186714120209217,11.723230361938477,0.0015917100245133042,11.564059257507324,0.0,0.4350161552429199,0.4191201329231262,29.175790786743164,0.0015917100245133042,11.564059257507324,0.0,0.4350161552429199,0.4191201329231262,29.175790786743164
261,34974,40000,6.1806321144104,0.00026677167625166476,0.00796659104526043,6.172398567199707,0.004305398091673851,5.741858959197998,0.0,0.4524202346801758,0.43946540355682373,31.217208862304688,0.004305398091673851,5.741858959197998,0.0,0.4524202346801758,0.43946540355682373,31.217208862304688
262,35108,40000,7.731800079345703,0.0006683271494694054,0.014347782358527184,7.7167840003967285,0.007424470968544483,6.974337100982666,0.0,0.46821898221969604,0.4526368975639343,31.628314971923828,0.007424470968544483,6.974337100982666,0.0,0.46821898221969604,0.4526368975639343,31.628314971923828
263,35242,40000,8.565107345581055,0.00023547321325168014,0.008741059340536594,8.556130409240723,0.008639585226774216,7.692171573638916,0.0,0.47414642572402954,0.45605260133743286,32.480674743652344,0.008639585226774216,7.692171573638916,0.0,0.47414642572402954,0.45605260133743286,32.480674743652344
264,35376,40000,24.643516540527344,0.00022380187874659896,0.009477213025093079,24.63381576538086,0.02745821885764599,21.88799285888672,0.0,0.5270851254463196,0.5063371658325195,35.68260955810547,0.02745821885764599,21.88799285888672,0.0,0.5270851254463196,0.5063371658325195,35.68260955810547
265,35510,40000,7.5362043380737305,0.0002610016381368041,0.00882756058126688,7.527115821838379,0.007203030399978161,6.806812763214111,0.0,0.46460244059562683,0.45504140853881836,31.317428588867188,0.007203030399978161,6.806812763214111,0.0,0.46460244059562683,0.45504140853881836,31.317428588867188
266,35644,40000,6.471690654754639,0.0003091051185037941,0.007676560431718826,6.463705062866211,0.006841991096735001,5.779506206512451,0.0,0.4700489640235901,0.44399017095565796,31.944835662841797,0.006841991096735001,5.779506206512451,0.0,0.4700489640235901,0.44399017095565796,31.944835662841797
267,35778,40000,8.429296493530273,0.0002889820607379079,0.007872308604419231,8.421134948730469,0.011532219126820564,7.267913341522217,0.0,0.47746580839157104,0.4743725061416626,32.85151290893555,0.011532219126820564,7.267913341522217,0.0,0.47746580839157104,0.4743725061416626,32.85151290893555
268,35912,40000,14.543121337890625,0.00025909257237799466,0.010903957299888134,14.53195858001709,0.01673116907477379,12.858841896057129,0.0,0.496986985206604,0.48558443784713745,34.12226486206055,0.01673116907477379,12.858841896057129,0.0,0.496986985206604,0.48558443784713745,34.12226486206055
269,36046,40000,7.238802433013916,0.00017707407823763788,0.007458622567355633,7.231166839599609,0.008129026740789413,6.418264389038086,0.0,0.4657284617424011,0.4617154598236084,31.646150588989258,0.008129026740789413,6.418264389038086,0.0,0.4657284617424011,0.4617154598236084,31.646150588989258
270,36180,40000,7.431003093719482,0.00047821708722040057,0.010442819446325302,7.420082092285156,0.003496982855722308,7.0703840255737305,0.0,0.44821304082870483,0.4342415928840637,30.845304489135742,0.003496982855722308,7.0703840255737305,0.0,0.44821304082870483,0.4342415928840637,30.845304489135742
271,36314,40000,8.009997367858887,0.0002668694360181689,0.008969651535153389,8.000761032104492,0.008911874145269394,7.1095733642578125,0.0,0.4752689003944397,0.4569777846336365,32.21836471557617,0.008911874145269394,7.1095733642578125,0.0,0.4752689003944397,0.4569777846336365,32.21836471557617
272,36448,40000,11.02854061126709,0.0002523401635698974,0.0088480981066823,11.019439697265625,0.013703608885407448,9.649078369140625,0.0,0.48852813243865967,0.4765923023223877,33.508724212646484,0.013703608885407448,9.649078369140625,0.0,0.48852813243865967,0.4765923023223877,33.508724212646484
273,36582,40000,6.4897780418396,0.0003542469348758459,0.01101681962609291,6.47840690612793,0.0050200424157083035,5.976402759552002,0.0,0.45364895462989807,0.44627994298934937,31.27300262451172,0.0050200424157083035,5.976402759552002,0.0,0.45364895462989807,0.44627994298934937,31.27300262451172
274,36716,40000,14.337403297424316,0.00024506443878635764,0.00925679225474596,14.327901840209961,0.0010644692229107022,14.221454620361328,0.0,0.4229847490787506,0.42315536737442017,28.73245620727539,0.0010644692229107022,14.221454620361328,0.0,0.4229847490787506,0.42315536737442017,28.73245620727539
275,36850,40000,9.25770092010498,0.0003083016781602055,0.024399876594543457,9.232993125915527,0.0025388661306351423,8.979106903076172,0.0,0.44011157751083374,0.4304947257041931,29.8737735748291,0.0025388661306351423,8.979106903076172,0.0,0.44011157751083374,0.4304947257041931,29.8737735748291
276,36984,40000,7.5740647315979,0.00044169777538627386,0.009384018369019032,7.564239025115967,0.008119583129882812,6.7522807121276855,0.0,0.46117380261421204,0.4661615490913391,31.120756149291992,0.008119583129882812,6.7522807121276855,0.0,0.46117380261421204,0.4661615490913391,31.120756149291992
277,37118,40000,9.7376127243042,0.00024047070473898202,0.009467599913477898,9.727904319763184,0.0037848777137696743,9.349416732788086,0.0,0.44824451208114624,0.4381752014160156,30.133255004882812,0.0037848777137696743,9.349416732788086,0.0,0.44824451208114624,0.4381752014160156,30.133255004882812
278,37252,40000,5.993675231933594,0.0002742646320257336,0.008044407702982426,5.985356330871582,0.005483317654579878,5.4370245933532715,0.0,0.4554744064807892,0.44905006885528564,31.124130249023438,0.005483317654579878,5.4370245933532715,0.0,0.4554744064807892,0.44905006885528564,31.124130249023438
279,37386,40000,8.170259475708008,0.000261186680290848,0.010085398331284523,8.159913063049316,0.005369509570300579,7.622962474822998,0.0,0.4606378376483917,0.4411407709121704,31.691556930541992,0.005369509570300579,7.622962474822998,0.0,0.4606378376483917,0.4411407709121704,31.691556930541992
280,37520,40000,7.6176438331604,0.00046953308628872037,0.009656453505158424,7.607517719268799,0.009962555021047592,6.611262321472168,0.0,0.484123170375824,0.4537200927734375,32.2164192199707,0.009962555021047592,6.611262321472168,0.0,0.484123170375824,0.4537200927734375,32.2164192199707
281,37654,40000,8.079000473022461,0.00028126948745921254,0.009640139527618885,8.069079399108887,0.006452834699302912,7.4237961769104,0.0,0.4577179551124573,0.4558701515197754,31.09314727783203,0.006452834699302912,7.4237961769104,0.0,0.4577179551124573,0.4558701515197754,31.09314727783203
282,37788,40000,10.8126220703125,0.0003231255104765296,0.00846275594085455,10.80383586883545,0.004765036981552839,10.327332496643066,0.0,0.4476938545703888,0.4499032497406006,29.86227035522461,0.004765036981552839,10.327332496643066,0.0,0.4476938545703888,0.4499032497406006,29.86227035522461
283,37922,40000,9.456923484802246,0.0003270386077929288,0.008086948655545712,9.448509216308594,0.005684932693839073,8.880016326904297,0.0,0.45351657271385193,0.45311224460601807,31.339162826538086,0.005684932693839073,8.880016326904297,0.0,0.45351657271385193,0.45311224460601807,31.339162826538086
284,38056,40000,8.037687301635742,0.00017556539387442172,0.011296207085251808,8.026215553283691,0.011828109622001648,6.843404769897461,0.0,0.4739568829536438,0.4797401428222656,31.760953903198242,0.011828109622001648,6.843404769897461,0.0,0.4739568829536438,0.4797401428222656,31.760953903198242
285,38190,40000,17.888757705688477,0.000407686602557078,0.008776099421083927,17.879573822021484,0.001340486342087388,17.745525360107422,0.0,0.4285338819026947,0.42294132709503174,28.515949249267578,0.001340486342087388,17.745525360107422,0.0,0.4285338819026947,0.42294132709503174,28.515949249267578
286,38324,40000,6.539157390594482,0.00022575729235541075,0.007130218204110861,6.531801223754883,0.0054721953347325325,5.984581470489502,0.0,0.4626043140888214,0.4394068121910095,31.731454849243164,0.0054721953347325325,5.984581470489502,0.0,0.4626043140888214,0.4394068121910095,31.731454849243164
287,38458,40000,9.206536293029785,0.0004230726044625044,0.009364289231598377,9.196748733520508,0.007069387938827276,8.4898099899292,0.0,0.4566337764263153,0.46214503049850464,30.149063110351562,0.007069387938827276,8.4898099899292,0.0,0.4566337764263153,0.46214503049850464,30.149063110351562
288,38592,40000,12.88853645324707,0.0002906785812228918,0.009875809773802757,12.87837028503418,0.0011652810499072075,12.761841773986816,0.0,0.4282621443271637,0.41914504766464233,29.15221405029297,0.0011652810499072075,12.761841773986816,0.0,0.4282621443271637,0.41914504766464233,29.15221405029297
289,38726,40000,7.087533950805664,0.00038194560329429805,0.009542282670736313,7.077609539031982,0.010902419686317444,5.987367630004883,0.0,0.4788295328617096,0.46847134828567505,32.09263610839844,0.010902419686317444,5.987367630004883,0.0,0.4788295328617096,0.46847134828567505,32.09263610839844
290,38860,40000,8.43405818939209,0.00028713574283756316,0.014466515742242336,8.419304847717285,0.009873110800981522,7.4319939613342285,0.0,0.4752969443798065,0.4648342728614807,32.26479721069336,0.009873110800981522,7.4319939613342285,0.0,0.4752969443798065,0.4648342728614807,32.26479721069336
291,38994,40000,8.256772994995117,0.0002832928439602256,0.008536414243280888,8.247953414916992,0.007352919317781925,7.512661933898926,0.0,0.4656640887260437,0.4551466107368469,31.913267135620117,0.007352919317781925,7.512661933898926,0.0,0.4656640887260437,0.4551466107368469,31.913267135620117
292,39128,40000,9.535516738891602,0.00022889100364409387,0.013413164764642715,9.52187442779541,0.004872158169746399,9.034658432006836,0.0,0.4497005343437195,0.44901037216186523,30.06354331970215,0.004872158169746399,9.034658432006836,0.0,0.4497005343437195,0.44901037216186523,30.06354331970215
293,39262,40000,5.9781951904296875,0.00029150964110158384,0.010129356756806374,5.967774391174316,0.004229046404361725,5.544869899749756,0.0,0.4506017565727234,0.44084739685058594,30.918346405029297,0.004229046404361725,5.544869899749756,0.0,0.4506017565727234,0.44084739685058594,30.918346405029297
294,39396,40000,12.002782821655273,0.0002847632858902216,0.013374987989664078,11.989123344421387,0.0011965814046561718,11.869464874267578,0.0,0.429977148771286,0.4172613024711609,29.497087478637695,0.0011965814046561718,11.869464874267578,0.0,0.429977148771286,0.4172613024711609,29.497087478637695
295,39530,40000,8.83237075805664,0.0004785344353877008,0.017210841178894043,8.814681053161621,0.004110006615519524,8.403680801391602,0.0,0.44667237997055054,0.4439510703086853,30.310094833374023,0.004110006615519524,8.403680801391602,0.0,0.44667237997055054,0.4439510703086853,30.310094833374023
296,39664,40000,11.082443237304688,0.00019715551752597094,0.007840242236852646,11.074405670166016,0.010485472157597542,10.025857925415039,0.0,0.47607967257499695,0.46853727102279663,33.3765754699707,0.010485472157597542,10.025857925415039,0.0,0.47607967257499695,0.46853727102279663,33.3765754699707
297,39798,40000,4.878678798675537,0.0003183984663337469,0.011738155968487263,4.866622447967529,0.0056538693606853485,4.301235675811768,0.0,0.4552795886993408,0.45097094774246216,31.264442443847656,0.0056538693606853485,4.301235675811768,0.0,0.4552795886993408,0.45097094774246216,31.264442443847656
298,39932,40000,7.642024040222168,0.0002696547599043697,0.007273973431438208,7.6344804763793945,0.009614439681172371,6.673036575317383,0.0,0.46887168288230896,0.46979349851608276,32.215145111083984,0.009614439681172371,6.673036575317383,0.0,0.46887168288230896,0.46979349851608276,32.215145111083984
299,40066,40000,7.909038066864014,0.00025143197854049504,0.010897683911025524,7.897889137268066,0.008174321614205837,7.0804572105407715,0.0,0.4699331820011139,0.45730334520339966,32.400814056396484,0.008174321614205837,7.0804572105407715,0.0,0.4699331820011139,0.45730334520339966,32.400814056396484
300,40200,40000,7.917598247528076,0.0002900048275478184,0.008516717702150345,7.908791542053223,0.010459600016474724,6.8628315925598145,0.0,0.47444668412208557,0.47012341022491455,32.133670806884766,0.010459600016474724,6.8628315925598145,0.0,0.47444668412208557,0.47012341022491455,32.133670806884766
301,40334,40000,6.471731185913086,0.00032087162253446877,0.010224188677966595,6.461185932159424,0.004881721921265125,5.973013877868652,0.0,0.45489925146102905,0.4432179927825928,31.566322326660156,0.004881721921265125,5.973013877868652,0.0,0.45489925146102905,0.4432179927825928,31.566322326660156
302,40468,40000,8.890420913696289,0.0003713816113304347,0.009488794952630997,8.880560874938965,0.005482245236635208,8.33233642578125,0.0,0.452574223279953,0.4521363377571106,30.65029525756836,0.005482245236635208,8.33233642578125,0.0,0.452574223279953,0.4521363377571106,30.65029525756836
303,40602,40000,13.526946067810059,0.00021833479695487767,0.006645764224231243,13.520081520080566,0.01410653255879879,12.109428405761719,0.0,0.4912525415420532,0.4760230779647827,33.624549865722656,0.01410653255879879,12.109428405761719,0.0,0.4912525415420532,0.4760230779647827,33.624549865722656
304,40736,40000,13.891694068908691,0.0002502095012459904,0.007423707749694586,13.88401985168457,0.0015357246156781912,13.730447769165039,0.0,0.43042704463005066,0.42469656467437744,28.95183563232422,0.0015357246156781912,13.730447769165039,0.0,0.43042704463005066,0.42469656467437744,28.95183563232422
305,40870,40000,6.987779140472412,0.0003315103822387755,0.010786175727844238,6.976661682128906,0.004243571311235428,6.552304744720459,0.0,0.45496922731399536,0.43495649099349976,31.605487823486328,0.004243571311235428,6.552304744720459,0.0,0.45496922731399536,0.43495649099349976,31.605487823486328
306,41004,40000,6.473503589630127,0.00025082507636398077,0.008671225048601627,6.464581489562988,0.007147836498916149,5.749797821044922,0.0,0.4585190415382385,0.4610193371772766,31.53528594970703,0.007147836498916149,5.749797821044922,0.0,0.4585190415382385,0.4610193371772766,31.53528594970703
307,41138,40000,6.649302959442139,0.0003797487879637629,0.01031937263906002,6.638603687286377,0.009791663847863674,5.65943717956543,0.0,0.47605112195014954,0.4633079171180725,32.41123962402344,0.009791663847863674,5.65943717956543,0.0,0.47605112195014954,0.4633079171180725,32.41123962402344
308,41272,40000,8.42876148223877,0.00030525351758114994,0.00937899574637413,8.419076919555664,0.004272837657481432,7.991793155670166,0.0,0.4520663022994995,0.4395213723182678,30.883024215698242,0.004272837657481432,7.991793155670166,0.0,0.4520663022994995,0.4395213723182678,30.883024215698242
309,41406,40000,19.192020416259766,0.00021941847808193415,0.008168231695890427,19.183631896972656,0.018814390525221825,17.30219268798828,0.0,0.5011752843856812,0.49261724948883057,34.70209503173828,0.018814390525221825,17.30219268798828,0.0,0.5011752843856812,0.49261724948883057,34.70209503173828
310,41540,40000,8.153463363647461,0.00033995351986959577,0.007845132611691952,8.145277976989746,0.01117636077105999,7.027641773223877,0.0,0.4791394770145416,0.4700949788093567,32.603145599365234,0.01117636077105999,7.027641773223877,0.0,0.4791394770145416,0.4700949788093567,32.603145599365234
311,41674,40000,10.500066757202148,0.0004958063364028931,0.008355987258255482,10.491214752197266,0.0024121119640767574,10.250003814697266,0.0,0.4398229420185089,0.42874449491500854,29.706483840942383,0.0024121119640767574,10.250003814697266,0.0,0.4398229420185089,0.42874449491500854,29.706483840942383
312,41808,40000,8.321028709411621,0.00031384386238642037,0.009688992984592915,8.311025619506836,0.00616831099614501,7.694194316864014,0.0,0.4559779465198517,0.45508885383605957,30.661354064941406,0.00616831099614501,7.694194316864014,0.0,0.4559779465198517,0.45508885383605957,30.661354064941406
313,41942,40000,8.194178581237793,0.0003607586841098964,0.007640796713531017,8.186177253723145,0.011532310396432877,7.032946586608887,0.0,0.477783203125,0.4740411043167114,32.86326599121094,0.011532310396432877,7.032946586608887,0.0,0.477783203125,0.4740411043167114,32.86326599121094
314,42076,40000,10.466935157775879,0.00023178131959866732,0.007926251739263535,10.45877742767334,0.0030508991330862045,10.153687477111816,0.0,0.44246968626976013,0.4353160858154297,29.43539810180664,0.0030508991330862045,10.153687477111816,0.0,0.44246968626976013,0.4353160858154297,29.43539810180664
315,42210,40000,9.2423677444458,0.00022566632833331823,0.0061028641648590565,9.236039161682129,0.0144561268389225,7.790426731109619,0.0,0.4903842806816101,0.4792894124984741,33.18992614746094,0.0144561268389225,7.790426731109619,0.0,0.4903842806816101,0.4792894124984741,33.18992614746094
316,42344,40000,6.507360458374023,0.000273592013400048,0.006661543622612953,6.500425338745117,0.007882688194513321,5.712156295776367,0.0,0.46570008993148804,0.4597175717353821,32.20063018798828,0.007882688194513321,5.712156295776367,0.0,0.46570008993148804,0.4597175717353821,32.20063018798828
317,42478,40000,7.9115118980407715,0.00042627975926734507,0.0104505755007267,7.900635242462158,0.004181419033557177,7.4824934005737305,0.0,0.45343461632728577,0.43641650676727295,31.403911590576172,0.004181419033557177,7.4824934005737305,0.0,0.45343461632728577,0.43641650676727295,31.403911590576172
318,42612,40000,11.121781349182129,0.0003916047571692616,0.009912915527820587,11.11147689819336,0.011576221324503422,9.95385456085205,0.0,0.48195987939834595,0.46970510482788086,33.47285461425781,0.011576221324503422,9.95385456085205,0.0,0.48195987939834595,0.46970510482788086,33.47285461425781
319,42746,40000,7.0012898445129395,0.00024780715466476977,0.008701066486537457,6.992341041564941,0.006927963346242905,6.299544811248779,0.0,0.45868515968322754,0.4590255618095398,31.330976486206055,0.006927963346242905,6.299544811248779,0.0,0.45868515968322754,0.4590255618095398,31.330976486206055
320,42880,40000,14.657630920410156,0.00025463232304900885,0.008863324299454689,14.648512840270996,0.0020321619231253862,14.445296287536621,0.0,0.4345150589942932,0.42899781465530396,28.97711944580078,0.0020321619231253862,14.445296287536621,0.0,0.4345150589942932,0.42899781465530396,28.97711944580078
321,43014,40000,8.842418670654297,0.0005251534748822451,0.011485726572573185,8.830408096313477,0.009371981024742126,7.893209934234619,0.0,0.4700448513031006,0.4668259024620056,31.23288345336914,0.009371981024742126,7.893209934234619,0.0,0.4700448513031006,0.4668259024620056,31.23288345336914
322,43148,40000,11.388837814331055,0.00019081136269960552,0.009401005692780018,11.37924575805664,0.0014266048092395067,11.23658561706543,0.0,0.42799779772758484,0.4253520965576172,29.235580444335938,0.0014266048092395067,11.23658561706543,0.0,0.42799779772758484,0.4253520965576172,29.235580444335938
323,43282,40000,8.666971206665039,0.00030098119168542325,0.009209598414599895,8.65746021270752,0.011731423437595367,7.484317779541016,0.0,0.47296640276908875,0.48004579544067383,31.425247192382812,0.011731423437595367,7.484317779541016,0.0,0.47296640276908875,0.48004579544067383,31.425247192382812
324,43416,40000,6.2660136222839355,0.0002599922299850732,0.008141791447997093,6.2576117515563965,0.006136203650385141,5.643991470336914,0.0,0.4584759473800659,0.45212262868881226,31.35702133178711,0.006136203650385141,5.643991470336914,0.0,0.4584759473800659,0.45212262868881226,31.35702133178711
325,43550,40000,11.230120658874512,0.00023872598831076175,0.008091634139418602,11.221790313720703,0.011238448321819305,10.097945213317871,0.0,0.47880521416664124,0.4709097146987915,33.14908981323242,0.011238448321819305,10.097945213317871,0.0,0.47880521416664124,0.4709097146987915,33.14908981323242
326,43684,40000,10.046431541442871,0.0002033896162174642,0.007622202858328819,10.038605690002441,0.0025907978415489197,9.779525756835938,0.0,0.4371594786643982,0.4347846508026123,30.032033920288086,0.0025907978415489197,9.779525756835938,0.0,0.4371594786643982,0.4347846508026123,30.032033920288086
327,43818,40000,7.085047245025635,0.0003606898244470358,0.007124615367501974,7.077561855316162,0.0068314047530293465,6.394421577453613,0.0,0.4594903290271759,0.457378625869751,31.68310546875,0.0068314047530293465,6.394421577453613,0.0,0.4594903290271759,0.457378625869751,31.68310546875
328,43952,40000,11.073739051818848,0.00022777974663767964,0.009769187308847904,11.063741683959961,0.0026825289241969585,10.795488357543945,0.0,0.43937230110168457,0.4336504340171814,29.60022735595703,0.0026825289241969585,10.795488357543945,0.0,0.43937230110168457,0.4336504340171814,29.60022735595703
329,44086,40000,8.286622047424316,0.00017666244821157306,0.011424355208873749,8.275020599365234,0.008474002592265606,7.4276204109191895,0.0,0.46847042441368103,0.4615288972854614,32.3569450378418,0.008474002592265606,7.4276204109191895,0.0,0.46847042441368103,0.4615288972854614,32.3569450378418
330,44220,40000,7.70188045501709,0.00026765288203023374,0.00949216727167368,7.692120552062988,0.009186608716845512,6.7734599113464355,0.0,0.47066831588745117,0.4647502899169922,32.46487045288086,0.009186608716845512,6.7734599113464355,0.0,0.47066831588745117,0.4647502899169922,32.46487045288086
331,44354,40000,11.409795761108398,0.0005237035220488906,0.010340913198888302,11.398931503295898,0.0030095537658780813,11.097975730895996,0.0,0.43867170810699463,0.4389108419418335,29.49951171875,0.0030095537658780813,11.097975730895996,0.0,0.43867170810699463,0.4389108419418335,29.49951171875
332,44488,40000,7.680340766906738,0.0003243327373638749,0.010338705964386463,7.669677734375,0.005872885696589947,7.0823893547058105,0.0,0.4603661596775055,0.44721031188964844,31.213855743408203,0.005872885696589947,7.0823893547058105,0.0,0.4603661596775055,0.44721031188964844,31.213855743408203
333,44622,40000,7.289844036102295,0.0002799483190756291,0.011588403023779392,7.277975559234619,0.00715004513040185,6.562971115112305,0.0,0.4668515920639038,0.45177751779556274,31.899385452270508,0.00715004513040185,6.562971115112305,0.0,0.4668515920639038,0.45177751779556274,31.899385452270508
334,44756,40000,8.356391906738281,0.00022981197980698198,0.01012764498591423,8.346034049987793,0.007171934936195612,7.628840446472168,0.0,0.4650525748729706,0.4542226791381836,31.689193725585938,0.007171934936195612,7.628840446472168,0.0,0.4650525748729706,0.4542226791381836,31.689193725585938
335,44890,40000,9.242527961730957,0.00035465939436107874,0.008593830280005932,9.233579635620117,0.0032061836682260036,8.91296100616455,0.0,0.4388009011745453,0.44123923778533936,29.699552536010742,0.0032061836682260036,8.91296100616455,0.0,0.4388009011745453,0.44123923778533936,29.699552536010742
336,45024,40000,8.938186645507812,0.0003223569074179977,0.008365970104932785,8.929498672485352,0.009848088957369328,7.944689750671387,0.0,0.467769980430603,0.47249358892440796,31.508821487426758,0.009848088957369328,7.944689750671387,0.0,0.467769980430603,0.47249358892440796,31.508821487426758
337,45158,40000,10.073412895202637,0.00018100602028425783,0.008574380539357662,10.064657211303711,0.009155443869531155,9.149112701416016,0.0,0.4794168770313263,0.45337045192718506,33.07057189941406,0.009155443869531155,9.149112701416016,0.0,0.4794168770313263,0.45337045192718506,33.07057189941406
338,45292,40000,11.918331146240234,0.00046467038919217885,0.011873522773385048,11.90599250793457,0.002350286580622196,11.670964241027832,0.0,0.4378511607646942,0.4302915334701538,29.583406448364258,0.002350286580622196,11.670964241027832,0.0,0.4378511607646942,0.4302915334701538,29.583406448364258
339,45426,40000,6.611229419708252,0.00022659167007077485,0.00850715022534132,6.6024956703186035,0.007466060109436512,5.855889797210693,0.0,0.4639909267425537,0.45806223154067993,31.938528060913086,0.007466060109436512,5.855889797210693,0.0,0.4639909267425537,0.45806223154067993,31.938528060913086
340,45560,40000,7.703449249267578,0.0001979261141968891,0.00864650309085846,7.694604873657227,0.008553293533623219,6.839275360107422,0.0,0.4757590889930725,0.4530457854270935,32.57667541503906,0.008553293533623219,6.839275360107422,0.0,0.4757590889930725,0.4530457854270935,32.57667541503906
341,45694,40000,7.394639492034912,0.00020446367852855474,0.00872449018061161,7.385710716247559,0.008389150723814964,6.546795845031738,0.0,0.4756561517715454,0.4516265392303467,32.508846282958984,0.008389150723814964,6.546795845031738,0.0,0.4756561517715454,0.4516265392303467,32.508846282958984
342,45828,40000,4.8423566818237305,0.00017076478980015963,0.008651893585920334,4.833534240722656,0.00899901520460844,3.9336326122283936,0.0,0.47335389256477356,0.46015167236328125,32.138790130615234,0.00899901520460844,3.9336326122283936,0.0,0.47335389256477356,0.46015167236328125,32.138790130615234
343,45962,40000,12.305952072143555,0.00020710132957901806,0.008385801687836647,12.297359466552734,0.013258763588964939,10.97148323059082,0.0,0.48982763290405273,0.47203999757766724,33.824066162109375,0.013258763588964939,10.97148323059082,0.0,0.48982763290405273,0.47203999757766724,33.824066162109375
344,46096,40000,8.405058860778809,0.0005972517537884414,0.008954380638897419,8.395506858825684,0.0048564039170742035,7.909866809844971,0.0,0.4440731108188629,0.4539811611175537,30.286161422729492,0.0048564039170742035,7.909866809844971,0.0,0.4440731108188629,0.4539811611175537,30.286161422729492
345,46230,40000,7.810600280761719,0.0002151766384486109,0.007331819739192724,7.803053379058838,0.00774911604821682,7.028141975402832,0.0,0.4601362645626068,0.4642864465713501,31.10565185546875,0.00774911604821682,7.028141975402832,0.0,0.4601362645626068,0.4642864465713501,31.10565185546875
346,46364,40000,9.13010025024414,0.0002016315411310643,0.011941018514335155,9.117958068847656,0.010620445013046265,8.055913925170898,0.0,0.47656965255737305,0.46897488832473755,32.79544448852539,0.010620445013046265,8.055913925170898,0.0,0.47656965255737305,0.46897488832473755,32.79544448852539
347,46498,40000,10.681526184082031,0.00025987095432356,0.009471433237195015,10.671794891357422,0.002299701562151313,10.441824913024902,0.0,0.43067467212677,0.43686145544052124,29.562889099121094,0.002299701562151313,10.441824913024902,0.0,0.43067467212677,0.43686145544052124,29.562889099121094
348,46632,40000,10.438499450683594,0.0001935284526553005,0.009335278533399105,10.428970336914062,0.009711379185318947,9.457832336425781,0.0,0.4780905842781067,0.46011024713516235,33.02352523803711,0.009711379185318947,9.457832336425781,0.0,0.4780905842781067,0.46011024713516235,33.02352523803711
349,46766,40000,9.36683177947998,0.0004891275893896818,0.008868665434420109,9.357474327087402,0.005460246931761503,8.811450004577637,0.0,0.4419267475605011,0.46084731817245483,30.466928482055664,0.005460246931761503,8.811450004577637,0.0,0.4419267475605011,0.46084731817245483,30.466928482055664
350,46900,40000,7.249143600463867,0.00017382577061653137,0.006359441671520472,7.242610454559326,0.003014910500496626,6.941119194030762,0.0,0.4438289701938629,0.4330746531486511,30.211315155029297,0.003014910500496626,6.941119194030762,0.0,0.4438289701938629,0.4330746531486511,30.211315155029297
351,47034,40000,9.396469116210938,0.0006293213227763772,0.010679248720407486,9.385160446166992,0.010552521795034409,8.32990837097168,0.0,0.47643107175827026,0.4686353802680969,32.49163055419922,0.010552521795034409,8.32990837097168,0.0,0.47643107175827026,0.4686353802680969,32.49163055419922
352,47168,40000,8.384572982788086,0.0003103409253526479,0.008463884703814983,8.375799179077148,0.00913885235786438,7.4619140625,0.0,0.4664904773235321,0.4686867594718933,32.05095291137695,0.00913885235786438,7.4619140625,0.0,0.4664904773235321,0.4686867594718933,32.05095291137695
353,47302,40000,9.073131561279297,0.00022007437655702233,0.006411614362150431,9.066499710083008,0.005496441386640072,8.516855239868164,0.0,0.4594569206237793,0.4442867636680603,31.578571319580078,0.005496441386640072,8.516855239868164,0.0,0.4594569206237793,0.4442867636680603,31.578571319580078
354,47436,40000,8.303133010864258,0.00023000653891358525,0.011514818295836449,8.291388511657715,0.011309025809168816,7.160485744476318,0.0,0.47641047835350037,0.47396260499954224,32.69987487792969,0.011309025809168816,7.160485744476318,0.0,0.47641047835350037,0.47396260499954224,32.69987487792969
355,47570,40000,6.023342132568359,0.00021053578529972583,0.01085688080638647,6.012274742126465,0.006835137493908405,5.328761100769043,0.0,0.46521249413490295,0.4508180022239685,31.253185272216797,0.006835137493908405,5.328761100769043,0.0,0.46521249413490295,0.4508180022239685,31.253185272216797
356,47704,40000,6.177013874053955,0.00024502156884409487,0.0077898032031953335,6.168979167938232,0.004338841885328293,5.735095024108887,0.0,0.44828248023986816,0.4448067545890808,30.948081970214844,0.004338841885328293,5.735095024108887,0.0,0.44828248023986816,0.4448067545890808,30.948081970214844
357,47838,40000,15.71300220489502,0.00018268803250975907,0.011571386829018593,15.701248168945312,0.01416684128344059,14.284564018249512,0.0,0.48852425813674927,0.4795631766319275,34.00852966308594,0.01416684128344059,14.284564018249512,0.0,0.48852425813674927,0.4795631766319275,34.00852966308594
358,47972,40000,6.409726142883301,0.0003068216028623283,0.01095280610024929,6.39846658706665,0.008915979415178299,5.506868839263916,0.0,0.46333813667297363,0.47003042697906494,31.918075561523438,0.008915979415178299,5.506868839263916,0.0,0.46333813667297363,0.47003042697906494,31.918075561523438
359,48106,40000,8.661725997924805,0.00022880517644807696,0.00975376833230257,8.65174388885498,0.006043880712240934,8.047355651855469,0.0,0.46630173921585083,0.4405950903892517,31.824716567993164,0.006043880712240934,8.047355651855469,0.0,0.46630173921585083,0.4405950903892517,31.824716567993164
360,48240,40000,8.307243347167969,0.000364787585567683,0.008119182661175728,8.298759460449219,0.010183768346905708,7.2803826332092285,0.0,0.4677143692970276,0.47482335567474365,31.779098510742188,0.010183768346905708,7.2803826332092285,0.0,0.4677143692970276,0.47482335567474365,31.779098510742188
361,48374,40000,7.712247848510742,0.0003396357933524996,0.009581794030964375,7.70232629776001,0.006212364882230759,7.081089973449707,0.0,0.4578661620616913,0.4535151720046997,31.5263729095459,0.006212364882230759,7.081089973449707,0.0,0.4578661620616913,0.4535151720046997,31.5263729095459
362,48508,40000,6.847523212432861,0.0004082991508767009,0.009164038114249706,6.837950706481934,0.0046914974227547646,6.368801116943359,0.0,0.44919607043266296,0.44765758514404297,30.832468032836914,0.0046914974227547646,6.368801116943359,0.0,0.44919607043266296,0.44765758514404297,30.832468032836914
363,48642,40000,10.079090118408203,0.0002490113256499171,0.009333038702607155,10.069507598876953,0.014055844396352768,8.663923263549805,0.0,0.47329282760620117,0.4931880235671997,32.26502990722656,0.014055844396352768,8.663923263549805,0.0,0.47329282760620117,0.4931880235671997,32.26502990722656
364,48776,40000,12.073235511779785,0.000231097437790595,0.008775128982961178,12.064229011535645,0.018881332129240036,10.176095962524414,0.0,0.5001214146614075,0.4941118359565735,33.92070007324219,0.018881332129240036,10.176095962524414,0.0,0.5001214146614075,0.4941118359565735,33.92070007324219
365,48910,40000,12.299705505371094,0.00019798858556896448,0.010804460383951664,12.288702964782715,0.002866119612008333,12.002091407775879,0.0,0.43134891986846924,0.44339776039123535,29.440048217773438,0.002866119612008333,12.002091407775879,0.0,0.43134891986846924,0.44339776039123535,29.440048217773438
366,49044,40000,8.305252075195312,0.00021541849127970636,0.009599575772881508,8.29543685913086,0.005874680355191231,7.707968711853027,0.0,0.4584847688674927,0.44954001903533936,30.287120819091797,0.005874680355191231,7.707968711853027,0.0,0.4584847688674927,0.44954001903533936,30.287120819091797
367,49178,40000,15.128143310546875,0.00017918994126375765,0.010698681697249413,15.117265701293945,0.016474775969982147,13.469788551330566,0.0,0.48946717381477356,0.49203479290008545,34.381065368652344,0.016474775969982147,13.469788551330566,0.0,0.48946717381477356,0.49203479290008545,34.381065368652344
368,49312,40000,5.989067077636719,0.000326399109326303,0.012728587724268436,5.976012229919434,0.005496447905898094,5.426367282867432,0.0,0.452635794878006,0.45221036672592163,31.04776382446289,0.005496447905898094,5.426367282867432,0.0,0.452635794878006,0.45221036672592163,31.04776382446289
369,49446,40000,8.805863380432129,0.00018700369400903583,0.0078555503860116,8.797821044921875,0.012320013716816902,7.565819263458252,0.0,0.4724542200565338,0.48408567905426025,31.840961456298828,0.012320013716816902,7.565819263458252,0.0,0.4724542200565338,0.48408567905426025,31.840961456298828
370,49580,40000,8.100536346435547,0.00037009629886597395,0.010106024332344532,8.090060234069824,0.006481550633907318,7.4419050216674805,0.0,0.4497348368167877,0.46330875158309937,31.08757781982422,0.006481550633907318,7.4419050216674805,0.0,0.4497348368167877,0.46330875158309937,31.08757781982422
371,49714,40000,6.514842987060547,0.00019323540618643165,0.006239931099116802,6.5084099769592285,0.0096896318718791,5.539446830749512,0.0,0.475624144077301,0.4630128741264343,32.51089859008789,0.0096896318718791,5.539446830749512,0.0,0.475624144077301,0.4630128741264343,32.51089859008789
372,49848,40000,7.165971755981445,0.00018403636931907386,0.009679984301328659,7.1561079025268555,0.012707486748695374,5.885359287261963,0.0,0.4783785939216614,0.4810202717781067,32.290687561035156,0.012707486748695374,5.885359287261963,0.0,0.4783785939216614,0.4810202717781067,32.290687561035156
373,49982,40000,7.07695198059082,0.000203219911782071,0.009881601668894291,7.066867351531982,0.0084532480686903,6.2215423583984375,0.0,0.4634847342967987,0.46650516986846924,31.4881649017334,0.0084532480686903,6.2215423583984375,0.0,0.4634847342967987,0.46650516986846924,31.4881649017334
374,50116,40000,11.41628360748291,0.00023840615176595747,0.0088154636323452,11.40722942352295,0.0025312735233455896,11.154102325439453,0.0,0.430562287569046,0.43996524810791016,29.161975860595703,0.0025312735233455896,11.154102325439453,0.0,0.430562287569046,0.43996524810791016,29.161975860595703
375,50250,40000,7.131984233856201,0.0002554870443418622,0.0115656778216362,7.1201629638671875,0.007547711953520775,6.365391731262207,0.0,0.46672630310058594,0.45563554763793945,32.062400817871094,0.007547711953520775,6.365391731262207,0.0,0.46672630310058594,0.45563554763793945,32.062400817871094
376,50384,40000,7.4402971267700195,0.0002452867338433862,0.010093849152326584,7.429957866668701,0.00601828470826149,6.828129291534424,0.0,0.4507840871810913,0.458645224571228,30.852680206298828,0.00601828470826149,6.828129291534424,0.0,0.4507840871810913,0.458645224571228,30.852680206298828
377,50518,40000,6.153661727905273,0.0001771881798049435,0.005976204760372639,6.147508144378662,0.008020466193556786,5.345461368560791,0.0,0.4708425998687744,0.4547886252403259,32.3799934387207,0.008020466193556786,5.345461368560791,0.0,0.4708425998687744,0.4547886252403259,32.3799934387207
378,50652,40000,7.1422119140625,0.00032775019644759595,0.01100039854645729,7.130883693695068,0.006241043098270893,6.506779193878174,0.0,0.46002984046936035,0.4513562321662903,31.28998565673828,0.006241043098270893,6.506779193878174,0.0,0.46002984046936035,0.4513562321662903,31.28998565673828
379,50786,40000,6.68220853805542,0.0002969055203720927,0.006926666013896465,6.674984931945801,0.00802687555551529,5.872297286987305,0.0,0.46738502383232117,0.4590435028076172,31.759519577026367,0.00802687555551529,5.872297286987305,0.0,0.46738502383232117,0.4590435028076172,31.759519577026367
380,50920,40000,5.756094455718994,0.0003616575268097222,0.008445462211966515,5.747287273406982,0.007035158574581146,5.043771266937256,0.0,0.4664941430091858,0.45112425088882446,32.09331130981445,0.007035158574581146,5.043771266937256,0.0,0.4664941430091858,0.45112425088882446,32.09331130981445
381,51054,40000,14.430472373962402,0.000322408159263432,0.00761830247938633,14.422532081604004,0.0012931372039020061,14.293218612670898,0.0,0.42768049240112305,0.4229549169540405,28.81454086303711,0.0012931372039020061,14.293218612670898,0.0,0.42768049240112305,0.4229549169540405,28.81454086303711
382,51188,40000,6.055078029632568,0.0001955833431566134,0.009065228514373302,6.0458173751831055,0.009296443313360214,5.116172790527344,0.0,0.46127307415008545,0.4744449853897095,31.60442543029785,0.009296443313360214,5.116172790527344,0.0,0.46127307415008545,0.4744449853897095,31.60442543029785
383,51322,40000,6.827812194824219,0.00048105017049238086,0.011471551842987537,6.815859794616699,0.00679498678073287,6.136361122131348,0.0,0.46151942014694214,0.4548666477203369,31.9060115814209,0.00679498678073287,6.136361122131348,0.0,0.46151942014694214,0.4548666477203369,31.9060115814209
384,51456,40000,8.509002685546875,0.00018201087368652225,0.013771463185548782,8.495049476623535,0.003991441801190376,8.095905303955078,0.0,0.4448636770248413,0.4444825053215027,30.274843215942383,0.003991441801190376,8.095905303955078,0.0,0.4448636770248413,0.4444825053215027,30.274843215942383
385,51590,40000,15.502413749694824,0.0005016220966354012,0.008004498668015003,15.493907928466797,0.021772045642137527,13.316703796386719,0.0,0.5015376210212708,0.5070614814758301,34.26524353027344,0.021772045642137527,13.316703796386719,0.0,0.5015376210212708,0.5070614814758301,34.26524353027344
386,51724,40000,6.792067527770996,0.00022701174020767212,0.009301967918872833,6.782538414001465,0.009145512245595455,5.867987155914307,0.0,0.46434831619262695,0.47074466943740845,32.07307815551758,0.009145512245595455,5.867987155914307,0.0,0.46434831619262695,0.47074466943740845,32.07307815551758
387,51858,40000,11.24171257019043,0.00016600625531282276,0.010758906602859497,11.23078727722168,0.002702783327549696,10.960509300231934,0.0,0.430972158908844,0.44175535440444946,29.614585876464844,0.002702783327549696,10.960509300231934,0.0,0.430972158908844,0.44175535440444946,29.614585876464844
388,51992,40000,6.435959815979004,0.00021409975306596607,0.009210971184074879,6.426534652709961,0.007171510718762875,5.709383487701416,0.0,0.45969757437705994,0.46006423234939575,32.10362243652344,0.007171510718762875,5.709383487701416,0.0,0.45969757437705994,0.46006423234939575,32.10362243652344
389,52126,40000,11.022051811218262,0.00017284085333812982,0.006732380948960781,11.015146255493164,0.01259643118828535,9.755502700805664,0.0,0.47840696573257446,0.4803043007850647,33.552215576171875,0.01259643118828535,9.755502700805664,0.0,0.47840696573257446,0.4803043007850647,33.552215576171875
390,52260,40000,7.976070880889893,0.0002277866587974131,0.010233253240585327,7.965610027313232,0.006446235813200474,7.320986270904541,0.0,0.44976702332496643,0.46300381422042847,30.671239852905273,0.006446235813200474,7.320986270904541,0.0,0.44976702332496643,0.46300381422042847,30.671239852905273
391,52394,40000,6.75706672668457,0.000204270108952187,0.007344542536884546,6.749517917633057,0.010160153731703758,5.733502388000488,0.0,0.4749545753002167,0.4673941135406494,32.23179626464844,0.010160153731703758,5.733502388000488,0.0,0.4749545753002167,0.4673941135406494,32.23179626464844
392,52528,40000,8.443828582763672,0.0001644396543269977,0.009835788980126381,8.433828353881836,0.012417091056704521,7.192119598388672,0.0,0.4760451912879944,0.48145073652267456,32.963077545166016,0.012417091056704521,7.192119598388672,0.0,0.4760451912879944,0.48145073652267456,32.963077545166016
393,52662,40000,11.008246421813965,0.0002789002319332212,0.009662766009569168,10.99830436706543,0.0023918377701193094,10.75912094116211,0.0,0.42946484684944153,0.439034104347229,29.719078063964844,0.0023918377701193094,10.75912094116211,0.0,0.42946484684944153,0.439034104347229,29.719078063964844
394,52796,40000,10.403120994567871,0.0004773879481945187,0.008426410146057606,10.394217491149902,0.013973181135952473,8.996899604797363,0.0,0.47872984409332275,0.48817479610443115,33.35722732543945,0.013973181135952473,8.996899604797363,0.0,0.47872984409332275,0.48817479610443115,33.35722732543945
395,52930,40000,9.956530570983887,0.00020835560280829668,0.006308001931756735,9.950014114379883,0.007879173383116722,9.162096977233887,0.0,0.46079811453819275,0.46467429399490356,32.40615463256836,0.007879173383116722,9.162096977233887,0.0,0.46079811453819275,0.46467429399490356,32.40615463256836
396,53064,40000,7.144030570983887,0.00019449579122010618,0.010655811987817287,7.133180141448975,0.007274257019162178,6.405754566192627,0.0,0.452718585729599,0.4670448303222656,31.431961059570312,0.007274257019162178,6.405754566192627,0.0,0.452718585729599,0.4670448303222656,31.431961059570312
397,53198,40000,6.069387435913086,0.0007213516510091722,0.008898481726646423,6.059767723083496,0.007018319331109524,5.357935905456543,0.0,0.4549359977245331,0.4632483720779419,31.39876937866211,0.007018319331109524,5.357935905456543,0.0,0.4549359977245331,0.4632483720779419,31.39876937866211
398,53332,40000,6.496367931365967,0.00022285457816906273,0.011344710364937782,6.484800338745117,0.00827641598880291,5.657158851623535,0.0,0.45717984437942505,0.4707593321800232,31.314592361450195,0.00827641598880291,5.657158851623535,0.0,0.45717984437942505,0.4707593321800232,31.314592361450195
399,53466,40000,10.168428421020508,0.0003440482832957059,0.010557079687714577,10.157526969909668,0.011466572061181068,9.010869979858398,0.0,0.4747186005115509,0.47670531272888184,33.02751922607422,0.011466572061181068,9.010869979858398,0.0,0.4747186005115509,0.47670531272888184,33.02751922607422
400,53600,40000,6.563831806182861,0.00017326034139841795,0.00934005156159401,6.554318428039551,0.0069823493249714375,5.856083393096924,0.0,0.454994797706604,0.46291202306747437,31.280447006225586,0.0069823493249714375,5.856083393096924,0.0,0.454994797706604,0.46291202306747437,31.280447006225586
401,53734,40000,9.62839412689209,0.00026122239069081843,0.010461865924298763,9.617671012878418,0.0025468573439866304,9.362985610961914,0.0,0.43543869256973267,0.43592989444732666,29.882768630981445,0.0025468573439866304,9.362985610961914,0.0,0.43543869256973267,0.43592989444732666,29.882768630981445
402,53868,40000,6.321156024932861,0.0002503621799405664,0.009982587769627571,6.310923099517822,0.011194190010428429,5.191504001617432,0.0,0.4630345404148102,0.48497551679611206,31.419668197631836,0.011194190010428429,5.191504001617432,0.0,0.4630345404148102,0.48497551679611206,31.419668197631836
403,54002,40000,10.854970932006836,0.00025774381356313825,0.007638643961399794,10.847074508666992,0.004441599361598492,10.402915000915527,0.0,0.441222608089447,0.4523669481277466,29.843191146850586,0.004441599361598492,10.402915000915527,0.0,0.441222608089447,0.4523669481277466,29.843191146850586
404,54136,40000,7.516449928283691,0.00032964604906737804,0.007886775769293308,7.508233547210693,0.008113805204629898,6.696853160858154,0.0,0.4666723310947418,0.46056902408599854,32.33937454223633,0.008113805204629898,6.696853160858154,0.0,0.4666723310947418,0.46056902408599854,32.33937454223633
405,54270,40000,6.358483791351318,0.00016123507521115243,0.0071029807440936565,6.351219654083252,0.007917165756225586,5.559503078460693,0.0,0.4564506709575653,0.4687785506248474,31.558555603027344,0.007917165756225586,5.559503078460693,0.0,0.4564506709575653,0.4687785506248474,31.558555603027344
406,54404,40000,7.741235733032227,0.00048155899276025593,0.014340623281896114,7.726413726806641,0.004854600410908461,7.24095344543457,0.0,0.441527783870697,0.45594680309295654,30.511465072631836,0.004854600410908461,7.24095344543457,0.0,0.441527783870697,0.45594680309295654,30.511465072631836
407,54538,40000,11.217344284057617,0.00020318875613156706,0.015735385939478874,11.20140552520752,0.012325543910264969,9.968851089477539,0.0,0.48549574613571167,0.47082388401031494,33.4076042175293,0.012325543910264969,9.968851089477539,0.0,0.48549574613571167,0.47082388401031494,33.4076042175293
408,54672,40000,9.110700607299805,0.00024437514366582036,0.012023678049445152,9.098432540893555,0.008767303079366684,8.221702575683594,0.0,0.46604296565055847,0.466374933719635,31.442428588867188,0.008767303079366684,8.221702575683594,0.0,0.46604296565055847,0.466374933719635,31.442428588867188
409,54806,40000,8.239751815795898,0.0001549651351524517,0.007637536618858576,8.231959342956543,0.009315666742622852,7.3003926277160645,0.0,0.46357211470603943,0.4726240634918213,32.1619873046875,0.009315666742622852,7.3003926277160645,0.0,0.46357211470603943,0.4726240634918213,32.1619873046875
410,54940,40000,6.035446643829346,0.0002513143699616194,0.008682433515787125,6.02651309967041,0.008216285146772861,5.2048845291137695,0.0,0.4650478959083557,0.4631273150444031,31.664045333862305,0.008216285146772861,5.2048845291137695,0.0,0.4650478959083557,0.4631273150444031,31.664045333862305
411,55074,40000,7.993019104003906,0.00022698786051478237,0.00833076611161232,7.984461307525635,0.005288954824209213,7.455565929412842,0.0,0.4505269527435303,0.4523066282272339,31.233436584472656,0.005288954824209213,7.455565929412842,0.0,0.4505269527435303,0.4523066282272339,31.233436584472656
412,55208,40000,7.475268840789795,0.00024668974219821393,0.008537553250789642,7.466484546661377,0.008438537828624249,6.622630596160889,0.0,0.4596988558769226,0.46981823444366455,32.04607009887695,0.008438537828624249,6.622630596160889,0.0,0.4596988558769226,0.46981823444366455,32.04607009887695
413,55342,40000,11.098851203918457,0.00020879109797533602,0.011696635745465755,11.086945533752441,0.015057316049933434,9.58121395111084,0.0,0.4732039272785187,0.49848097562789917,32.85993576049805,0.015057316049933434,9.58121395111084,0.0,0.4732039272785187,0.49848097562789917,32.85993576049805
414,55476,40000,8.350618362426758,0.00027007239987142384,0.006475901231169701,8.3438720703125,0.013060707598924637,7.0378007888793945,0.0,0.4698759615421295,0.49043262004852295,32.58919143676758,0.013060707598924637,7.0378007888793945,0.0,0.4698759615421295,0.49043262004852295,32.58919143676758
415,55610,40000,7.228435039520264,0.0002014078345382586,0.015510487370193005,7.212723255157471,0.007849001325666904,6.427823066711426,0.0,0.4680771231651306,0.45669662952423096,32.32695007324219,0.007849001325666904,6.427823066711426,0.0,0.4680771231651306,0.45669662952423096,32.32695007324219
416,55744,40000,8.989358901977539,0.00032032153103500605,0.008433609269559383,8.980605125427246,0.010976700112223625,7.882935047149658,0.0,0.46170955896377563,0.4846677780151367,31.655569076538086,0.010976700112223625,7.882935047149658,0.0,0.46170955896377563,0.4846677780151367,31.655569076538086
417,55878,40000,8.57398796081543,0.0002838711952790618,0.013147859834134579,8.560556411743164,0.010528068989515305,7.507749080657959,0.0,0.4655555784702301,0.47893375158309937,32.422733306884766,0.010528068989515305,7.507749080657959,0.0,0.4655555784702301,0.47893375158309937,32.422733306884766
418,56012,40000,9.554244995117188,0.0003389132907614112,0.008039646781980991,9.545866012573242,0.005907883867621422,8.955077171325684,0.0,0.44115880131721497,0.46491408348083496,30.078641891479492,0.005907883867621422,8.955077171325684,0.0,0.44115880131721497,0.46491408348083496,30.078641891479492
419,56146,40000,7.659505844116211,0.00031331664649769664,0.010421535931527615,7.648770809173584,0.006747149396687746,6.974055767059326,0.0,0.4552440345287323,0.4607885479927063,31.472745895385742,0.006747149396687746,6.974055767059326,0.0,0.4552440345287323,0.4607885479927063,31.472745895385742
420,56280,40000,7.615809917449951,0.0001797572913346812,0.0062340074218809605,7.609395980834961,0.012574045918881893,6.351991176605225,0.0,0.47687476873397827,0.48163527250289917,32.618934631347656,0.012574045918881893,6.351991176605225,0.0,0.47687476873397827,0.48163527250289917,32.618934631347656
421,56414,40000,10.164609909057617,0.00012202877405798063,0.011367426253855228,10.153120040893555,0.0024016383104026318,9.912956237792969,0.0,0.43186649680137634,0.43723124265670776,29.87567710876465,0.0024016383104026318,9.912956237792969,0.0,0.43186649680137634,0.43723124265670776,29.87567710876465
422,56548,40000,8.135150909423828,0.00017340619524475187,0.011380000039935112,8.123597145080566,0.012479602359235287,6.875637054443359,0.0,0.47547537088394165,0.4823594093322754,32.823001861572266,0.012479602359235287,6.875637054443359,0.0,0.47547537088394165,0.4823594093322754,32.823001861572266
423,56682,40000,12.457284927368164,0.00024498108541592956,0.007783453445881605,12.449256896972656,0.013535140082240105,11.095743179321289,0.0,0.484386682510376,0.48008763790130615,33.70441436767578,0.013535140082240105,11.095743179321289,0.0,0.484386682510376,0.48008763790130615,33.70441436767578
424,56816,40000,7.739504337310791,0.0002908525348175317,0.008248739875853062,7.730964660644531,0.00854966789484024,6.875998020172119,0.0,0.4629566967487335,0.4677209258079529,31.99509048461914,0.00854966789484024,6.875998020172119,0.0,0.4629566967487335,0.4677209258079529,31.99509048461914
425,56950,40000,5.289055347442627,0.00018381148402113467,0.01072867400944233,5.278142929077148,0.008901124820113182,4.388030529022217,0.0,0.4621434509754181,0.4709881544113159,32.00025177001953,0.008901124820113182,4.388030529022217,0.0,0.4621434509754181,0.4709881544113159,32.00025177001953
426,57084,40000,8.710198402404785,0.00018021113646682352,0.00744211208075285,8.70257568359375,0.0046036443673074245,8.24221134185791,0.0,0.442032128572464,0.45326298475265503,30.213064193725586,0.0046036443673074245,8.24221134185791,0.0,0.442032128572464,0.45326298475265503,30.213064193725586
427,57218,40000,6.1112060546875,0.00024647614918649197,0.007667373400181532,6.103291988372803,0.010397935286164284,5.063498497009277,0.0,0.466800719499588,0.4770428538322449,31.719562530517578,0.010397935286164284,5.063498497009277,0.0,0.466800719499588,0.4770428538322449,31.719562530517578
428,57352,40000,6.30188512802124,0.0003476080601103604,0.010629772208631039,6.290907859802246,0.006061682477593422,5.684739589691162,0.0,0.4499742388725281,0.45970141887664795,31.276344299316406,0.006061682477593422,5.684739589691162,0.0,0.4499742388725281,0.45970141887664795,31.276344299316406
429,57486,40000,8.22723388671875,0.00012689312279690057,0.008160462602972984,8.21894645690918,0.01090093981474638,7.128852367401123,0.0,0.4679151475429535,0.4792999029159546,32.30966567993164,0.01090093981474638,7.128852367401123,0.0,0.4679151475429535,0.4792999029159546,32.30966567993164
430,57620,40000,6.767917633056641,0.00025881812325678766,0.007697782013565302,6.759961128234863,0.005392896942794323,6.2206711769104,0.0,0.45142796635627747,0.45242196321487427,31.044330596923828,0.005392896942794323,6.2206711769104,0.0,0.45142796635627747,0.45242196321487427,31.044330596923828
431,57754,40000,7.210158824920654,0.0003429119533393532,0.011556586250662804,7.198259353637695,0.005056903697550297,6.692568778991699,0.0,0.44764015078544617,0.4527950882911682,31.042438507080078,0.005056903697550297,6.692568778991699,0.0,0.44764015078544617,0.4527950882911682,31.042438507080078
432,57888,40000,5.709254264831543,0.00015926326159387827,0.0077428086660802364,5.701352119445801,0.006990563124418259,5.002295970916748,0.0,0.45601144433021545,0.46207481622695923,31.65793228149414,0.006990563124418259,5.002295970916748,0.0,0.45601144433021545,0.46207481622695923,31.65793228149414
433,58022,40000,7.768346786499023,0.00028655308415181935,0.009360427968204021,7.758699893951416,0.006549071986228228,7.103792667388916,0.0,0.4484938681125641,0.46478748321533203,30.960500717163086,0.006549071986228228,7.103792667388916,0.0,0.4484938681125641,0.46478748321533203,30.960500717163086
434,58156,40000,7.335093021392822,0.00028682465199381113,0.010021258145570755,7.324784755706787,0.009202942252159119,6.4044904708862305,0.0,0.4653894007205963,0.4701938033103943,31.272470474243164,0.009202942252159119,6.4044904708862305,0.0,0.4653894007205963,0.4701938033103943,31.272470474243164
435,58290,40000,8.299118041992188,0.0002580763539299369,0.00976748950779438,8.289092063903809,0.0030891920905560255,7.980172634124756,0.0,0.43721428513526917,0.44128304719924927,30.1864013671875,0.0030891920905560255,7.980172634124756,0.0,0.43721428513526917,0.44128304719924927,30.1864013671875
436,58424,40000,5.70869255065918,0.0004377853183541447,0.01447705365717411,5.693777561187744,0.008695593103766441,4.824218273162842,0.0,0.4670422375202179,0.46481460332870483,32.02116012573242,0.008695593103766441,4.824218273162842,0.0,0.4670422375202179,0.46481460332870483,32.02116012573242
437,58558,40000,8.930156707763672,0.00021064069005660713,0.0092131607234478,8.920732498168945,0.012141904793679714,7.706542491912842,0.0,0.47605377435684204,0.4797353744506836,33.16279220581055,0.012141904793679714,7.706542491912842,0.0,0.47605377435684204,0.4797353744506836,33.16279220581055
438,58692,40000,8.338325500488281,0.00013445079093798995,0.00868566706776619,8.32950496673584,0.00667179748415947,7.662325382232666,0.0,0.44783058762550354,0.46621203422546387,31.015893936157227,0.00667179748415947,7.662325382232666,0.0,0.44783058762550354,0.46621203422546387,31.015893936157227
439,58826,40000,16.553152084350586,0.0004345023771747947,0.015032166615128517,16.53768539428711,0.002309780800715089,16.30670738220215,0.0,0.4205136299133301,0.4434623122215271,28.754648208618164,0.002309780800715089,16.30670738220215,0.0,0.4205136299133301,0.4434623122215271,28.754648208618164
440,58960,40000,9.121437072753906,0.0008079251856543124,0.008414242416620255,9.112215042114258,0.0064744893461465836,8.464766502380371,0.0,0.4450930058956146,0.4666416645050049,30.39175796508789,0.0064744893461465836,8.464766502380371,0.0,0.4450930058956146,0.4666416645050049,30.39175796508789
441,59094,40000,9.197741508483887,0.0006595519953407347,0.0053711747750639915,9.191710472106934,0.010938452556729317,8.097865104675293,0.0,0.4722795784473419,0.475591778755188,32.69438552856445,0.010938452556729317,8.097865104675293,0.0,0.4722795784473419,0.475591778755188,32.69438552856445
442,59228,40000,7.03240966796875,0.00046949367970228195,0.008376609534025192,7.023563385009766,0.006138236727565527,6.409739971160889,0.0,0.447165310382843,0.4625593423843384,30.87655258178711,0.006138236727565527,6.409739971160889,0.0,0.447165310382843,0.4625593423843384,30.87655258178711
443,59362,40000,7.162098407745361,0.00018808904860634357,0.007485352922230959,7.154425144195557,0.012427417561411858,5.911683559417725,0.0,0.4663887023925781,0.489554226398468,32.163875579833984,0.012427417561411858,5.911683559417725,0.0,0.4663887023925781,0.489554226398468,32.163875579833984
444,59496,40000,8.271659851074219,0.0003446671471465379,0.011405020020902157,8.259910583496094,0.004493146203458309,7.810595512390137,0.0,0.4405460059642792,0.4533776044845581,30.42264175415039,0.004493146203458309,7.810595512390137,0.0,0.4405460059642792,0.4533776044845581,30.42264175415039
445,59630,40000,7.1007304191589355,0.00017140798445325345,0.010377648286521435,7.090181350708008,0.00834472756832838,6.255708694458008,0.0,0.45343878865242004,0.4740879535675049,31.517309188842773,0.00834472756832838,6.255708694458008,0.0,0.45343878865242004,0.4740879535675049,31.517309188842773
446,59764,40000,17.280254364013672,0.0005747269606217742,0.008200490847229958,17.2714786529541,0.0013376413844525814,17.137714385986328,0.0,0.40968018770217896,0.43526947498321533,28.302759170532227,0.0013376413844525814,17.137714385986328,0.0,0.40968018770217896,0.43526947498321533,28.302759170532227
447,59898,40000,10.352992057800293,0.00024077401030808687,0.007524487562477589,10.345227241516113,0.002324419328942895,10.112785339355469,0.0,0.42483529448509216,0.441323459148407,29.64059066772461,0.002324419328942895,10.112785339355469,0.0,0.42483529448509216,0.441323459148407,29.64059066772461
448,60032,40000,9.667179107666016,0.00020214924006722867,0.009537843056023121,9.657439231872559,0.01659872569143772,7.9975666999816895,0.0,0.48905178904533386,0.49310481548309326,33.190650939941406,0.01659872569143772,7.9975666999816895,0.0,0.48905178904533386,0.49310481548309326,33.190650939941406
449,60166,40000,6.138045310974121,0.00022658208035863936,0.009223256260156631,6.128595352172852,0.004755939356982708,5.653001308441162,0.0,0.45150405168533325,0.44586145877838135,31.492023468017578,0.004755939356982708,5.653001308441162,0.0,0.45150405168533325,0.44586145877838135,31.492023468017578
450,60300,40000,5.727096080780029,0.00026308451197110116,0.011283581145107746,5.715549468994141,0.010824039578437805,4.633145809173584,0.0,0.46796590089797974,0.47876977920532227,32.34910583496094,0.010824039578437805,4.633145809173584,0.0,0.46796590089797974,0.47876977920532227,32.34910583496094
451,60434,40000,8.296229362487793,0.00016154522018041462,0.006616882048547268,8.289450645446777,0.00883431639522314,7.40601921081543,0.0,0.45683640241622925,0.47485947608947754,31.590665817260742,0.00883431639522314,7.40601921081543,0.0,0.45683640241622925,0.47485947608947754,31.590665817260742
452,60568,40000,7.231126308441162,0.00032580626429989934,0.008255467750132084,7.222545146942139,0.007143532391637564,6.50819206237793,0.0,0.4506315290927887,0.4676755666732788,30.652820587158203,0.007143532391637564,6.50819206237793,0.0,0.4506315290927887,0.4676755666732788,30.652820587158203
453,60702,40000,9.767440795898438,0.00022070207342039794,0.008947598747909069,9.758272171020508,0.008559211157262325,8.902351379394531,0.0,0.469297856092453,0.4612945318222046,32.849369049072266,0.008559211157262325,8.902351379394531,0.0,0.469297856092453,0.4612945318222046,32.849369049072266
454,60836,40000,5.540087699890137,0.0002097827527904883,0.009526005014777184,5.5303521156311035,0.008011313155293465,4.729220867156982,0.0,0.46153420209884644,0.46499890089035034,31.654651641845703,0.008011313155293465,4.729220867156982,0.0,0.46153420209884644,0.46499890089035034,31.654651641845703
455,60970,40000,7.467620849609375,0.00018016863032244146,0.006910272408276796,7.4605302810668945,0.011265087872743607,6.33402156829834,0.0,0.4620421528816223,0.48611539602279663,31.63726806640625,0.011265087872743607,6.33402156829834,0.0,0.4620421528816223,0.48611539602279663,31.63726806640625
456,61104,40000,6.356898307800293,0.00016493318253196776,0.007880874909460545,6.348852634429932,0.004466095007956028,5.902243137359619,0.0,0.4497038424015045,0.4446724057197571,30.898420333862305,0.004466095007956028,5.902243137359619,0.0,0.4497038424015045,0.4446724057197571,30.898420333862305
457,61238,40000,7.085020065307617,0.0002545393945183605,0.012807775288820267,7.071957588195801,0.011611188761889935,5.910838603973389,0.0,0.47130250930786133,0.48079073429107666,32.300498962402344,0.011611188761889935,5.910838603973389,0.0,0.47130250930786133,0.48079073429107666,32.300498962402344
458,61372,40000,7.499064922332764,0.0010159644298255444,0.01092302892357111,7.487125873565674,0.008485350757837296,6.6385908126831055,0.0,0.4681228995323181,0.46200501918792725,32.28218078613281,0.008485350757837296,6.6385908126831055,0.0,0.4681228995323181,0.46200501918792725,32.28218078613281
459,61506,40000,7.630709648132324,0.00023224415781442076,0.007744284346699715,7.622733116149902,0.005748221650719643,7.047911167144775,0.0,0.4571133255958557,0.4498627185821533,31.2913818359375,0.005748221650719643,7.047911167144775,0.0,0.4571133255958557,0.4498627185821533,31.2913818359375
460,61640,40000,13.123546600341797,0.0002116966206813231,0.009360515512526035,13.113974571228027,0.0006559825269505382,13.048376083374023,0.0,0.41727277636528015,0.4189112186431885,29.26654815673828,0.0006559825269505382,13.048376083374023,0.0,0.41727277636528015,0.4189112186431885,29.26654815673828
461,61774,40000,6.977219581604004,0.0001861460623331368,0.008886892348527908,6.968146324157715,0.007591569796204567,6.208989143371582,0.0,0.46308961510658264,0.4600938558578491,31.536968231201172,0.007591569796204567,6.208989143371582,0.0,0.46308961510658264,0.4600938558578491,31.536968231201172
462,61908,40000,14.845499038696289,0.0004223753931000829,0.010004200972616673,14.83507251739502,0.01785869523882866,13.049202919006348,0.0,0.49261268973350525,0.4963409900665283,34.141963958740234,0.01785869523882866,13.049202919006348,0.0,0.49261268973350525,0.4963409900665283,34.141963958740234
463,62042,40000,6.496670722961426,0.00015420958516187966,0.010565643198788166,6.485950946807861,0.00913950428366661,5.572000503540039,0.0,0.45858412981033325,0.4755473732948303,31.450071334838867,0.00913950428366661,5.572000503540039,0.0,0.45858412981033325,0.4755473732948303,31.450071334838867
464,62176,40000,8.102926254272461,0.00017625317559577525,0.008981543593108654,8.093768119812012,0.0072501953691244125,7.368748188018799,0.0,0.45739683508872986,0.46289515495300293,32.365814208984375,0.0072501953691244125,7.368748188018799,0.0,0.45739683508872986,0.46289515495300293,32.365814208984375
465,62310,40000,5.756241798400879,0.00017849936557468027,0.010550021193921566,5.745513439178467,0.007679881062358618,4.977525234222412,0.0,0.4609873294830322,0.46293193101882935,31.789716720581055,0.007679881062358618,4.977525234222412,0.0,0.4609873294830322,0.46293193101882935,31.789716720581055
466,62444,40000,7.011415958404541,0.00014936516527086496,0.007347169332206249,7.00391960144043,0.007528223097324371,6.251097202301025,0.0,0.4526440501213074,0.46896976232528687,31.080568313598633,0.007528223097324371,6.251097202301025,0.0,0.4526440501213074,0.46896976232528687,31.080568313598633
467,62578,40000,6.794706344604492,0.00020922157273162156,0.007382854353636503,6.787114143371582,0.005556471645832062,6.231466770172119,0.0,0.44762885570526123,0.4573407769203186,31.413965225219727,0.005556471645832062,6.231466770172119,0.0,0.44762885570526123,0.4573407769203186,31.413965225219727
468,62712,40000,8.98814868927002,0.00015382433775812387,0.009107697755098343,8.978887557983398,0.00768326735123992,8.21056079864502,0.0,0.45757582783699036,0.4660930633544922,31.853322982788086,0.00768326735123992,8.21056079864502,0.0,0.45757582783699036,0.4660930633544922,31.853322982788086
469,62846,40000,5.954229831695557,0.0001848695974331349,0.009650236926972866,5.944394588470459,0.007205392234027386,5.223855495452881,0.0,0.4555794596672058,0.4641585350036621,31.561002731323242,0.007205392234027386,5.223855495452881,0.0,0.4555794596672058,0.4641585350036621,31.561002731323242
470,62980,40000,7.883464813232422,0.0001709082571323961,0.010675549507141113,7.872618198394775,0.008934459649026394,6.979172229766846,0.0,0.457476407289505,0.4750394821166992,31.855016708374023,0.008934459649026394,6.979172229766846,0.0,0.457476407289505,0.4750394821166992,31.855016708374023
471,63114,40000,5.991288185119629,0.00017338059842586517,0.006933561991900206,5.9841814041137695,0.009718439541757107,5.0123372077941895,0.0,0.46414297819137573,0.47486066818237305,32.115936279296875,0.009718439541757107,5.0123372077941895,0.0,0.46414297819137573,0.47486066818237305,32.115936279296875
472,63248,40000,11.543766975402832,0.00015964241174515337,0.010966927744448185,11.53264045715332,0.01295686885714531,10.236953735351562,0.0,0.4767700135707855,0.48404306173324585,33.574195861816406,0.01295686885714531,10.236953735351562,0.0,0.4767700135707855,0.48404306173324585,33.574195861816406
473,63382,40000,7.288569450378418,0.00015642806829418987,0.009885563515126705,7.27852725982666,0.005897168070077896,6.688810348510742,0.0,0.4551488161087036,0.45343947410583496,31.238658905029297,0.005897168070077896,6.688810348510742,0.0,0.4551488161087036,0.45343947410583496,31.238658905029297
474,63516,40000,8.307143211364746,0.00018984897178597748,0.008285361342132092,8.298667907714844,0.007945435121655464,7.504124164581299,0.0,0.4510493278503418,0.47307121753692627,31.072641372680664,0.007945435121655464,7.504124164581299,0.0,0.4510493278503418,0.47307121753692627,31.072641372680664
475,63650,40000,7.095049858093262,0.0002954624651465565,0.00908460933715105,7.085669994354248,0.008236066438257694,6.262063503265381,0.0,0.4483955204486847,0.4767720103263855,30.900035858154297,0.008236066438257694,6.262063503265381,0.0,0.4483955204486847,0.4767720103263855,30.900035858154297
476,63784,40000,6.565407752990723,0.000169805993209593,0.00831704679876566,6.556921005249023,0.00611761212348938,5.945159912109375,0.0,0.44892576336860657,0.46102362871170044,31.895313262939453,0.00611761212348938,5.945159912109375,0.0,0.44892576336860657,0.46102362871170044,31.895313262939453
477,63918,40000,4.590015411376953,0.00021035630197729915,0.009707779623568058,4.580097198486328,0.005968790035694838,3.983218193054199,0.0,0.4533562660217285,0.455873966217041,31.60834503173828,0.005968790035694838,3.983218193054199,0.0,0.4533562660217285,0.455873966217041,31.60834503173828
478,64052,40000,8.149561882019043,0.00015287174028344452,0.011950002983212471,8.137458801269531,0.0052100238390266895,7.616456508636475,0.0,0.442533016204834,0.4583178162574768,30.3616943359375,0.0052100238390266895,7.616456508636475,0.0,0.442533016204834,0.4583178162574768,30.3616943359375
479,64186,40000,7.944023132324219,0.00018777133664116263,0.009045597165822983,7.934789657592773,0.006306011229753494,7.3041887283325195,0.0,0.4490119516849518,0.46248072385787964,30.937959671020508,0.006306011229753494,7.3041887283325195,0.0,0.4490119516849518,0.46248072385787964,30.937959671020508
480,64320,40000,7.822662353515625,0.00018164773064199835,0.011645794846117496,7.810834884643555,0.004427348263561726,7.368100166320801,0.0,0.43942195177078247,0.45360279083251953,30.637758255004883,0.004427348263561726,7.368100166320801,0.0,0.43942195177078247,0.45360279083251953,30.637758255004883
481,64454,40000,6.512115478515625,0.00019357148266863078,0.007981033995747566,6.503941059112549,0.008108390495181084,5.69310188293457,0.0,0.46004873514175415,0.46710097789764404,31.624004364013672,0.008108390495181084,5.69310188293457,0.0,0.46004873514175415,0.46710097789764404,31.624004364013672
482,64588,40000,6.845703601837158,0.0002110512723447755,0.01273312047123909,6.832759380340576,0.003985526040196419,6.434206962585449,0.0,0.442264199256897,0.4468963146209717,31.232770919799805,0.003985526040196419,6.434206962585449,0.0,0.442264199256897,0.4468963146209717,31.232770919799805
483,64722,40000,7.1149444580078125,0.00035976324579678476,0.009389780461788177,7.105195045471191,0.011209852993488312,5.984210014343262,0.0,0.4714352786540985,0.47814637422561646,32.724884033203125,0.011209852993488312,5.984210014343262,0.0,0.4714352786540985,0.47814637422561646,32.724884033203125
484,64856,40000,12.311395645141602,0.000327454530633986,0.007720026187598705,12.303348541259766,0.002833461621776223,12.020002365112305,0.0,0.4240649342536926,0.44747990369796753,29.199668884277344,0.002833461621776223,12.020002365112305,0.0,0.4240649342536926,0.44747990369796753,29.199668884277344
485,64990,40000,5.774369716644287,0.00017642627062741667,0.008272568695247173,5.765920639038086,0.0071391514502465725,5.052005290985107,0.0,0.4558888077735901,0.4633687138557434,31.555849075317383,0.0071391514502465725,5.052005290985107,0.0,0.4558888077735901,0.4633687138557434,31.555849075317383
486,65124,40000,6.113436698913574,0.00026915667694993317,0.006647753529250622,6.10651969909668,0.00749738235026598,5.356781482696533,0.0,0.4528005123138428,0.4686257243156433,31.664583206176758,0.00749738235026598,5.356781482696533,0.0,0.4528005123138428,0.4686257243156433,31.664583206176758
487,65258,40000,8.087373733520508,0.00017016998026520014,0.010887875221669674,8.076315879821777,0.00891820527613163,7.184495449066162,0.0,0.4575793445110321,0.4748520255088806,31.716943740844727,0.00891820527613163,7.184495449066162,0.0,0.4575793445110321,0.4748520255088806,31.716943740844727
488,65392,40000,7.194904804229736,0.00015438096306752414,0.008169176056981087,7.186581134796143,0.009895768016576767,6.197004318237305,0.0,0.4654941260814667,0.47487515211105347,32.421470642089844,0.009895768016576767,6.197004318237305,0.0,0.4654941260814667,0.47487515211105347,32.421470642089844
489,65526,40000,8.077783584594727,0.00019888373208232224,0.007340777665376663,8.070243835449219,0.00797242484986782,7.273001194000244,0.0,0.4559594988822937,0.46957701444625854,31.062349319458008,0.00797242484986782,7.273001194000244,0.0,0.4559594988822937,0.46957701444625854,31.062349319458008
490,65660,40000,6.279110908508301,0.000293751189019531,0.009046739898622036,6.269770622253418,0.00958359893411398,5.311410903930664,0.0,0.4576541483402252,0.47911763191223145,31.787315368652344,0.00958359893411398,5.311410903930664,0.0,0.4576541483402252,0.47911763191223145,31.787315368652344
491,65794,40000,6.125185966491699,0.00017415540060028434,0.008634685538709164,6.116377353668213,0.0020828801207244396,5.9080891609191895,0.0,0.44053077697753906,0.42097944021224976,30.919715881347656,0.0020828801207244396,5.9080891609191895,0.0,0.44053077697753906,0.42097944021224976,30.919715881347656
492,65928,40000,7.873147964477539,0.0001875327725429088,0.008158262819051743,7.864802360534668,0.008860854431986809,6.978716850280762,0.0,0.4626971483230591,0.4702134132385254,31.94638442993164,0.008860854431986809,6.978716850280762,0.0,0.4626971483230591,0.4702134132385254,31.94638442993164
493,66062,40000,8.72031021118164,0.00028721094713546336,0.009096452966332436,8.71092700958252,0.01214558258652687,7.496368885040283,0.0,0.4740746021270752,0.4815998673439026,33.18758773803711,0.01214558258652687,7.496368885040283,0.0,0.4740746021270752,0.4815998673439026,33.18758773803711
494,66196,40000,6.716840744018555,0.0001888785627670586,0.007889575324952602,6.708762168884277,0.009306519292294979,5.778110504150391,0.0,0.45419812202453613,0.4798065423965454,31.468984603881836,0.009306519292294979,5.778110504150391,0.0,0.45419812202453613,0.4798065423965454,31.468984603881836
495,66330,40000,7.422077655792236,0.0004107155546080321,0.006657823454588652,7.415009021759033,0.006970587652176619,6.717950344085693,0.0,0.43878042697906494,0.47393691539764404,30.688379287719727,0.006970587652176619,6.717950344085693,0.0,0.43878042697906494,0.47393691539764404,30.688379287719727
496,66464,40000,6.013959884643555,0.00027352647157385945,0.008118104189634323,6.005568027496338,0.010436981916427612,4.961869716644287,0.0,0.46221789717674255,0.48103034496307373,32.278160095214844,0.010436981916427612,4.961869716644287,0.0,0.46221789717674255,0.48103034496307373,32.278160095214844
497,66598,40000,7.415273666381836,0.0004508057318162173,0.009130108170211315,7.4056925773620605,0.006436673924326897,6.762025356292725,0.0,0.44451019167900085,0.4667496681213379,31.120317459106445,0.006436673924326897,6.762025356292725,0.0,0.44451019167900085,0.4667496681213379,31.120317459106445
498,66732,40000,9.022188186645508,0.00016958190826699138,0.009603776037693024,9.012414932250977,0.011132527142763138,7.8991618156433105,0.0,0.4641226828098297,0.4837902784347534,32.322872161865234,0.011132527142763138,7.8991618156433105,0.0,0.4641226828098297,0.4837902784347534,32.322872161865234
499,66866,40000,7.6077375411987305,0.0001636336965020746,0.00899879727512598,7.598575115203857,0.007853159680962563,6.813259124755859,0.0,0.4543216824531555,0.4700165390968323,31.121301651000977,0.007853159680962563,6.813259124755859,0.0,0.4543216824531555,0.4700165390968323,31.121301651000977
500,67000,40000,8.91063404083252,0.00033576510031707585,0.00946158729493618,8.900836944580078,0.01010221242904663,7.890615463256836,0.0,0.4574456512928009,0.48247551918029785,31.937166213989258,0.01010221242904663,7.890615463256836,0.0,0.4574456512928009,0.48247551918029785,31.937166213989258
501,67134,40000,9.100640296936035,0.00020349178521428257,0.010941380634903908,9.089495658874512,0.015661822631955147,7.523313045501709,0.0,0.4692753255367279,0.5042245388031006,32.95832824707031,0.015661822631955147,7.523313045501709,0.0,0.4692753255367279,0.5042245388031006,32.95832824707031
502,67268,40000,7.679580211639404,0.0002966701867990196,0.009926346130669117,7.6693572998046875,0.0043550473637878895,7.233852386474609,0.0,0.4364694058895111,0.45500028133392334,30.387754440307617,0.0043550473637878895,7.233852386474609,0.0,0.4364694058895111,0.45500028133392334,30.387754440307617
503,67402,40000,7.078725814819336,0.0002814498730003834,0.007529818918555975,7.0709147453308105,0.009637000039219856,6.10721492767334,0.0,0.46296536922454834,0.4753150939941406,32.06938552856445,0.009637000039219856,6.10721492767334,0.0,0.46296536922454834,0.4753150939941406,32.06938552856445
504,67536,40000,8.039606094360352,0.00033470633206889033,0.007530738599598408,8.031740188598633,0.005668658297508955,7.464874744415283,0.0,0.4365635812282562,0.4658161401748657,30.13370132446289,0.005668658297508955,7.464874744415283,0.0,0.4365635812282562,0.4658161401748657,30.13370132446289
505,67670,40000,7.086503982543945,0.0001749259390635416,0.008557821623980999,7.077771186828613,0.007984109222888947,6.279360294342041,0.0,0.4474526047706604,0.4757123589515686,30.92200469970703,0.007984109222888947,6.279360294342041,0.0,0.4474526047706604,0.4757123589515686,30.92200469970703
506,67804,40000,7.086223602294922,0.00015354981587734073,0.008099992759525776,7.077970027923584,0.007762401830404997,6.301729679107666,0.0,0.4597756564617157,0.464724600315094,31.735422134399414,0.007762401830404997,6.301729679107666,0.0,0.4597756564617157,0.464724600315094,31.735422134399414
507,67938,40000,7.565654754638672,0.00015321708633564413,0.013121231459081173,7.552380084991455,0.00814003124833107,6.738377094268799,0.0,0.45064252614974976,0.47466838359832764,31.433706283569336,0.00814003124833107,6.738377094268799,0.0,0.45064252614974976,0.47466838359832764,31.433706283569336
508,68072,40000,12.466259956359863,0.0002610444207675755,0.006692297291010618,12.459306716918945,0.017525924369692802,10.706714630126953,0.0,0.48685765266418457,0.49990832805633545,33.76295471191406,0.017525924369692802,10.706714630126953,0.0,0.48685765266418457,0.49990832805633545,33.76295471191406
509,68206,40000,8.316685676574707,0.0001648969337111339,0.009134317748248577,8.30738639831543,0.011110642924904823,7.196322441101074,0.0,0.47127336263656616,0.47765791416168213,32.89617919921875,0.011110642924904823,7.196322441101074,0.0,0.47127336263656616,0.47765791416168213,32.89617919921875
510,68340,40000,9.4668550491333,0.00023393769515678287,0.006302524358034134,9.460318565368652,0.012252721935510635,8.23504638671875,0.0,0.469142347574234,0.48644107580184937,32.868011474609375,0.012252721935510635,8.23504638671875,0.0,0.469142347574234,0.48644107580184937,32.868011474609375
511,68474,40000,6.666419982910156,0.0002653609844855964,0.007797145284712315,6.658357620239258,0.006546806078404188,6.003676891326904,0.0,0.45206207036972046,0.4619382619857788,31.492595672607422,0.006546806078404188,6.003676891326904,0.0,0.45206207036972046,0.4619382619857788,31.492595672607422
512,68608,40000,9.450873374938965,0.00020325090736150742,0.009414303116500378,9.441255569458008,0.007063471712172031,8.734908103942871,0.0,0.4449005722999573,0.4710451364517212,30.536699295043945,0.007063471712172031,8.734908103942871,0.0,0.4449005722999573,0.4710451364517212,30.536699295043945
513,68742,40000,7.093421936035156,0.00017911852046381682,0.007577880751341581,7.085664749145508,0.01318537350744009,5.767127513885498,0.0,0.46754688024520874,0.49285900592803955,32.19257736206055,0.01318537350744009,5.767127513885498,0.0,0.46754688024520874,0.49285900592803955,32.19257736206055
514,68876,40000,10.85483169555664,0.00028115438180975616,0.006489208899438381,10.848061561584473,0.01186874695122242,9.661187171936035,0.0,0.47174012660980225,0.48198843002319336,33.485618591308594,0.01186874695122242,9.661187171936035,0.0,0.47174012660980225,0.48198843002319336,33.485618591308594
515,69010,40000,10.97818660736084,0.0001486448454670608,0.009557203389704227,10.968481063842773,0.012341294437646866,9.734352111816406,0.0,0.46518564224243164,0.489956259727478,33.0582275390625,0.012341294437646866,9.734352111816406,0.0,0.46518564224243164,0.489956259727478,33.0582275390625
516,69144,40000,15.660787582397461,0.0002162844903068617,0.014151465147733688,15.646419525146484,0.019833603873848915,13.66305923461914,0.0,0.49150362610816956,0.5070546269416809,34.344600677490234,0.019833603873848915,13.66305923461914,0.0,0.49150362610816956,0.5070546269416809,34.344600677490234
517,69278,40000,4.980983257293701,0.00018410156189929694,0.007380941417068243,4.973418235778809,0.007735110819339752,4.199907302856445,0.0,0.45797422528266907,0.46613699197769165,32.22740173339844,0.007735110819339752,4.199907302856445,0.0,0.45797422528266907,0.46613699197769165,32.22740173339844
518,69412,40000,7.316615581512451,0.00013114669127389789,0.008858507499098778,7.307625770568848,0.003755751298740506,6.932050704956055,0.0,0.4299536645412445,0.45346522331237793,30.136886596679688,0.003755751298740506,6.932050704956055,0.0,0.4299536645412445,0.45346522331237793,30.136886596679688
519,69546,40000,7.163018703460693,0.0002047141024377197,0.008619665168225765,7.154194355010986,0.008447419852018356,6.309452533721924,0.0,0.4567531943321228,0.47229450941085815,31.9105167388916,0.008447419852018356,6.309452533721924,0.0,0.4567531943321228,0.47229450941085815,31.9105167388916
520,69680,40000,10.863792419433594,0.00013583867985289544,0.006639399565756321,10.857017517089844,0.017782598733901978,9.078757286071777,0.0,0.4887370467185974,0.49954062700271606,33.59919357299805,0.017782598733901978,9.078757286071777,0.0,0.4887370467185974,0.49954062700271606,33.59919357299805
521,69814,40000,7.970448970794678,0.000171226667589508,0.00921783410012722,7.961060047149658,0.0068822805769741535,7.272831916809082,0.0,0.4511384069919586,0.46532338857650757,31.366971969604492,0.0068822805769741535,7.272831916809082,0.0,0.4511384069919586,0.46532338857650757,31.366971969604492
522,69948,40000,8.457924842834473,0.00021360423124860972,0.007199692539870739,8.450511932373047,0.0026247473433613777,8.188036918640137,0.0,0.4295842945575714,0.4418272376060486,30.419923782348633,0.0026247473433613777,8.188036918640137,0.0,0.4295842945575714,0.4418272376060486,30.419923782348633
523,70082,40000,8.172799110412598,0.00030948990024626255,0.01010052114725113,8.162388801574707,0.0047693923115730286,7.685449600219727,0.0,0.43847325444221497,0.45735156536102295,31.018997192382812,0.0047693923115730286,7.685449600219727,0.0,0.43847325444221497,0.45735156536102295,31.018997192382812
524,70216,40000,7.33415412902832,0.0001532814058009535,0.010656524449586868,7.3233442306518555,0.00728356558829546,6.594987869262695,0.0,0.44987332820892334,0.469254732131958,31.108625411987305,0.00728356558829546,6.594987869262695,0.0,0.44987332820892334,0.469254732131958,31.108625411987305
525,70350,40000,5.412174224853516,0.0003068995429202914,0.009862642735242844,5.402004718780518,0.007566880434751511,4.6453166007995605,0.0,0.4536854028701782,0.4684453010559082,31.289161682128906,0.007566880434751511,4.6453166007995605,0.0,0.4536854028701782,0.4684453010559082,31.289161682128906
526,70484,40000,7.989785194396973,0.00039197367732413113,0.013962415046989918,7.975430965423584,0.005897167604416609,7.385714054107666,0.0,0.43582019209861755,0.4679270386695862,30.408458709716797,0.005897167604416609,7.385714054107666,0.0,0.43582019209861755,0.4679270386695862,30.408458709716797
527,70618,40000,7.996965408325195,0.0001919279748108238,0.00789564847946167,7.988877773284912,0.007237251847982407,7.265152454376221,0.0,0.4485412836074829,0.4698641300201416,31.57815170288086,0.007237251847982407,7.265152454376221,0.0,0.4485412836074829,0.4698641300201416,31.57815170288086
528,70752,40000,8.291656494140625,0.00017096610099542886,0.011629781685769558,8.279855728149414,0.00878366082906723,7.4014892578125,0.0,0.46458062529563904,0.46791911125183105,32.74930191040039,0.00878366082906723,7.4014892578125,0.0,0.46458062529563904,0.46791911125183105,32.74930191040039
529,70886,40000,10.756590843200684,0.0001037348120007664,0.006835812237113714,10.749650955200195,0.009806329384446144,9.769018173217773,0.0,0.4713059961795807,0.46871525049209595,33.18881607055664,0.009806329384446144,9.769018173217773,0.0,0.4713059961795807,0.46871525049209595,33.18881607055664
530,71020,40000,6.236568927764893,0.00013927582767792046,0.008936846628785133,6.227492809295654,0.006321276072412729,5.595365047454834,0.0,0.450168639421463,0.46167969703674316,31.066125869750977,0.006321276072412729,5.595365047454834,0.0,0.450168639421463,0.46167969703674316,31.066125869750977
531,71154,40000,9.203889846801758,0.00021620419283863157,0.007068247068673372,9.196605682373047,0.00385569641366601,8.811036109924316,0.0,0.4353700280189514,0.45103585720062256,29.990297317504883,0.00385569641366601,8.811036109924316,0.0,0.4353700280189514,0.45103585720062256,29.990297317504883
532,71288,40000,6.9852399826049805,0.00017555330123286694,0.00754739623516798,6.977517127990723,0.005128382705152035,6.464678764343262,0.0,0.44474124908447266,0.45591604709625244,31.68708038330078,0.005128382705152035,6.464678764343262,0.0,0.44474124908447266,0.45591604709625244,31.68708038330078
533,71422,40000,13.771732330322266,0.0001607188896741718,0.010727128945291042,13.760844230651855,0.002875226316973567,13.473321914672852,0.0,0.4130994975566864,0.45199644565582275,28.954421997070312,0.002875226316973567,13.473321914672852,0.0,0.4130994975566864,0.45199644565582275,28.954421997070312
534,71556,40000,13.298542976379395,0.00021583099442068487,0.009103171527385712,13.289223670959473,0.017165886238217354,11.57263469696045,0.0,0.4832057058811188,0.5012062191963196,34.025413513183594,0.017165886238217354,11.57263469696045,0.0,0.4832057058811188,0.5012062191963196,34.025413513183594
535,71690,40000,6.212555408477783,0.00016581638192292303,0.007973253726959229,6.204416275024414,0.010181885212659836,5.186227798461914,0.0,0.4529748558998108,0.4858810305595398,31.134458541870117,0.010181885212659836,5.186227798461914,0.0,0.4529748558998108,0.4858810305595398,31.134458541870117
536,71824,40000,13.37513256072998,0.0001536280324216932,0.008097822777926922,13.366881370544434,0.014579076319932938,11.908973693847656,0.0,0.47654953598976135,0.4933769106864929,33.850799560546875,0.014579076319932938,11.908973693847656,0.0,0.47654953598976135,0.4933769106864929,33.850799560546875
537,71958,40000,6.985568046569824,0.00022697228996548802,0.01343488972634077,6.9719061851501465,0.003042493248358369,6.667656898498535,0.0,0.4350351095199585,0.4426032304763794,30.61471176147461,0.003042493248358369,6.667656898498535,0.0,0.4350351095199585,0.4426032304763794,30.61471176147461
538,72092,40000,6.933731555938721,0.0003607447142712772,0.012021642178297043,6.921349048614502,0.00941772386431694,5.979576587677002,0.0,0.4592781960964203,0.47683632373809814,31.709123611450195,0.00941772386431694,5.979576587677002,0.0,0.4592781960964203,0.47683632373809814,31.709123611450195
539,72226,40000,7.9790825843811035,0.0002306896640220657,0.008356783539056778,7.970495223999023,0.007186928763985634,7.251802444458008,0.0,0.44958531856536865,0.4687620997428894,31.233339309692383,0.007186928763985634,7.251802444458008,0.0,0.44958531856536865,0.4687620997428894,31.233339309692383
540,72360,40000,13.846562385559082,0.00044116380740888417,0.010111567564308643,13.836009979248047,0.0024874706286937,13.587263107299805,0.0,0.41482827067375183,0.4476192593574524,28.872203826904297,0.0024874706286937,13.587263107299805,0.0,0.41482827067375183,0.4476192593574524,28.872203826904297
541,72494,40000,5.737704753875732,0.0001572639448568225,0.007431496400386095,5.73011589050293,0.007374232169240713,4.992692470550537,0.0,0.46069368720054626,0.4607495665550232,32.503143310546875,0.007374232169240713,4.992692470550537,0.0,0.46069368720054626,0.4607495665550232,32.503143310546875
542,72628,40000,8.61174488067627,0.0002959015255328268,0.008503863587975502,8.602945327758789,0.006483073346316814,7.9546380043029785,0.0,0.4370355010032654,0.4714943766593933,30.48486328125,0.006483073346316814,7.9546380043029785,0.0,0.4370355010032654,0.4714943766593933,30.48486328125
543,72762,40000,6.666466236114502,0.00017902348190546036,0.011342773213982582,6.65494441986084,0.011232498101890087,5.531694412231445,0.0,0.4614669382572174,0.48633837699890137,32.54557800292969,0.011232498101890087,5.531694412231445,0.0,0.4614669382572174,0.48633837699890137,32.54557800292969
544,72896,40000,8.434760093688965,0.00022103397350292653,0.008303056471049786,8.426236152648926,0.005657912697643042,7.860445022583008,0.0,0.43697845935821533,0.46550196409225464,30.822711944580078,0.005657912697643042,7.860445022583008,0.0,0.43697845935821533,0.46550196409225464,30.822711944580078
545,73030,40000,7.319773197174072,0.00014922948321327567,0.008505411446094513,7.3111186027526855,0.0021494231186807156,7.0961761474609375,0.0,0.42741119861602783,0.4373905062675476,30.52088165283203,0.0021494231186807156,7.0961761474609375,0.0,0.42741119861602783,0.4373905062675476,30.52088165283203
546,73164,40000,7.478876113891602,0.0001679420965956524,0.013041937723755836,7.4656662940979,0.0048212166875600815,6.983544826507568,0.0,0.43269094824790955,0.46125781536102295,30.0556583404541,0.0048212166875600815,6.983544826507568,0.0,0.43269094824790955,0.46125781536102295,30.0556583404541
547,73298,40000,6.767305850982666,0.00019668838649522513,0.010154333896934986,6.756954669952393,0.0030362666584551334,6.4533281326293945,0.0,0.4404442608356476,0.4374236464500427,30.819263458251953,0.0030362666584551334,6.4533281326293945,0.0,0.4404442608356476,0.4374236464500427,30.819263458251953
548,73432,40000,6.313565731048584,0.00022915471345186234,0.01003418117761612,6.30330228805542,0.007359505631029606,5.567351818084717,0.0,0.44198349118232727,0.474812388420105,31.364547729492188,0.007359505631029606,5.567351818084717,0.0,0.44198349118232727,0.474812388420105,31.364547729492188
549,73566,40000,5.448917865753174,0.00013740963186137378,0.009727307595312595,5.439053058624268,0.008156505413353443,4.6234025955200195,0.0,0.44306859374046326,0.47938263416290283,31.074811935424805,0.008156505413353443,4.6234025955200195,0.0,0.44306859374046326,0.47938263416290283,31.074811935424805
550,73700,40000,7.514588356018066,0.0002169221843359992,0.01051959116011858,7.503851890563965,0.010359089821577072,6.46794319152832,0.0,0.459611713886261,0.48249566555023193,31.832120895385742,0.010359089821577072,6.46794319152832,0.0,0.459611713886261,0.48249566555023193,31.832120895385742
551,73834,40000,6.43275785446167,0.00015979778254404664,0.00852662231773138,6.424071311950684,0.009930837899446487,5.430987358093262,0.0,0.46397721767425537,0.47640520334243774,32.05744934082031,0.009930837899446487,5.430987358093262,0.0,0.46397721767425537,0.47640520334243774,32.05744934082031
552,73968,40000,7.134310722351074,0.00023252013488672674,0.008430995047092438,7.125647068023682,0.006787782534956932,6.446868896484375,0.0,0.4425324499607086,0.4705604314804077,30.764122009277344,0.006787782534956932,6.446868896484375,0.0,0.4425324499607086,0.4705604314804077,30.764122009277344
553,74102,40000,7.270495414733887,0.00034890786628238857,0.010238086804747581,7.259908199310303,0.009172335267066956,6.342674732208252,0.0,0.446993350982666,0.48345035314559937,30.968284606933594,0.009172335267066956,6.342674732208252,0.0,0.446993350982666,0.48345035314559937,30.968284606933594
554,74236,40000,10.090041160583496,0.00022245189757086337,0.006298877764493227,10.08351993560791,0.015413586050271988,8.542160987854004,0.0,0.4849410355091095,0.49054616689682007,33.81159973144531,0.015413586050271988,8.542160987854004,0.0,0.4849410355091095,0.49054616689682007,33.81159973144531
555,74370,40000,6.4013776779174805,0.0002132768859155476,0.008147935383021832,6.393016338348389,0.009616803377866745,5.431335926055908,0.0,0.45469844341278076,0.48139339685440063,31.386310577392578,0.009616803377866745,5.431335926055908,0.0,0.45469844341278076,0.48139339685440063,31.386310577392578
556,74504,40000,6.098621845245361,0.00010430344264023006,0.008552610874176025,6.089964866638184,0.004705776460468769,5.619387149810791,0.0,0.45154330134391785,0.44526660442352295,31.726490020751953,0.004705776460468769,5.619387149810791,0.0,0.45154330134391785,0.44526660442352295,31.726490020751953
557,74638,40000,6.337518215179443,0.0001622338022571057,0.0069055138155817986,6.330450534820557,0.010091247037053108,5.321325778961182,0.0,0.45880812406539917,0.48144233226776123,32.32612609863281,0.010091247037053108,5.321325778961182,0.0,0.45880812406539917,0.48144233226776123,32.32612609863281
558,74772,40000,5.826330661773682,0.00012215417518746108,0.005540503654628992,5.8206682205200195,0.00211079278960824,5.609589099884033,0.0,0.4396751821041107,0.4231662154197693,31.212692260742188,0.00211079278960824,5.609589099884033,0.0,0.4396751821041107,0.4231662154197693,31.212692260742188
559,74906,40000,6.141063690185547,0.00014245272905100137,0.008135277777910233,6.132785797119141,0.010565623641014099,5.076223373413086,0.0,0.46218448877334595,0.4818456768989563,31.74382781982422,0.010565623641014099,5.076223373413086,0.0,0.46218448877334595,0.4818456768989563,31.74382781982422
560,75040,40000,5.078866481781006,0.00016750609211158007,0.009972435422241688,5.068726539611816,0.008604396134614944,4.208286762237549,0.0,0.449182391166687,0.4786478877067566,31.472627639770508,0.008604396134614944,4.208286762237549,0.0,0.449182391166687,0.4786478877067566,31.472627639770508
561,75174,40000,8.876982688903809,0.00017276099242735654,0.011164417490363121,8.865645408630371,0.010275949724018574,7.838050365447998,0.0,0.45530879497528076,0.48495227098464966,32.04887390136719,0.010275949724018574,7.838050365447998,0.0,0.45530879497528076,0.48495227098464966,32.04887390136719
562,75308,40000,7.2343668937683105,0.0007064443780109286,0.010027574375271797,7.2236328125,0.011169223114848137,6.106710433959961,0.0,0.4644381105899811,0.4837672710418701,32.5530891418457,0.011169223114848137,6.106710433959961,0.0,0.4644381105899811,0.4837672710418701,32.5530891418457
563,75442,40000,7.0954694747924805,0.00012551331019494683,0.010003277100622654,7.08534049987793,0.009660978801548481,6.1192426681518555,0.0,0.46087098121643066,0.47717320919036865,32.534610748291016,0.009660978801548481,6.1192426681518555,0.0,0.46087098121643066,0.47717320919036865,32.534610748291016
564,75576,40000,9.012381553649902,0.0001954908511834219,0.00763362692669034,9.004552841186523,0.0026344917714595795,8.741104125976562,0.0,0.4296562075614929,0.44189274311065674,30.248228073120117,0.0026344917714595795,8.741104125976562,0.0,0.4296562075614929,0.44189274311065674,30.248228073120117
565,75710,40000,6.285627365112305,0.00017149673658423126,0.007912850007414818,6.277543067932129,0.00390632962808013,5.8869099617004395,0.0,0.4337397813796997,0.45261138677597046,30.62127685546875,0.00390632962808013,5.8869099617004395,0.0,0.4337397813796997,0.45261138677597046,30.62127685546875
566,75844,40000,6.278826713562012,0.0002330652641830966,0.011541198939085007,6.26705265045166,0.00831163115799427,5.435889720916748,0.0,0.45591863989830017,0.47200512886047363,31.70645523071289,0.00831163115799427,5.435889720916748,0.0,0.45591863989830017,0.47200512886047363,31.70645523071289
567,75978,40000,9.079231262207031,0.00017253989062737674,0.008042257279157639,9.071016311645508,0.0061095887795090675,8.460057258605957,0.0,0.4511427581310272,0.4591101408004761,32.14439392089844,0.0061095887795090675,8.460057258605957,0.0,0.4511427581310272,0.4591101408004761,32.14439392089844
568,76112,40000,8.505331039428711,0.00032463259412907064,0.009878093376755714,8.495128631591797,0.0108054019510746,7.414588451385498,0.0,0.46607130765914917,0.4802495241165161,33.21431350708008,0.0108054019510746,7.414588451385498,0.0,0.46607130765914917,0.4802495241165161,33.21431350708008
569,76246,40000,6.117544174194336,0.0002194304543081671,0.010751587338745594,6.106573104858398,0.007649346720427275,5.341638565063477,0.0,0.4480772912502289,0.47306108474731445,31.399778366088867,0.007649346720427275,5.341638565063477,0.0,0.4480772912502289,0.47306108474731445,31.399778366088867
570,76380,40000,6.5517659187316895,0.0002202005998697132,0.010748847387731075,6.540796756744385,0.007994293235242367,5.741367340087891,0.0,0.4504780173301697,0.47379881143569946,31.52936363220215,0.007994293235242367,5.741367340087891,0.0,0.4504780173301697,0.47379881143569946,31.52936363220215
571,76514,40000,6.305747032165527,0.00030339715885929763,0.01003940124064684,6.295404434204102,0.007607672363519669,5.534637451171875,0.0,0.4554291367530823,0.4673445224761963,31.759010314941406,0.007607672363519669,5.534637451171875,0.0,0.4554291367530823,0.4673445224761963,31.759010314941406
572,76648,40000,7.013128757476807,0.00020369062258396298,0.00801829993724823,7.00490665435791,0.007509785704314709,6.253928184509277,0.0,0.4547053575515747,0.46720945835113525,31.846696853637695,0.007509785704314709,6.253928184509277,0.0,0.4547053575515747,0.46720945835113525,31.846696853637695
573,76782,40000,7.043622970581055,0.00016954922466538846,0.00794333778321743,7.035510063171387,0.0018843724392354488,6.847072601318359,0.0,0.43665286898612976,0.42325812578201294,30.844083786010742,0.0018843724392354488,6.847072601318359,0.0,0.43665286898612976,0.42325812578201294,30.844083786010742
574,76916,40000,6.077171802520752,0.0003581853525247425,0.00789893139153719,6.068914890289307,0.006515766028314829,5.4173383712768555,0.0,0.44633030891418457,0.46610045433044434,31.25763702392578,0.006515766028314829,5.4173383712768555,0.0,0.44633030891418457,0.46610045433044434,31.25763702392578
575,77050,40000,8.27804946899414,0.00014928722521290183,0.010429510846734047,8.267470359802246,0.012002832256257534,7.067187309265137,0.0,0.4658842086791992,0.48753345012664795,32.81621170043945,0.012002832256257534,7.067187309265137,0.0,0.4658842086791992,0.48753345012664795,32.81621170043945
576,77184,40000,7.4784464836120605,0.00017937431402970105,0.006711247377097607,7.471555709838867,0.008865881711244583,6.584967613220215,0.0,0.4609648585319519,0.471757709980011,32.09272003173828,0.008865881711244583,6.584967613220215,0.0,0.4609648585319519,0.471757709980011,32.09272003173828
577,77318,40000,8.646234512329102,0.00022124292445369065,0.011286068707704544,8.634727478027344,0.00341225229203701,8.293501853942871,0.0,0.4303269386291504,0.4499252438545227,29.94122314453125,0.00341225229203701,8.293501853942871,0.0,0.4303269386291504,0.4499252438545227,29.94122314453125
578,77452,40000,8.30639934539795,0.00020706999930553138,0.008509881794452667,8.297682762145996,0.0038597513921558857,7.911707878112793,0.0,0.4333641231060028,0.4524078965187073,30.430156707763672,0.0038597513921558857,7.911707878112793,0.0,0.4333641231060028,0.4524078965187073,30.430156707763672
579,77586,40000,5.7200026512146,0.0004479024501051754,0.011131549254059792,5.708423137664795,0.0059447987005114555,5.113943099975586,0.0,0.45705151557922363,0.45186448097229004,31.907766342163086,0.0059447987005114555,5.113943099975586,0.0,0.45705151557922363,0.45186448097229004,31.907766342163086
580,77720,40000,6.863969802856445,0.00012348650489002466,0.00985995214432478,6.8539862632751465,0.013235259801149368,5.530460357666016,0.0,0.4679471552371979,0.4928355813026428,32.6646614074707,0.013235259801149368,5.530460357666016,0.0,0.4679471552371979,0.4928355813026428,32.6646614074707
581,77854,40000,7.536491870880127,0.000171929772477597,0.007664539385586977,7.528655529022217,0.008710674941539764,6.657588005065918,0.0,0.45356979966163635,0.4764261245727539,32.143951416015625,0.008710674941539764,6.657588005065918,0.0,0.45356979966163635,0.4764261245727539,32.143951416015625
582,77988,40000,5.7011189460754395,0.00016601683455519378,0.006925545167177916,5.694027423858643,0.0043400926515460014,5.260018348693848,0.0,0.43553709983825684,0.45547258853912354,31.036848068237305,0.0043400926515460014,5.260018348693848,0.0,0.43553709983825684,0.45547258853912354,31.036848068237305
583,78122,40000,5.189039707183838,0.0002669084642548114,0.00803153496235609,5.180741310119629,0.006947838701307774,4.485957622528076,0.0,0.4502909779548645,0.4664729833602905,31.494611740112305,0.006947838701307774,4.485957622528076,0.0,0.4502909779548645,0.4664729833602905,31.494611740112305
584,78256,40000,6.007438659667969,0.0001910717983264476,0.007103795185685158,6.000144004821777,0.00953250378370285,5.04689359664917,0.0,0.45628175139427185,0.4797801375389099,31.7735595703125,0.00953250378370285,5.04689359664917,0.0,0.45628175139427185,0.4797801375389099,31.7735595703125
585,78390,40000,8.916600227355957,0.0001707730843918398,0.01155476551502943,8.904874801635742,0.005457384046167135,8.359136581420898,0.0,0.4363788366317749,0.4642959237098694,30.302104949951172,0.005457384046167135,8.359136581420898,0.0,0.4363788366317749,0.4642959237098694,30.302104949951172
586,78524,40000,9.531290054321289,0.0002387465792708099,0.013211372308433056,9.517840385437012,0.0032135776709765196,9.19648265838623,0.0,0.4243294894695282,0.4512020945549011,29.85842514038086,0.0032135776709765196,9.19648265838623,0.0,0.4243294894695282,0.4512020945549011,29.85842514038086
587,78658,40000,8.481582641601562,0.00015954289119690657,0.006477891933172941,8.474945068359375,0.004421257879585028,8.032818794250488,0.0,0.4356324076652527,0.4561390280723572,30.55176544189453,0.004421257879585028,8.032818794250488,0.0,0.4356324076652527,0.4561390280723572,30.55176544189453
588,78792,40000,6.157115459442139,0.00012759322999045253,0.011393491178750992,6.145594596862793,0.006462952122092247,5.4992995262146,0.0,0.4469483196735382,0.4652595520019531,31.8142147064209,0.006462952122092247,5.4992995262146,0.0,0.4469483196735382,0.4652595520019531,31.8142147064209
589,78926,40000,8.25100326538086,0.0001889370905701071,0.007130984682589769,8.243683815002441,0.00909459963440895,7.334223747253418,0.0,0.4415251910686493,0.4858502149581909,31.491090774536133,0.00909459963440895,7.334223747253418,0.0,0.4415251910686493,0.4858502149581909,31.491090774536133
590,79060,40000,7.050378322601318,0.00027226225938647985,0.008468911983072758,7.041636943817139,0.0034119966439902782,6.700437068939209,0.0,0.4411892890930176,0.4414178729057312,31.0102481842041,0.0034119966439902782,6.700437068939209,0.0,0.4411892890930176,0.4414178729057312,31.0102481842041
591,79194,40000,6.82741641998291,0.00015717912174295634,0.0076466770842671394,6.819612503051758,0.009068563580513,5.912755966186523,0.0,0.4535141587257385,0.47877055406570435,31.6625919342041,0.009068563580513,5.912755966186523,0.0,0.4535141587257385,0.47877055406570435,31.6625919342041
592,79328,40000,8.055940628051758,0.0003046839847229421,0.007747109048068523,8.04788875579834,0.010155179537832737,7.0323710441589355,0.0,0.46019336581230164,0.4808204174041748,32.64129638671875,0.010155179537832737,7.0323710441589355,0.0,0.46019336581230164,0.4808204174041748,32.64129638671875
593,79462,40000,4.6492719650268555,0.0001507181441411376,0.007529666647315025,4.641591548919678,0.005295149050652981,4.112076759338379,0.0,0.44764700531959534,0.4549992084503174,31.14850425720215,0.005295149050652981,4.112076759338379,0.0,0.44764700531959534,0.4549992084503174,31.14850425720215
594,79596,40000,6.741178512573242,0.00023830165446270257,0.011242113076150417,6.729698181152344,0.009832802228629589,5.746417999267578,0.0,0.4528433680534363,0.48390698432922363,32.16932678222656,0.009832802228629589,5.746417999267578,0.0,0.4528433680534363,0.48390698432922363,32.16932678222656
595,79730,40000,7.015028953552246,0.00017318929894827306,0.009616666473448277,7.005239009857178,0.011009158566594124,5.904323101043701,0.0,0.46263131499290466,0.4841812252998352,32.010372161865234,0.011009158566594124,5.904323101043701,0.0,0.46263131499290466,0.4841812252998352,32.010372161865234
596,79864,40000,10.954437255859375,0.00022785640612710267,0.009900913573801517,10.944308280944824,0.0021532599348574877,10.728981971740723,0.0,0.41898664832115173,0.4423410892486572,29.404436111450195,0.0021532599348574877,10.728981971740723,0.0,0.41898664832115173,0.4423410892486572,29.404436111450195
597,79998,40000,8.269377708435059,0.0002427284634904936,0.010451992973685265,8.258683204650879,0.00512781972065568,7.745901584625244,0.0,0.4377670884132385,0.4608396887779236,30.17974090576172,0.00512781972065568,7.745901584625244,0.0,0.4377670884132385,0.4608396887779236,30.17974090576172
598,80132,40000,6.952093124389648,0.00045331180444918573,0.008463560603559017,6.94317626953125,0.005627013277262449,6.380475044250488,0.0,0.4481954574584961,0.4574822783470154,31.198930740356445,0.005627013277262449,6.380475044250488,0.0,0.4481954574584961,0.4574822783470154,31.198930740356445
599,80266,40000,8.331500053405762,0.0003178193874191493,0.009154241532087326,8.322028160095215,0.0069105615839362144,7.630971908569336,0.0,0.44969573616981506,0.46664005517959595,31.93996810913086,0.0069105615839362144,7.630971908569336,0.0,0.44969573616981506,0.46664005517959595,31.93996810913086
600,80400,40000,11.155068397521973,0.00014640236622653902,0.007284096442162991,11.147638320922852,0.0016703978180885315,10.980598449707031,0.0,0.4154028594493866,0.4378569722175598,29.432817459106445,0.0016703978180885315,10.980598449707031,0.0,0.4154028594493866,0.4378569722175598,29.432817459106445
601,80534,40000,7.03078031539917,0.00020372927247080952,0.011016515083611012,7.019559860229492,0.010758793912827969,5.943680286407471,0.0,0.45919984579086304,0.48517143726348877,32.44187927246094,0.010758793912827969,5.943680286407471,0.0,0.45919984579086304,0.48517143726348877,32.44187927246094
602,80668,40000,7.639581203460693,0.00011338357580825686,0.0067136515863239765,7.632754325866699,0.002578123938292265,7.374941825866699,0.0,0.4358254671096802,0.4359813928604126,30.723648071289062,0.002578123938292265,7.374941825866699,0.0,0.4358254671096802,0.4359813928604126,30.723648071289062
603,80802,40000,6.55912446975708,0.0001343448820989579,0.009200056083500385,6.549789905548096,0.01067377720028162,5.482412338256836,0.0,0.4542521834373474,0.48792314529418945,31.748825073242188,0.01067377720028162,5.482412338256836,0.0,0.4542521834373474,0.48792314529418945,31.748825073242188
604,80936,40000,5.021882057189941,0.00028376688715070486,0.007803767453879118,5.013794422149658,0.008376474492251873,4.176146984100342,0.0,0.4600476324558258,0.4690706729888916,32.129913330078125,0.008376474492251873,4.176146984100342,0.0,0.4600476324558258,0.4690706729888916,32.129913330078125
605,81070,40000,9.870505332946777,0.00017733113782014698,0.009127317927777767,9.861200332641602,0.016528869047760963,8.208313941955566,0.0,0.4755908250808716,0.5039947032928467,33.30203628540039,0.016528869047760963,8.208313941955566,0.0,0.4755908250808716,0.5039947032928467,33.30203628540039
606,81204,40000,5.703014373779297,0.00017529979231767356,0.007372276391834021,5.695466995239258,0.003322559641674161,5.363211154937744,0.0,0.42937806248664856,0.4495932459831238,30.865915298461914,0.003322559641674161,5.363211154937744,0.0,0.42937806248664856,0.4495932459831238,30.865915298461914
607,81338,40000,7.735779762268066,0.0002822421374730766,0.012963379733264446,7.7225341796875,0.0053172348998487,7.190810680389404,0.0,0.4353141784667969,0.4637976884841919,31.204557418823242,0.0053172348998487,7.190810680389404,0.0,0.4353141784667969,0.4637976884841919,31.204557418823242
608,81472,40000,10.532729148864746,0.00016547740960959345,0.0071226791478693485,10.52544116973877,0.01484948955476284,9.040492057800293,0.0,0.47384577989578247,0.4969344735145569,33.18539810180664,0.01484948955476284,9.040492057800293,0.0,0.47384577989578247,0.4969344735145569,33.18539810180664
609,81606,40000,6.478461742401123,0.00016039697220548987,0.00727802375331521,6.4710235595703125,0.0036522571463137865,6.10579776763916,0.0,0.4405878484249115,0.44477593898773193,30.918909072875977,0.0036522571463137865,6.10579776763916,0.0,0.4405878484249115,0.44477593898773193,30.918909072875977
610,81740,40000,9.846579551696777,0.00016489511472173035,0.009097222238779068,9.83731746673584,0.01161179319024086,8.676137924194336,0.0,0.46556761860847473,0.48551422357559204,32.909297943115234,0.01161179319024086,8.676137924194336,0.0,0.46556761860847473,0.48551422357559204,32.909297943115234
611,81874,40000,6.134091854095459,0.00019958903430961072,0.007767062168568373,6.126125335693359,0.0028438307344913483,5.841742038726807,0.0,0.4365464746952057,0.43883538246154785,30.958234786987305,0.0028438307344913483,5.841742038726807,0.0,0.4365464746952057,0.43883538246154785,30.958234786987305
612,82008,40000,6.8634033203125,0.00016078463522717357,0.009546715766191483,6.853695869445801,0.007107526995241642,6.142942905426025,0.0,0.4501568675041199,0.46776294708251953,32.02553176879883,0.007107526995241642,6.142942905426025,0.0,0.4501568675041199,0.46776294708251953,32.02553176879883
613,82142,40000,7.913959503173828,0.00020184156892355531,0.011509387753903866,7.902248382568359,0.00480466615408659,7.421781539916992,0.0,0.42678019404411316,0.46393346786499023,30.550722122192383,0.00480466615408659,7.421781539916992,0.0,0.42678019404411316,0.46393346786499023,30.550722122192383
614,82276,40000,6.3250532150268555,0.00023186337784864008,0.007002422120422125,6.317819118499756,0.005793596617877483,5.738459587097168,0.0,0.4451175332069397,0.46130257844924927,31.267345428466797,0.005793596617877483,5.738459587097168,0.0,0.4451175332069397,0.46130257844924927,31.267345428466797
615,82410,40000,8.923429489135742,0.00016208896704483777,0.009110337123274803,8.914156913757324,0.007668503560125828,8.147306442260742,0.0,0.4390791356563568,0.4783666133880615,30.878917694091797,0.007668503560125828,8.147306442260742,0.0,0.4390791356563568,0.4783666133880615,30.878917694091797
616,82544,40000,6.986302375793457,0.00021211996499914676,0.006146717816591263,6.979943752288818,0.00681085791438818,6.298858165740967,0.0,0.44338828325271606,0.4702019691467285,31.055864334106445,0.00681085791438818,6.298858165740967,0.0,0.44338828325271606,0.4702019691467285,31.055864334106445
617,82678,40000,10.261503219604492,0.0001317940914304927,0.007839582860469818,10.253531455993652,0.0014520817203447223,10.108323097229004,0.0,0.42013299465179443,0.4323534369468689,29.523475646972656,0.0014520817203447223,10.108323097229004,0.0,0.42013299465179443,0.4323534369468689,29.523475646972656
618,82812,40000,6.265815258026123,0.00011674888082779944,0.007308934815227985,6.258389472961426,0.005956145003437996,5.662775039672852,0.0,0.4448520243167877,0.46280479431152344,30.958637237548828,0.005956145003437996,5.662775039672852,0.0,0.4448520243167877,0.46280479431152344,30.958637237548828
619,82946,40000,6.734390735626221,0.0003303468110971153,0.010340963490307331,6.723719596862793,0.004758827388286591,6.247837066650391,0.0,0.4480205476284027,0.449526309967041,31.907564163208008,0.004758827388286591,6.247837066650391,0.0,0.4480205476284027,0.449526309967041,31.907564163208008
620,83080,40000,9.28178882598877,0.0002094144729198888,0.01086690928786993,9.270712852478027,0.012608491815626621,8.00986385345459,0.0,0.46356332302093506,0.4925645589828491,32.70875549316406,0.012608491815626621,8.00986385345459,0.0,0.46356332302093506,0.4925645589828491,32.70875549316406
621,83214,40000,11.31606388092041,9.006685286294669e-05,0.008562808856368065,11.307411193847656,0.0028060441836714745,11.026806831359863,0.0,0.42112988233566284,0.4485754370689392,29.568618774414062,0.0028060441836714745,11.026806831359863,0.0,0.42112988233566284,0.4485754370689392,29.568618774414062
622,83348,40000,6.616856098175049,0.00014399195788428187,0.007802801206707954,6.6089091300964355,0.0065926373936235905,5.949645519256592,0.0,0.4428223669528961,0.4689846634864807,31.378639221191406,0.0065926373936235905,5.949645519256592,0.0,0.4428223669528961,0.4689846634864807,31.378639221191406
623,83482,40000,11.843598365783691,0.00020326831145212054,0.007552288938313723,11.835843086242676,0.0019298454280942678,11.642858505249023,0.0,0.4123052656650543,0.4421713948249817,29.14873695373535,0.0019298454280942678,11.642858505249023,0.0,0.4123052656650543,0.4421713948249817,29.14873695373535
624,83616,40000,5.738924503326416,0.0002990416542161256,0.007903038524091244,5.730722427368164,0.008828705176711082,4.847851753234863,0.0,0.4508083164691925,0.47903937101364136,31.96872329711914,0.008828705176711082,4.847851753234863,0.0,0.4508083164691925,0.47903937101364136,31.96872329711914
625,83750,40000,7.582627773284912,0.00016952022269833833,0.012672174721956253,7.569786071777344,0.008996562100946903,6.670129776000977,0.0,0.45897427201271057,0.4742872714996338,32.497928619384766,0.008996562100946903,6.670129776000977,0.0,0.45897427201271057,0.4742872714996338,32.497928619384766
626,83884,40000,7.838446617126465,0.000183074691449292,0.00922674871981144,7.829036712646484,0.005217716563493013,7.307264804840088,0.0,0.4320659935474396,0.4647262692451477,31.0916690826416,0.005217716563493013,7.307264804840088,0.0,0.4320659935474396,0.4647262692451477,31.0916690826416
627,84018,40000,12.702004432678223,0.00021964576444588602,0.008768784813582897,12.693016052246094,0.015501775778830051,11.142838478088379,0.0,0.47635528445243835,0.4983445405960083,33.870628356933594,0.015501775778830051,11.142838478088379,0.0,0.47635528445243835,0.4983445405960083,33.870628356933594
628,84152,40000,8.395650863647461,0.00015684122627135366,0.00835886038839817,8.38713550567627,0.012838233262300491,7.1033124923706055,0.0,0.4628469944000244,0.49427878856658936,32.94138717651367,0.012838233262300491,7.1033124923706055,0.0,0.4628469944000244,0.49427878856658936,32.94138717651367
629,84286,40000,6.35006856918335,0.00019261213310528547,0.008951590396463871,6.340924263000488,0.00470625888556242,5.870298385620117,0.0,0.44276246428489685,0.4536435604095459,31.36993408203125,0.00470625888556242,5.870298385620117,0.0,0.44276246428489685,0.4536435604095459,31.36993408203125
630,84420,40000,7.702577590942383,0.00018635866581462324,0.008760739117860794,7.693630695343018,0.0027688024565577507,7.416750431060791,0.0,0.4278653860092163,0.44463545083999634,30.43878173828125,0.0027688024565577507,7.416750431060791,0.0,0.4278653860092163,0.44463545083999634,30.43878173828125
631,84554,40000,7.933304309844971,0.0002256157313240692,0.008532932959496975,7.924545764923096,0.005053076893091202,7.419238090515137,0.0,0.4358091354370117,0.4614067077636719,31.11949920654297,0.005053076893091202,7.419238090515137,0.0,0.4358091354370117,0.4614067077636719,31.11949920654297
632,84688,40000,7.7480082511901855,0.0002554364036768675,0.007587835658341646,7.740164756774902,0.0017666236963123083,7.563502311706543,0.0,0.42844486236572266,0.43094372749328613,29.82556915283203,0.0017666236963123083,7.563502311706543,0.0,0.42844486236572266,0.43094372749328613,29.82556915283203
633,84822,40000,6.199238300323486,0.00022739387350156903,0.007245117332786322,6.191765785217285,0.007393928244709969,5.452373027801514,0.0,0.4445226192474365,0.4735640287399292,31.212438583374023,0.007393928244709969,5.452373027801514,0.0,0.4445226192474365,0.4735640287399292,31.212438583374023
634,84956,40000,7.932738304138184,0.0002609569055493921,0.007901140488684177,7.924576282501221,0.006137002259492874,7.31087589263916,0.0,0.43927791714668274,0.4677808880805969,31.253828048706055,0.006137002259492874,7.31087589263916,0.0,0.43927791714668274,0.4677808880805969,31.253828048706055
635,85090,40000,7.147838115692139,0.0003549947577994317,0.008612859062850475,7.1388702392578125,0.00695904903113842,6.442965507507324,0.0,0.44767001271247864,0.468458890914917,32.30696105957031,0.00695904903113842,6.442965507507324,0.0,0.44767001271247864,0.468458890914917,32.30696105957031
636,85224,40000,5.261375904083252,0.00019248663738835603,0.006169717758893967,5.255013465881348,0.0034592850133776665,4.909084796905518,0.0,0.4404554069042206,0.44269245862960815,31.320531845092773,0.0034592850133776665,4.909084796905518,0.0,0.4404554069042206,0.44269245862960815,31.320531845092773
637,85358,40000,11.642425537109375,0.00031111951102502644,0.009984169155359268,11.63213062286377,0.015445545315742493,10.087575912475586,0.0,0.4764794111251831,0.49796146154403687,33.671714782714844,0.015445545315742493,10.087575912475586,0.0,0.4764794111251831,0.49796146154403687,33.671714782714844
638,85492,40000,5.372926235198975,0.0003563006466720253,0.0088283009827137,5.363741397857666,0.007903595454990864,4.5733819007873535,0.0,0.45048028230667114,0.4731801748275757,31.890823364257812,0.007903595454990864,4.5733819007873535,0.0,0.45048028230667114,0.4731801748275757,31.890823364257812
639,85626,40000,6.201801300048828,0.0001558783114887774,0.011614960618317127,6.190030574798584,0.0076289549469947815,5.427134990692139,0.0,0.4547799825668335,0.4680302143096924,31.875883102416992,0.0076289549469947815,5.427134990692139,0.0,0.4547799825668335,0.4680302143096924,31.875883102416992
640,85760,40000,8.571462631225586,0.0001864471851149574,0.00888801645487547,8.56238842010498,0.0033168953377753496,8.230698585510254,0.0,0.4283277988433838,0.45014411211013794,30.039979934692383,0.0033168953377753496,8.230698585510254,0.0,0.4283277988433838,0.45014411211013794,30.039979934692383
641,85894,40000,8.01540470123291,0.0002799230278469622,0.011472854763269424,8.00365161895752,0.0046735950745642185,7.53629207611084,0.0,0.4279872179031372,0.462372362613678,30.261194229125977,0.0046735950745642185,7.53629207611084,0.0,0.4279872179031372,0.462372362613678,30.261194229125977
642,86028,40000,6.9565749168396,0.00018331229512114078,0.009611857123672962,6.946779727935791,0.006585308816283941,6.2882490158081055,0.0,0.4537239670753479,0.4608197808265686,32.486900329589844,0.006585308816283941,6.2882490158081055,0.0,0.4537239670753479,0.4608197808265686,32.486900329589844
643,86162,40000,7.854213237762451,0.0001939310459420085,0.006455129943788052,7.847564220428467,0.009239482693374157,6.9236159324646,0.0,0.4562113583087921,0.4779728651046753,32.72853088378906,0.009239482693374157,6.9236159324646,0.0,0.4562113583087921,0.4779728651046753,32.72853088378906
644,86296,40000,5.018224239349365,0.0002853669866453856,0.009308293461799622,5.008630752563477,0.003980670124292374,4.6105637550354,0.0,0.44150078296661377,0.4475221633911133,31.562868118286133,0.003980670124292374,4.6105637550354,0.0,0.44150078296661377,0.4475221633911133,31.562868118286133
645,86430,40000,6.389017581939697,0.0001873491855803877,0.008714483119547367,6.380115985870361,0.0033045788295567036,6.049658298492432,0.0,0.4327467381954193,0.4472464919090271,30.82879638671875,0.0033045788295567036,6.049658298492432,0.0,0.4327467381954193,0.4472464919090271,30.82879638671875
646,86564,40000,6.756962776184082,0.00012181824422441423,0.0071809859946370125,6.749660015106201,0.002404443919658661,6.509215831756592,0.0,0.4292777180671692,0.4393352270126343,30.53582763671875,0.002404443919658661,6.509215831756592,0.0,0.4292777180671692,0.4393352270126343,30.53582763671875
647,86698,40000,8.566237449645996,0.00016109128773678094,0.005962039344012737,8.560113906860352,0.005948410369455814,7.965272903442383,0.0,0.43018847703933716,0.47097229957580566,30.435012817382812,0.005948410369455814,7.965272903442383,0.0,0.43018847703933716,0.47097229957580566,30.435012817382812
648,86832,40000,7.27357292175293,0.00013019266771152616,0.0063986205495893955,7.2670440673828125,0.008403437212109566,6.426700592041016,0.0,0.4557008147239685,0.47280699014663696,32.260711669921875,0.008403437212109566,6.426700592041016,0.0,0.4557008147239685,0.47280699014663696,32.260711669921875
649,86966,40000,7.173165798187256,0.00018979163723997772,0.007485058158636093,7.165491104125977,0.007943560369312763,6.371135234832764,0.0,0.44423234462738037,0.4773761034011841,31.57455062866211,0.007943560369312763,6.371135234832764,0.0,0.44423234462738037,0.4773761034011841,31.57455062866211
650,87100,40000,8.25562572479248,0.00021525514603126794,0.009274219162762165,8.246136665344238,0.008382859639823437,7.407850742340088,0.0,0.4494359791278839,0.4770645499229431,31.76513671875,0.008382859639823437,7.407850742340088,0.0,0.4494359791278839,0.4770645499229431,31.76513671875
651,87234,40000,6.273277759552002,0.00019345033797435462,0.008269802667200565,6.264814376831055,0.006516843568533659,5.61313009262085,0.0,0.43903958797454834,0.47065943479537964,31.477706909179688,0.006516843568533659,5.61313009262085,0.0,0.43903958797454834,0.47065943479537964,31.477706909179688
652,87368,40000,13.280397415161133,0.00025915895821526647,0.010637671686708927,13.269500732421875,0.0033237426541745663,12.937126159667969,0.0,0.4150021970272064,0.4556657671928406,28.91937255859375,0.0033237426541745663,12.937126159667969,0.0,0.4150021970272064,0.4556657671928406,28.91937255859375
653,87502,40000,9.423027992248535,0.00018884027667809278,0.008574618957936764,9.414264678955078,0.001438479172065854,9.270417213439941,0.0,0.4210033714771271,0.43158066272735596,29.5904598236084,0.001438479172065854,9.270417213439941,0.0,0.4210033714771271,0.43158066272735596,29.5904598236084
654,87636,40000,7.385430812835693,0.00011877957877004519,0.008705994114279747,7.376605987548828,0.00465854536741972,6.9107513427734375,0.0,0.4287674129009247,0.4618949294090271,30.707311630249023,0.00465854536741972,6.9107513427734375,0.0,0.4287674129009247,0.4618949294090271,30.707311630249023
655,87770,40000,7.07272481918335,0.00018353221821598709,0.007401753682643175,7.0651397705078125,0.004455719143152237,6.61956787109375,0.0,0.4329618513584137,0.4580451250076294,30.952186584472656,0.004455719143152237,6.61956787109375,0.0,0.4329618513584137,0.4580451250076294,30.952186584472656
656,87904,40000,6.625820636749268,0.00016258029791060835,0.010897152125835419,6.614760875701904,0.006075780838727951,6.007182598114014,0.0,0.44537755846977234,0.46337711811065674,31.69784164428711,0.006075780838727951,6.007182598114014,0.0,0.44537755846977234,0.46337711811065674,31.69784164428711
657,88038,40000,6.295364856719971,0.0001788433437468484,0.008424819447100163,6.286761283874512,0.005389084108173847,5.747852802276611,0.0,0.4359394609928131,0.4640112519264221,31.095869064331055,0.005389084108173847,5.747852802276611,0.0,0.4359394609928131,0.4640112519264221,31.095869064331055
658,88172,40000,10.959071159362793,0.00020849281281698495,0.007399418391287327,10.95146369934082,0.010141819715499878,9.937281608581543,0.0,0.4599538743495941,0.48091572523117065,33.55175018310547,0.010141819715499878,9.937281608581543,0.0,0.4599538743495941,0.48091572523117065,33.55175018310547
659,88306,40000,6.913888931274414,0.00012047460040776059,0.008933794684708118,6.904834747314453,0.003623450640588999,6.542489528656006,0.0,0.44074881076812744,0.4443055987358093,30.95574378967285,0.003623450640588999,6.542489528656006,0.0,0.44074881076812744,0.4443055987358093,30.95574378967285
660,88440,40000,7.845290184020996,0.00015181717753876,0.009235101751983166,7.835903167724609,0.003715905360877514,7.464312553405762,0.0,0.4244537949562073,0.45583832263946533,30.189796447753906,0.003715905360877514,7.464312553405762,0.0,0.4244537949562073,0.45583832263946533,30.189796447753906
661,88574,40000,12.545832633972168,0.00026779333711601794,0.012185072526335716,12.533379554748535,0.014735784381628036,11.05980110168457,0.0,0.48173749446868896,0.48974835872650146,34.272884368896484,0.014735784381628036,11.05980110168457,0.0,0.48173749446868896,0.48974835872650146,34.272884368896484
662,88708,40000,8.634564399719238,0.00015498216089326888,0.007981296628713608,8.62642765045166,0.011255381628870964,7.500889301300049,0.0,0.4579145014286041,0.488889217376709,32.139163970947266,0.011255381628870964,7.500889301300049,0.0,0.4579145014286041,0.488889217376709,32.139163970947266
663,88842,40000,7.203805446624756,0.00029465719126164913,0.009100213646888733,7.194410800933838,0.011100741103291512,6.084336757659912,0.0,0.4618973433971405,0.48526114225387573,32.971702575683594,0.011100741103291512,6.084336757659912,0.0,0.4618973433971405,0.48526114225387573,32.971702575683594
664,88976,40000,4.824309349060059,0.0002451686013955623,0.010846111923456192,4.813218116760254,0.00417920621111989,4.395297527313232,0.0,0.43372225761413574,0.4551544785499573,30.611310958862305,0.00417920621111989,4.395297527313232,0.0,0.43372225761413574,0.4551544785499573,30.611310958862305
665,89110,40000,6.690654754638672,0.0001273279485758394,0.010489042848348618,6.6800384521484375,0.008874518796801567,5.792586803436279,0.0,0.45084360241889954,0.47930604219436646,31.963428497314453,0.008874518796801567,5.792586803436279,0.0,0.45084360241889954,0.47930604219436646,31.963428497314453
666,89244,40000,5.66782283782959,0.00011972866195719689,0.007256980519741774,5.6604461669921875,0.007112725637853146,4.949173450469971,0.0,0.449386328458786,0.4683645963668823,32.458194732666016,0.007112725637853146,4.949173450469971,0.0,0.449386328458786,0.4683645963668823,32.458194732666016
667,89378,40000,7.618229866027832,0.0005840760422870517,0.006726705469191074,7.610918998718262,0.009405074641108513,6.670411586761475,0.0,0.46497634053230286,0.4719941020011902,32.930747985839844,0.009405074641108513,6.670411586761475,0.0,0.46497634053230286,0.4719941020011902,32.930747985839844
668,89512,40000,8.185333251953125,0.00014050274330656976,0.008917946368455887,8.176275253295898,0.0058671459555625916,7.589560508728027,0.0,0.4291192889213562,0.47084641456604004,30.673446655273438,0.0058671459555625916,7.589560508728027,0.0,0.4291192889213562,0.47084641456604004,30.673446655273438
669,89646,40000,6.600832462310791,0.00014043186092749238,0.008394359610974789,6.592297554016113,0.007263692561537027,5.8659281730651855,0.0,0.4492676556110382,0.4695441722869873,31.93539810180664,0.007263692561537027,5.8659281730651855,0.0,0.4492676556110382,0.4695441722869873,31.93539810180664
670,89780,40000,5.952807426452637,0.00012972942204214633,0.008706709370017052,5.943971157073975,0.006088034249842167,5.33516788482666,0.0,0.4457653760910034,0.46319466829299927,31.26412582397461,0.006088034249842167,5.33516788482666,0.0,0.4457653760910034,0.46319466829299927,31.26412582397461
671,89914,40000,7.3223981857299805,0.00021056200785096735,0.008561181835830212,7.313626289367676,0.0069933077320456505,6.614295482635498,0.0,0.4380742311477661,0.4744557738304138,31.284902572631836,0.0069933077320456505,6.614295482635498,0.0,0.4380742311477661,0.4744557738304138,31.284902572631836
672,90048,40000,6.2936835289001465,0.00013394062989391387,0.01125970110297203,6.282289981842041,0.00689361896365881,5.592927932739258,0.0,0.4488529860973358,0.4671342372894287,32.3013801574707,0.00689361896365881,5.592927932739258,0.0,0.4488529860973358,0.4671342372894287,32.3013801574707
673,90182,40000,6.250301837921143,0.00016205063730012625,0.008859243243932724,6.241280555725098,0.0031975270248949528,5.921527862548828,0.0,0.42964228987693787,0.4481545686721802,30.826065063476562,0.0031975270248949528,5.921527862548828,0.0,0.42964228987693787,0.4481545686721802,30.826065063476562
674,90316,40000,7.0966877937316895,0.0001198960526380688,0.008619176223874092,7.087948799133301,0.005908045917749405,6.4971442222595215,0.0,0.44461381435394287,0.46259117126464844,31.65972137451172,0.005908045917749405,6.4971442222595215,0.0,0.44461381435394287,0.46259117126464844,31.65972137451172
675,90450,40000,6.114532470703125,0.0002963360457215458,0.009788909927010536,6.104447364807129,0.004954822361469269,5.608964920043945,0.0,0.43962961435317993,0.4581748843193054,31.145505905151367,0.004954822361469269,5.608964920043945,0.0,0.43962961435317993,0.4581748843193054,31.145505905151367
676,90584,40000,7.395755767822266,0.00018362249829806387,0.00834483839571476,7.387227535247803,0.00672530010342598,6.714697360992432,0.0,0.45830148458480835,0.4576735496520996,32.44683074951172,0.00672530010342598,6.714697360992432,0.0,0.45830148458480835,0.4576735496520996,32.44683074951172
677,90718,40000,7.89576530456543,0.00011786619870690629,0.007424826733767986,7.888222694396973,0.01250460371375084,6.637762069702148,0.0,0.4589465856552124,0.4950258135795593,32.860660552978516,0.01250460371375084,6.637762069702148,0.0,0.4589465856552124,0.4950258135795593,32.860660552978516
678,90852,40000,8.210821151733398,0.0001626314187888056,0.007789304945617914,8.202869415283203,0.013647885993123055,6.838080883026123,0.0,0.4661701023578644,0.49627774953842163,33.012229919433594,0.013647885993123055,6.838080883026123,0.0,0.4661701023578644,0.49627774953842163,33.012229919433594
679,90986,40000,7.4303154945373535,0.0001780507736839354,0.009156355634331703,7.420980930328369,0.004023370333015919,7.018643856048584,0.0,0.43759211897850037,0.45109015703201294,31.137426376342773,0.004023370333015919,7.018643856048584,0.0,0.43759211897850037,0.45109015703201294,31.137426376342773
680,91120,40000,8.24836540222168,0.00030099021387286484,0.005457975901663303,8.242606163024902,0.007309361360967159,7.511670112609863,0.0,0.43330663442611694,0.47874027490615845,30.819866180419922,0.007309361360967159,7.511670112609863,0.0,0.43330663442611694,0.47874027490615845,30.819866180419922
681,91254,40000,6.960055828094482,0.0001877712638815865,0.011369269341230392,6.948498725891113,0.006390673108398914,6.309431552886963,0.0,0.4369283616542816,0.47090113162994385,30.757186889648438,0.006390673108398914,6.309431552886963,0.0,0.4369283616542816,0.47090113162994385,30.757186889648438
682,91388,40000,7.021132946014404,0.00020255993877071887,0.009044364094734192,7.011886119842529,0.009621759876608849,6.049710273742676,0.0,0.4602402448654175,0.4774136543273926,32.608245849609375,0.009621759876608849,6.049710273742676,0.0,0.4602402448654175,0.4774136543273926,32.608245849609375
683,91522,40000,6.173684120178223,0.00021817615197505802,0.008501804433763027,6.164964199066162,0.00936557911336422,5.2284064292907715,0.0,0.4521334171295166,0.48153334856033325,31.952486038208008,0.00936557911336422,5.2284064292907715,0.0,0.4521334171295166,0.48153334856033325,31.952486038208008
684,91656,40000,10.712282180786133,0.00013237730308901519,0.008349394425749779,10.703800201416016,0.01259891502559185,9.44390869140625,0.0,0.4615950286388397,0.49383479356765747,32.7384147644043,0.01259891502559185,9.44390869140625,0.0,0.4615950286388397,0.49383479356765747,32.7384147644043
685,91790,40000,5.190056800842285,0.00014650404045823961,0.007018746342509985,5.182891368865967,0.003784871194511652,4.804404258728027,0.0,0.4344496726989746,0.45097148418426514,31.380207061767578,0.003784871194511652,4.804404258728027,0.0,0.4344496726989746,0.45097148418426514,31.380207061767578
686,91924,40000,6.055605888366699,0.0003410068165976554,0.006679964251816273,6.048584938049316,0.006479894742369652,5.400595664978027,0.0,0.4393857419490814,0.4702044129371643,31.597156524658203,0.006479894742369652,5.400595664978027,0.0,0.4393857419490814,0.4702044129371643,31.597156524658203
687,92058,40000,7.3856892585754395,0.00014972841017879546,0.009368226863443851,7.376171112060547,0.009079095907509327,6.46826171875,0.0,0.45536601543426514,0.4775480628013611,32.66529083251953,0.009079095907509327,6.46826171875,0.0,0.45536601543426514,0.4775480628013611,32.66529083251953
688,92192,40000,6.653561592102051,0.00019334032549522817,0.008766096085309982,6.644602298736572,0.006218864582479,6.022716045379639,0.0,0.4386066794395447,0.4687632918357849,31.280500411987305,0.006218864582479,6.022716045379639,0.0,0.4386066794395447,0.4687632918357849,31.280500411987305
689,92326,40000,9.22458267211914,0.00018222913786303252,0.008426873944699764,9.215973854064941,0.0038837078027427197,8.827603340148926,0.0,0.41699081659317017,0.4599584937095642,30.02166175842285,0.0038837078027427197,8.827603340148926,0.0,0.41699081659317017,0.4599584937095642,30.02166175842285
690,92460,40000,7.453943252563477,0.0002132902736775577,0.009180750697851181,7.444549083709717,0.003635123837739229,7.081036567687988,0.0,0.42755556106567383,0.4536266326904297,30.41250991821289,0.003635123837739229,7.081036567687988,0.0,0.42755556106567383,0.4536266326904297,30.41250991821289
691,92594,40000,7.052694320678711,0.00020544294966384768,0.008852533996105194,7.043636322021484,0.006697311997413635,6.373905181884766,0.0,0.4392153024673462,0.47182947397232056,31.616140365600586,0.006697311997413635,6.373905181884766,0.0,0.4392153024673462,0.47182947397232056,31.616140365600586
692,92728,40000,8.891680717468262,0.0004309594223741442,0.007105439435690641,8.88414478302002,0.0040133739821612835,8.482807159423828,0.0,0.43587857484817505,0.4522120952606201,30.748659133911133,0.0040133739821612835,8.482807159423828,0.0,0.43587857484817505,0.4522120952606201,30.748659133911133
693,92862,40000,6.843438148498535,0.0003805075248237699,0.0071120173670351505,6.8359456062316895,0.010705565102398396,5.7653889656066895,0.0,0.45404475927352905,0.4882311224937439,31.557100296020508,0.010705565102398396,5.7653889656066895,0.0,0.45404475927352905,0.4882311224937439,31.557100296020508
694,92996,40000,6.423253536224365,0.00012966932263225317,0.00847887434065342,6.414645195007324,0.00420571630820632,5.994073390960693,0.0,0.43638986349105835,0.45367956161499023,31.182697296142578,0.00420571630820632,5.994073390960693,0.0,0.43638986349105835,0.45367956161499023,31.182697296142578
695,93130,40000,7.02217435836792,0.00046612852020189166,0.0071286652237176895,7.014579772949219,0.010137026198208332,6.0008769035339355,0.0,0.45877888798713684,0.4817439317703247,32.362430572509766,0.010137026198208332,6.0008769035339355,0.0,0.45877888798713684,0.4817439317703247,32.362430572509766
696,93264,40000,6.066648960113525,0.00024257958284579217,0.009953263215720654,6.056453227996826,0.005753659643232822,5.4810872077941895,0.0,0.4358758330345154,0.4668325185775757,31.1417236328125,0.005753659643232822,5.4810872077941895,0.0,0.4358758330345154,0.4668325185775757,31.1417236328125
697,93398,40000,6.570688247680664,0.00010086506517836824,0.007349921390414238,6.56323766708374,0.0048239510506391525,6.0808424949646,0.0,0.4406386613845825,0.4563245177268982,30.74248504638672,0.0048239510506391525,6.0808424949646,0.0,0.4406386613845825,0.4563245177268982,30.74248504638672
698,93532,40000,7.756255149841309,0.00011458223889349028,0.00824707467108965,7.747893333435059,0.006000339984893799,7.1478590965271,0.0,0.43270188570022583,0.47022056579589844,30.903831481933594,0.006000339984893799,7.1478590965271,0.0,0.43270188570022583,0.47022056579589844,30.903831481933594
699,93666,40000,8.071192741394043,0.00012910626537632197,0.010360201820731163,8.06070327758789,0.011374284513294697,6.923274993896484,0.0,0.46140849590301514,0.48719680309295654,32.92595291137695,0.011374284513294697,6.923274993896484,0.0,0.46140849590301514,0.48719680309295654,32.92595291137695
700,93800,40000,7.477115154266357,0.00021095448755659163,0.007781089749187231,7.469122886657715,0.0050309933722019196,6.9660234451293945,0.0,0.4363553524017334,0.4609038829803467,30.982572555541992,0.0050309933722019196,6.9660234451293945,0.0,0.4363553524017334,0.4609038829803467,30.982572555541992
701,93934,40000,7.720637321472168,0.0001431390701327473,0.007169659715145826,7.713324546813965,0.012172544375061989,6.496070384979248,0.0,0.45963558554649353,0.49282318353652954,32.622032165527344,0.012172544375061989,6.496070384979248,0.0,0.45963558554649353,0.49282318353652954,32.622032165527344
702,94068,40000,5.541465759277344,0.00011482262925710529,0.008866428397595882,5.532484531402588,0.006477472372353077,4.884737491607666,0.0,0.4466779828071594,0.4655640125274658,31.810373306274414,0.006477472372353077,4.884737491607666,0.0,0.4466779828071594,0.4655640125274658,31.810373306274414
703,94202,40000,7.183171272277832,0.00019552081357687712,0.007602541241794825,7.175373077392578,0.002337229670956731,6.941649913787842,0.0,0.42108771204948425,0.44350332021713257,30.335660934448242,0.002337229670956731,6.941649913787842,0.0,0.42108771204948425,0.44350332021713257,30.335660934448242
704,94336,40000,7.794520854949951,0.00016514613525941968,0.00991761963814497,7.784438133239746,0.007208130322396755,7.063624858856201,0.0,0.43544185161590576,0.47714924812316895,31.039628982543945,0.007208130322396755,7.063624858856201,0.0,0.43544185161590576,0.47714924812316895,31.039628982543945
705,94470,40000,6.555857181549072,0.0007898852345533669,0.009462397545576096,6.545604705810547,0.008395876735448837,5.706017017364502,0.0,0.45358410477638245,0.47432780265808105,32.735382080078125,0.008395876735448837,5.706017017364502,0.0,0.45358410477638245,0.47432780265808105,32.735382080078125
706,94604,40000,7.1009345054626465,0.00016265649173874408,0.0064804404973983765,7.0942912101745605,0.007821818813681602,6.312109470367432,0.0,0.4452168047428131,0.4760082960128784,31.567981719970703,0.007821818813681602,6.312109470367432,0.0,0.4452168047428131,0.4760082960128784,31.567981719970703
707,94738,40000,7.428030967712402,0.00013332435628399253,0.009767135605216026,7.418130397796631,0.010767349973320961,6.341395378112793,0.0,0.4607606530189514,0.48411595821380615,32.47986602783203,0.010767349973320961,6.341395378112793,0.0,0.4607606530189514,0.48411595821380615,32.47986602783203
708,94872,40000,5.910025596618652,0.00021322343673091382,0.007832642644643784,5.901979923248291,0.005280870012938976,5.373892784118652,0.0,0.44977667927742004,0.452944815158844,32.27348709106445,0.005280870012938976,5.373892784118652,0.0,0.44977667927742004,0.452944815158844,32.27348709106445
709,95006,40000,6.528226852416992,0.00016936904285103083,0.008878183551132679,6.519179344177246,0.005022578872740269,6.016921520233154,0.0,0.447989284992218,0.4521498680114746,32.25151443481445,0.005022578872740269,6.016921520233154,0.0,0.447989284992218,0.4521498680114746,32.25151443481445
710,95140,40000,5.463990211486816,0.00023307811352424324,0.007463342044502497,5.45629358291626,0.00538854394108057,4.917438983917236,0.0,0.4454244375228882,0.45766425132751465,31.884361267089844,0.00538854394108057,4.917438983917236,0.0,0.4454244375228882,0.45766425132751465,31.884361267089844
711,95274,40000,8.585172653198242,0.00011759067274397239,0.008226906880736351,8.576828002929688,0.006292098201811314,7.94761848449707,0.0,0.43573108315467834,0.4708194136619568,31.16512680053711,0.006292098201811314,7.94761848449707,0.0,0.43573108315467834,0.4708194136619568,31.16512680053711
712,95408,40000,6.48956298828125,0.00016737128316890448,0.00901507493108511,6.480380535125732,0.0038693398237228394,6.093446731567383,0.0,0.4424460232257843,0.44547170400619507,31.46585464477539,0.0038693398237228394,6.093446731567383,0.0,0.4424460232257843,0.44547170400619507,31.46585464477539
713,95542,40000,6.570468902587891,0.00027665242669172585,0.005429585464298725,6.564762592315674,0.0020753289572894573,6.357229709625244,0.0,0.4248239994049072,0.43819814920425415,30.366992950439453,0.0020753289572894573,6.357229709625244,0.0,0.4248239994049072,0.43819814920425415,30.366992950439453
714,95676,40000,6.669455528259277,0.00017075618961825967,0.008316563442349434,6.66096830368042,0.004029438830912113,6.258024215698242,0.0,0.42601478099823,0.4579022526741028,30.421070098876953,0.004029438830912113,6.258024215698242,0.0,0.42601478099823,0.4579022526741028,30.421070098876953
715,95810,40000,6.117168426513672,0.00017557936371304095,0.007244231179356575,6.109748840332031,0.008730420842766762,5.236706733703613,0.0,0.44511350989341736,0.4818241596221924,31.7199764251709,0.008730420842766762,5.236706733703613,0.0,0.44511350989341736,0.4818241596221924,31.7199764251709
716,95944,40000,10.452805519104004,0.00011550990166142583,0.007149770390242338,10.445540428161621,0.0019026354420930147,10.255276679992676,0.0,0.4184154272079468,0.439541220664978,29.67471694946289,0.0019026354420930147,10.255276679992676,0.0,0.4184154272079468,0.439541220664978,29.67471694946289
717,96078,40000,7.12531852722168,0.00014012950123287737,0.009007880464196205,7.116170406341553,0.0031449347734451294,6.8016767501831055,0.0,0.43384212255477905,0.4447174072265625,30.612051010131836,0.0031449347734451294,6.8016767501831055,0.0,0.43384212255477905,0.4447174072265625,30.612051010131836
718,96212,40000,5.748326778411865,0.0002027648442890495,0.007289663422852755,5.7408342361450195,0.008944123052060604,4.846421718597412,0.0,0.452831894159317,0.478440523147583,32.315982818603516,0.008944123052060604,4.846421718597412,0.0,0.452831894159317,0.478440523147583,32.315982818603516
719,96346,40000,7.550137519836426,0.0001468671835027635,0.006820461712777615,7.543169975280762,0.001297544687986374,7.413415431976318,0.0,0.4274662137031555,0.4233056306838989,30.34087371826172,0.001297544687986374,7.413415431976318,0.0,0.4274662137031555,0.4233056306838989,30.34087371826172
720,96480,40000,6.528413772583008,0.00011933656060136855,0.008434166200459003,6.51986026763916,0.007110016420483589,5.808858871459961,0.0,0.4411633610725403,0.4735907316207886,31.702836990356445,0.007110016420483589,5.808858871459961,0.0,0.4411633610725403,0.4735907316207886,31.702836990356445
721,96614,40000,11.56262493133545,0.00018942946917377412,0.006268270779401064,11.556167602539062,0.014664184302091599,10.089749336242676,0.0,0.46746963262557983,0.500558614730835,33.43707275390625,0.014664184302091599,10.089749336242676,0.0,0.46746963262557983,0.500558614730835,33.43707275390625
722,96748,40000,7.118933200836182,0.0001580592943355441,0.00781966932117939,7.110955238342285,0.005717532709240913,6.539201736450195,0.0,0.43306005001068115,0.46800416707992554,30.937610626220703,0.005717532709240913,6.539201736450195,0.0,0.43306005001068115,0.46800416707992554,30.937610626220703
723,96882,40000,6.208810806274414,0.0001711053919279948,0.012417469173669815,6.196222305297852,0.006037237122654915,5.592498779296875,0.0,0.4338555932044983,0.46993595361709595,31.076692581176758,0.006037237122654915,5.592498779296875,0.0,0.4338555932044983,0.46993595361709595,31.076692581176758
724,97016,40000,6.725168704986572,0.00018260588694829494,0.007924700155854225,6.717061519622803,0.0008098305552266538,6.636078357696533,0.0,0.42589402198791504,0.41180384159088135,30.29741668701172,0.0008098305552266538,6.636078357696533,0.0,0.42589402198791504,0.41180384159088135,30.29741668701172
725,97150,40000,15.699837684631348,0.0004427033709362149,0.007493310607969761,15.691901206970215,0.002827445510774851,15.409156799316406,0.0,0.41365960240364075,0.4513893127441406,28.632047653198242,0.002827445510774851,15.409156799316406,0.0,0.41365960240364075,0.4513893127441406,28.632047653198242
726,97284,40000,7.05470609664917,0.00020688351651187986,0.009367819875478745,7.045131206512451,0.006006869953125715,6.444444179534912,0.0,0.4384019374847412,0.46732133626937866,31.633224487304688,0.006006869953125715,6.444444179534912,0.0,0.4384019374847412,0.46732133626937866,31.633224487304688
727,97418,40000,4.870992660522461,0.0003725460555870086,0.0058463336899876595,4.864773750305176,0.005059165880084038,4.358857154846191,0.0,0.44587984681129456,0.45435261726379395,31.512983322143555,0.005059165880084038,4.358857154846191,0.0,0.44587984681129456,0.45435261726379395,31.512983322143555
728,97552,40000,5.45695161819458,0.0001695949031272903,0.008455838076770306,5.448326110839844,0.008126945234835148,4.635631561279297,0.0,0.454696387052536,0.47166067361831665,31.777320861816406,0.008126945234835148,4.635631561279297,0.0,0.454696387052536,0.47166067361831665,31.777320861816406
729,97686,40000,7.681800365447998,0.0001421177148586139,0.00613938644528389,7.675518989562988,0.007611608132719994,6.914358139038086,0.0,0.44988125562667847,0.4715784192085266,32.00380325317383,0.007611608132719994,6.914358139038086,0.0,0.44988125562667847,0.4715784192085266,32.00380325317383
730,97820,40000,7.197880268096924,0.0001738618448143825,0.008767668157815933,7.188938617706299,0.0010484898230060935,7.084089756011963,0.0,0.4278777837753296,0.41647177934646606,30.1439266204834,0.0010484898230060935,7.084089756011963,0.0,0.4278777837753296,0.41647177934646606,30.1439266204834
731,97954,40000,5.515671253204346,0.00022935157176107168,0.009573351591825485,5.505868434906006,0.0030766776762902737,5.198200702667236,0.0,0.4344410002231598,0.44347983598709106,31.047950744628906,0.0030766776762902737,5.198200702667236,0.0,0.4344410002231598,0.44347983598709106,31.047950744628906
732,98088,40000,7.553920269012451,0.00013601826503872871,0.00694727199152112,7.546836853027344,0.008432443253695965,6.703592300415039,0.0,0.4476630389690399,0.4784899950027466,32.04452896118164,0.008432443253695965,6.703592300415039,0.0,0.4476630389690399,0.4784899950027466,32.04452896118164
733,98222,40000,5.219039440155029,0.0001892969012260437,0.007991794496774673,5.210858345031738,0.004757117014378309,4.735146522521973,0.0,0.4349430203437805,0.4594651460647583,31.075292587280273,0.004757117014378309,4.735146522521973,0.0,0.4349430203437805,0.4594651460647583,31.075292587280273
734,98356,40000,8.098844528198242,0.00020575425878632814,0.006985342595726252,8.091653823852539,0.008960550650954247,7.195598602294922,0.0,0.45684003829956055,0.4756951928138733,32.72369384765625,0.008960550650954247,7.195598602294922,0.0,0.45684003829956055,0.4756951928138733,32.72369384765625
735,98490,40000,10.1923189163208,0.00014302435738500208,0.010435367003083229,10.181740760803223,0.000894632248673588,10.092277526855469,0.0,0.4164894223213196,0.4249545931816101,29.526288986206055,0.000894632248673588,10.092277526855469,0.0,0.4164894223213196,0.4249545931816101,29.526288986206055
736,98624,40000,6.966406345367432,0.00017431221203878522,0.008649677969515324,6.957582473754883,0.010089896619319916,5.948592662811279,0.0,0.45951879024505615,0.4809160828590393,32.60041427612305,0.010089896619319916,5.948592662811279,0.0,0.45951879024505615,0.4809160828590393,32.60041427612305
737,98758,40000,6.99682092666626,0.0002908919705078006,0.0069679380394518375,6.989562034606934,0.0026555699296295643,6.724005222320557,0.0,0.44052714109420776,0.431829571723938,31.692401885986328,0.0026555699296295643,6.724005222320557,0.0,0.44052714109420776,0.431829571723938,31.692401885986328
738,98892,40000,8.754105567932129,0.00013126700650900602,0.010860403999686241,8.74311351776123,0.004607697483152151,8.282343864440918,0.0,0.4309140741825104,0.46043193340301514,30.0476016998291,0.004607697483152151,8.282343864440918,0.0,0.4309140741825104,0.46043193340301514,30.0476016998291
739,99026,40000,6.464996337890625,0.00014974168152548373,0.00949904415756464,6.455347537994385,0.004292275290936232,6.026120185852051,0.0,0.4329472780227661,0.4566282033920288,30.810321807861328,0.004292275290936232,6.026120185852051,0.0,0.4329472780227661,0.4566282033920288,30.810321807861328
740,99160,40000,5.408900737762451,0.00014287122758105397,0.007941932417452335,5.400815963745117,0.003418191336095333,5.058996677398682,0.0,0.43688517808914185,0.4453616142272949,30.811864852905273,0.003418191336095333,5.058996677398682,0.0,0.43688517808914185,0.4453616142272949,30.811864852905273
741,99294,40000,5.525845050811768,9.637293260311708e-05,0.008510852232575417,5.517237663269043,0.003640881273895502,5.153149604797363,0.0,0.4315699636936188,0.45142197608947754,31.152671813964844,0.003640881273895502,5.153149604797363,0.0,0.4315699636936188,0.45142197608947754,31.152671813964844
742,99428,40000,11.024866104125977,0.00018216128228232265,0.008911652490496635,11.015771865844727,0.011989082209765911,9.816864013671875,0.0,0.45800140500068665,0.4928704500198364,33.243412017822266,0.011989082209765911,9.816864013671875,0.0,0.45800140500068665,0.4928704500198364,33.243412017822266
743,99562,40000,9.172473907470703,0.00013732754450757056,0.007521985564380884,9.164814949035645,0.011786099523305893,7.986204624176025,0.0,0.4675334393978119,0.48500198125839233,33.3222770690918,0.011786099523305893,7.986204624176025,0.0,0.4675334393978119,0.48500198125839233,33.3222770690918
744,99696,40000,10.709150314331055,0.00015564021305181086,0.013523012399673462,10.69547176361084,0.004592047072947025,10.23626708984375,0.0,0.41885074973106384,0.46508991718292236,29.652158737182617,0.004592047072947025,10.23626708984375,0.0,0.41885074973106384,0.46508991718292236,29.652158737182617
745,99830,40000,9.153298377990723,0.00021481480507645756,0.008152524940669537,9.144930839538574,0.013335386291146278,7.811392307281494,0.0,0.46640652418136597,0.49447518587112427,33.124691009521484,0.013335386291146278,7.811392307281494,0.0,0.46640652418136597,0.49447518587112427,33.124691009521484
746,99964,40000,6.463479518890381,0.00031437588040716946,0.008918030187487602,6.454246997833252,0.007494521327316761,5.704794883728027,0.0,0.4545893669128418,0.4671902060508728,32.141822814941406,0.007494521327316761,5.704794883728027,0.0,0.4545893669128418,0.4671902060508728,32.141822814941406
747,100098,40000,6.850008487701416,0.00011147714394610375,0.008097263053059578,6.841799736022949,0.005747427698224783,6.267056941986084,0.0,0.44171109795570374,0.4633057117462158,31.732210159301758,0.005747427698224783,6.267056941986084,0.0,0.44171109795570374,0.4633057117462158,31.732210159301758
748,100232,40000,6.147220134735107,0.00012917970889247954,0.00846098456531763,6.138629913330078,0.004985935986042023,5.640036106109619,0.0,0.4530741274356842,0.44657331705093384,31.7094783782959,0.004985935986042023,5.640036106109619,0.0,0.4530741274356842,0.44657331705093384,31.7094783782959
749,100366,40000,7.614324569702148,0.0002852388424798846,0.009430309757590294,7.60460901260376,0.010969900526106358,6.5076189041137695,0.0,0.4522992670536041,0.4907451868057251,32.417137145996094,0.010969900526106358,6.5076189041137695,0.0,0.4522992670536041,0.4907451868057251,32.417137145996094
750,100500,40000,12.99295711517334,0.000416361988754943,0.010263814590871334,12.982276916503906,0.014843396842479706,11.497937202453613,0.0,0.46897006034851074,0.5004317164421082,33.88486862182617,0.014843396842479706,11.497937202453613,0.0,0.46897006034851074,0.5004317164421082,33.88486862182617
751,100634,40000,7.914363384246826,0.00016179641534108669,0.008026402443647385,7.906175136566162,0.008916907012462616,7.014484405517578,0.0,0.4593369662761688,0.4734576940536499,32.72994613647461,0.008916907012462616,7.014484405517578,0.0,0.4593369662761688,0.4734576940536499,32.72994613647461
752,100768,40000,6.191122531890869,0.0009304492268711329,0.007926969788968563,6.182265281677246,0.007519408129155636,5.430324554443359,0.0,0.44763344526290894,0.4724600911140442,31.173686981201172,0.007519408129155636,5.430324554443359,0.0,0.44763344526290894,0.4724600911140442,31.173686981201172
753,100902,40000,7.8616132736206055,0.00010053579899249598,0.008405502885580063,7.853107452392578,0.013484412804245949,6.504666328430176,0.0,0.46641623973846436,0.49525386095046997,33.196197509765625,0.013484412804245949,6.504666328430176,0.0,0.46641623973846436,0.49525386095046997,33.196197509765625
754,101036,40000,8.200024604797363,0.0002655762364156544,0.008920322172343731,8.190838813781738,0.005141046829521656,7.676734447479248,0.0,0.42936933040618896,0.46541017293930054,30.814924240112305,0.005141046829521656,7.676734447479248,0.0,0.42936933040618896,0.46541017293930054,30.814924240112305
755,101170,40000,6.471765041351318,0.00019089154375251383,0.0062143271788954735,6.465359687805176,0.00968203879892826,5.497155666351318,0.0,0.45378056168556213,0.482399582862854,32.529441833496094,0.00968203879892826,5.497155666351318,0.0,0.45378056168556213,0.482399582862854,32.529441833496094
756,101304,40000,8.6209135055542,0.00014863228716421872,0.008097924292087555,8.612667083740234,0.00848055724054575,7.764611721038818,0.0,0.45764854550361633,0.4718136787414551,32.979122161865234,0.00848055724054575,7.764611721038818,0.0,0.45764854550361633,0.4718136787414551,32.979122161865234
757,101438,40000,9.695362091064453,0.00013046218373347074,0.0074750944040715694,9.687756538391113,0.0006653324235230684,9.621223449707031,0.0,0.41279885172843933,0.42239469289779663,29.576698303222656,0.0006653324235230684,9.621223449707031,0.0,0.41279885172843933,0.42239469289779663,29.576698303222656
758,101572,40000,7.127467632293701,0.0001396398147335276,0.006947229616343975,7.120380878448486,0.009956378489732742,6.1247429847717285,0.0,0.4559003412723541,0.48265308141708374,32.83635330200195,0.009956378489732742,6.1247429847717285,0.0,0.4559003412723541,0.48265308141708374,32.83635330200195
759,101706,40000,7.219552993774414,0.00012694911856669933,0.009684504009783268,7.209741592407227,0.008193474262952805,6.39039421081543,0.0,0.44429147243499756,0.4789413809776306,32.059234619140625,0.008193474262952805,6.39039421081543,0.0,0.44429147243499756,0.4789413809776306,32.059234619140625
760,101840,40000,10.26579475402832,0.0001495364267611876,0.009556528180837631,10.256088256835938,0.013298180885612965,8.926270484924316,0.0,0.46499159932136536,0.49525898694992065,33.373050689697266,0.013298180885612965,8.926270484924316,0.0,0.46499159932136536,0.49525898694992065,33.373050689697266
761,101974,40000,8.701089859008789,0.00018966838251799345,0.009713844396173954,8.69118595123291,0.0031720041297376156,8.373985290527344,0.0,0.4237309694290161,0.451076865196228,30.454153060913086,0.0031720041297376156,8.373985290527344,0.0,0.4237309694290161,0.451076865196228,30.454153060913086
762,102108,40000,4.812982082366943,0.00029030704172328115,0.011922747828066349,4.800768852233887,0.006934096105396748,4.107359409332275,0.0,0.43934762477874756,0.4733884334564209,31.290088653564453,0.006934096105396748,4.107359409332275,0.0,0.43934762477874756,0.4733884334564209,31.290088653564453
763,102242,40000,12.42537784576416,0.00017333237337879837,0.007737602107226849,12.41746711730957,0.016677260398864746,10.749741554260254,0.0,0.4707840085029602,0.5080133676528931,33.83137512207031,0.016677260398864746,10.749741554260254,0.0,0.4707840085029602,0.5080133676528931,33.83137512207031
764,102376,40000,5.317950248718262,0.00021681757061742246,0.007996191270649433,5.309737205505371,0.0069161164574325085,4.6181254386901855,0.0,0.4421682059764862,0.47167956829071045,31.658288955688477,0.0069161164574325085,4.6181254386901855,0.0,0.4421682059764862,0.47167956829071045,31.658288955688477
765,102510,40000,10.194497108459473,0.0001247852051164955,0.008440094999969006,10.185932159423828,0.011662980541586876,9.019634246826172,0.0,0.4606553912162781,0.4893527030944824,33.08108901977539,0.011662980541586876,9.019634246826172,0.0,0.4606553912162781,0.4893527030944824,33.08108901977539
766,102644,40000,9.622101783752441,0.00011123264994239435,0.007107572164386511,9.614883422851562,0.01548883505165577,8.065999984741211,0.0,0.46482643485069275,0.5062373280525208,33.34894561767578,0.01548883505165577,8.065999984741211,0.0,0.46482643485069275,0.5062373280525208,33.34894561767578
767,102778,40000,6.821297645568848,0.0001743417960824445,0.008975275792181492,6.812148094177246,0.005930011160671711,6.219146728515625,0.0,0.43461862206459045,0.468786358833313,30.92095947265625,0.005930011160671711,6.219146728515625,0.0,0.43461862206459045,0.468786358833313,30.92095947265625
768,102912,40000,7.7555365562438965,0.0005281378398649395,0.00810862798243761,7.746899604797363,0.007293046917766333,7.017594814300537,0.0,0.45683178305625916,0.4637432098388672,32.841888427734375,0.007293046917766333,7.017594814300537,0.0,0.45683178305625916,0.4637432098388672,32.841888427734375
769,103046,40000,6.862183094024658,0.00014759646728634834,0.007555695716291666,6.854479789733887,0.0062983836978673935,6.2246413230896,0.0,0.43742626905441284,0.4699832797050476,31.05502700805664,0.0062983836978673935,6.2246413230896,0.0,0.43742626905441284,0.4699832797050476,31.05502700805664
770,103180,40000,5.319523811340332,9.085228521144018e-05,0.010908994823694229,5.308524131774902,0.0034456513822078705,4.963959217071533,0.0,0.4396275579929352,0.4433048367500305,31.669574737548828,0.0034456513822078705,4.963959217071533,0.0,0.4396275579929352,0.4433048367500305,31.669574737548828
771,103314,40000,10.848308563232422,9.725140989758074e-05,0.009767996147274971,10.838443756103516,0.009292292408645153,9.909214973449707,0.0,0.4620726406574249,0.4737514853477478,33.62179946899414,0.009292292408645153,9.909214973449707,0.0,0.4620726406574249,0.4737514853477478,33.62179946899414
772,103448,40000,6.482231616973877,0.00020209752256050706,0.0070227645337581635,6.475006580352783,0.0023149296175688505,6.243513584136963,0.0,0.42347952723503113,0.4419957399368286,30.315122604370117,0.0023149296175688505,6.243513584136963,0.0,0.42347952723503113,0.4419957399368286,30.315122604370117
773,103582,40000,7.5629096031188965,0.0003138509055133909,0.00867251306772232,7.5539231300354,0.004895890597254038,7.064333915710449,0.0,0.4309980273246765,0.46272969245910645,31.035879135131836,0.004895890597254038,7.064333915710449,0.0,0.4309980273246765,0.46272969245910645,31.035879135131836
774,103716,40000,7.795444965362549,0.00013117879279889166,0.006906432565301657,7.788407325744629,0.007223127409815788,7.066094398498535,0.0,0.45480313897132874,0.4649595618247986,32.307472229003906,0.007223127409815788,7.066094398498535,0.0,0.45480313897132874,0.4649595618247986,32.307472229003906
775,103850,40000,6.199982166290283,0.0001784611667972058,0.008130212314426899,6.191673278808594,0.006449098698794842,5.5467634201049805,0.0,0.4376716613769531,0.4709221124649048,31.62670135498047,0.006449098698794842,5.5467634201049805,0.0,0.4376716613769531,0.4709221124649048,31.62670135498047
776,103984,40000,6.352965831756592,0.00016885975492186844,0.008258557878434658,6.34453821182251,0.006828236393630505,5.661714553833008,0.0,0.45146697759628296,0.46464818716049194,32.163291931152344,0.006828236393630505,5.661714553833008,0.0,0.45146697759628296,0.46464818716049194,32.163291931152344
777,104118,40000,5.71844482421875,0.00012977872393094003,0.0066724419593811035,5.711642742156982,0.0017411175649613142,5.537530899047852,0.0,0.43076255917549133,0.4281919002532959,31.192258834838867,0.0017411175649613142,5.537530899047852,0.0,0.43076255917549133,0.4281919002532959,31.192258834838867
778,104252,40000,7.159402847290039,0.00017355760792270303,0.00915995892137289,7.150069236755371,0.009739631786942482,6.176105976104736,0.0,0.44651007652282715,0.48704278469085693,31.548725128173828,0.009739631786942482,6.176105976104736,0.0,0.44651007652282715,0.48704278469085693,31.548725128173828
779,104386,40000,7.016219615936279,0.00014551397180184722,0.007694152649492025,7.008379936218262,0.007655845023691654,6.242795467376709,0.0,0.448330819606781,0.4729381799697876,32.50807571411133,0.007655845023691654,6.242795467376709,0.0,0.448330819606781,0.4729381799697876,32.50807571411133
780,104520,40000,6.452442169189453,0.0002050696057267487,0.006076846271753311,6.446160316467285,0.005516005679965019,5.894559860229492,0.0,0.4344641864299774,0.465789258480072,31.421714782714844,0.005516005679965019,5.894559860229492,0.0,0.4344641864299774,0.465789258480072,31.421714782714844
781,104654,40000,5.787996768951416,0.00013118577771820128,0.007138225249946117,5.780727386474609,0.004834295716136694,5.297297954559326,0.0,0.44659897685050964,0.45160263776779175,31.857219696044922,0.004834295716136694,5.297297954559326,0.0,0.44659897685050964,0.45160263776779175,31.857219696044922
782,104788,40000,7.876044273376465,0.00012917452841065824,0.008825700730085373,7.86708927154541,0.008109156042337418,7.056173801422119,0.0,0.4447995126247406,0.47811633348464966,31.776212692260742,0.008109156042337418,7.056173801422119,0.0,0.4447995126247406,0.47811633348464966,31.776212692260742
783,104922,40000,7.421520233154297,0.0002016965881921351,0.0079776206985116,7.413341045379639,0.005013936664909124,6.911947250366211,0.0,0.450825959444046,0.44930171966552734,32.45756530761719,0.005013936664909124,6.911947250366211,0.0,0.450825959444046,0.44930171966552734,32.45756530761719
784,105056,40000,6.311535358428955,0.00029833579901605844,0.009585279040038586,6.301651954650879,0.0025663848500698805,6.045013427734375,0.0,0.42988845705986023,0.4409031271934509,30.730968475341797,0.0025663848500698805,6.045013427734375,0.0,0.42988845705986023,0.4409031271934509,30.730968475341797
785,105190,40000,7.937435626983643,0.00021158663730602711,0.007792145013809204,7.929431915283203,0.011609036475419998,6.768527984619141,0.0,0.46368733048439026,0.4869077801704407,33.25349426269531,0.011609036475419998,6.768527984619141,0.0,0.46368733048439026,0.4869077801704407,33.25349426269531
786,105324,40000,9.247347831726074,0.00020780641352757812,0.008480356074869633,9.238659858703613,0.001619797432795167,9.076680183410645,0.0,0.41852590441703796,0.43572938442230225,30.04816246032715,0.001619797432795167,9.076680183410645,0.0,0.41852590441703796,0.43572938442230225,30.04816246032715
787,105458,40000,6.704439163208008,0.0003287126892246306,0.0080644516274333,6.696045875549316,0.00664859963580966,6.031186103820801,0.0,0.4461589455604553,0.46721571683883667,32.06167221069336,0.00664859963580966,6.031186103820801,0.0,0.4461589455604553,0.46721571683883667,32.06167221069336
788,105592,40000,4.96114444732666,0.00038735830457881093,0.008037842810153961,4.952719211578369,0.009452546015381813,4.007464408874512,0.0,0.44756075739860535,0.484796941280365,31.43987274169922,0.009452546015381813,4.007464408874512,0.0,0.44756075739860535,0.484796941280365,31.43987274169922
789,105726,40000,6.303040981292725,0.00013331924856174737,0.009500516578555107,6.293406963348389,0.006175518501549959,5.6758551597595215,0.0,0.4390259385108948,0.4682092070579529,31.12432098388672,0.006175518501549959,5.6758551597595215,0.0,0.4390259385108948,0.4682092070579529,31.12432098388672
790,105860,40000,6.439713478088379,8.481356053380296e-05,0.006559227127581835,6.433069229125977,0.0074635641649365425,5.686712741851807,0.0,0.4447645843029022,0.4738897681236267,31.49010467529297,0.0074635641649365425,5.686712741851807,0.0,0.4447645843029022,0.4738897681236267,31.49010467529297
791,105994,40000,7.011712074279785,0.0001517706987215206,0.007332331966608763,7.004228115081787,0.005663929041475058,6.437835216522217,0.0,0.42931854724884033,0.46931344270706177,30.784074783325195,0.005663929041475058,6.437835216522217,0.0,0.42931854724884033,0.46931344270706177,30.784074783325195
792,106128,40000,8.138347625732422,0.00010028517863247544,0.007099243346601725,8.131148338317871,0.005015154834836721,7.629632949829102,0.0,0.4346161186695099,0.4617809057235718,30.968332290649414,0.005015154834836721,7.629632949829102,0.0,0.4346161186695099,0.4617809057235718,30.968332290649414
793,106262,40000,6.111278533935547,0.0002443719713483006,0.00617962796241045,6.104854583740234,0.003657963592559099,5.739058017730713,0.0,0.4347921907901764,0.4494718909263611,31.34473419189453,0.003657963592559099,5.739058017730713,0.0,0.4347921907901764,0.4494718909263611,31.34473419189453
794,106396,40000,7.570404052734375,0.00018806607113219798,0.008094057440757751,7.562121868133545,0.00521117402240634,7.041004657745361,0.0,0.4347168505191803,0.46329230070114136,30.939712524414062,0.00521117402240634,7.041004657745361,0.0,0.4347168505191803,0.46329230070114136,30.939712524414062
795,106530,40000,6.828622817993164,0.00014539461699314415,0.00874397438019514,6.819733619689941,0.00202960311435163,6.6167731285095215,0.0,0.42233479022979736,0.4391249418258667,30.389314651489258,0.00202960311435163,6.6167731285095215,0.0,0.42233479022979736,0.4391249418258667,30.389314651489258
796,106664,40000,6.85646390914917,0.00017663650214672089,0.008180361241102219,6.848106861114502,0.007271629758179188,6.120944023132324,0.0,0.44264131784439087,0.47384679317474365,32.135643005371094,0.007271629758179188,6.120944023132324,0.0,0.44264131784439087,0.47384679317474365,32.135643005371094
797,106798,40000,7.2498860359191895,0.00012424091983120888,0.010275349952280521,7.239486217498779,0.00486002815887332,6.753483295440674,0.0,0.422611802816391,0.46594494581222534,30.256437301635742,0.00486002815887332,6.753483295440674,0.0,0.422611802816391,0.46594494581222534,30.256437301635742
798,106932,40000,8.188140869140625,0.0001508882996859029,0.008889520540833473,8.179100036621094,0.010722164064645767,7.106883525848389,0.0,0.4481631815433502,0.4916650056838989,31.774341583251953,0.010722164064645767,7.106883525848389,0.0,0.4481631815433502,0.4916650056838989,31.774341583251953
799,107066,40000,6.291576862335205,0.0002841280656866729,0.010679666884243488,6.280612945556641,0.003931654617190361,5.887447357177734,0.0,0.4312480092048645,0.4543619155883789,30.694900512695312,0.003931654617190361,5.887447357177734,0.0,0.4312480092048645,0.4543619155883789,30.694900512695312
800,107200,40000,7.291994094848633,9.320172830484807e-05,0.009106112644076347,7.282794952392578,0.006851815618574619,6.597613334655762,0.0,0.4376525282859802,0.4737163782119751,31.568359375,0.006851815618574619,6.597613334655762,0.0,0.4376525282859802,0.4737163782119751,31.568359375
801,107334,40000,4.930116176605225,0.00011854616604978219,0.008355339989066124,4.921642303466797,0.0071756839752197266,4.204073905944824,0.0,0.4471518397331238,0.4703732132911682,31.834138870239258,0.0071756839752197266,4.204073905944824,0.0,0.4471518397331238,0.4703732132911682,31.834138870239258
802,107468,40000,12.714900016784668,0.00011609957437030971,0.007212697993963957,12.707571029663086,0.011865664273500443,11.521004676818848,0.0,0.46806973218917847,0.4850422143936157,33.929718017578125,0.011865664273500443,11.521004676818848,0.0,0.46806973218917847,0.4850422143936157,33.929718017578125
803,107602,40000,5.882295608520508,0.00011989549966529012,0.009302319027483463,5.872873306274414,0.009144737385213375,4.958399772644043,0.0,0.46134939789772034,0.473355233669281,31.854049682617188,0.009144737385213375,4.958399772644043,0.0,0.46134939789772034,0.473355233669281,31.854049682617188
804,107736,40000,7.149209022521973,0.00011068469029851258,0.005489771254360676,7.143608570098877,0.0037839841097593307,6.765210151672363,0.0,0.44212692975997925,0.44482529163360596,31.92346954345703,0.0037839841097593307,6.765210151672363,0.0,0.44212692975997925,0.44482529163360596,31.92346954345703
805,107870,40000,6.1036577224731445,0.0001588618179084733,0.00704591628164053,6.096452713012695,0.0044274041429162025,5.653712272644043,0.0,0.44247278571128845,0.4512197971343994,31.556190490722656,0.0044274041429162025,5.653712272644043,0.0,0.44247278571128845,0.4512197971343994,31.556190490722656
806,108004,40000,4.684836387634277,0.00018171068222727627,0.008783073164522648,4.6758713722229,0.003360194154083729,4.3398518562316895,0.0,0.44558006525039673,0.43581414222717285,31.94451141357422,0.003360194154083729,4.3398518562316895,0.0,0.44558006525039673,0.43581414222717285,31.94451141357422
807,108138,40000,8.926741600036621,0.00012222932127770036,0.0072335172444581985,8.91938591003418,0.01204723957926035,7.714662075042725,0.0,0.4617899954319,0.4907151460647583,32.61575698852539,0.01204723957926035,7.714662075042725,0.0,0.4617899954319,0.4907151460647583,32.61575698852539
808,108272,40000,8.476027488708496,0.0002887120936065912,0.0074023776687681675,8.46833610534668,0.013035775162279606,7.164758682250977,0.0,0.47294971346855164,0.4878300428390503,33.386539459228516,0.013035775162279606,7.164758682250977,0.0,0.47294971346855164,0.4878300428390503,33.386539459228516
809,108406,40000,5.930373668670654,0.00013997814676258713,0.008076739497482777,5.922156810760498,0.007728937081992626,5.14926290512085,0.0,0.44184744358062744,0.4773157835006714,31.702831268310547,0.007728937081992626,5.14926290512085,0.0,0.44184744358062744,0.4773157835006714,31.702831268310547
810,108540,40000,5.75920295715332,0.0002171770902350545,0.00726082269102335,5.751724720001221,0.00835050456225872,4.9166741371154785,0.0,0.4496299624443054,0.47672921419143677,31.819929122924805,0.00835050456225872,4.9166741371154785,0.0,0.4496299624443054,0.47672921419143677,31.819929122924805
811,108674,40000,5.504167556762695,0.00013817529543302953,0.007206831593066454,5.496822357177734,0.003346820827573538,5.162140369415283,0.0,0.4296731948852539,0.44966208934783936,31.064289093017578,0.003346820827573538,5.162140369415283,0.0,0.4296731948852539,0.44966208934783936,31.064289093017578
812,108808,40000,8.105030059814453,0.0001095250336220488,0.006438267417252064,8.098482131958008,0.002974082948639989,7.8010735511779785,0.0,0.42021483182907104,0.4506502151489258,30.005016326904297,0.002974082948639989,7.8010735511779785,0.0,0.42021483182907104,0.4506502151489258,30.005016326904297
813,108942,40000,6.858279705047607,0.0002659336314536631,0.008017164655029774,6.849996566772461,0.003642361145466566,6.485760688781738,0.0,0.42541268467903137,0.45474082231521606,30.401315689086914,0.003642361145466566,6.485760688781738,0.0,0.42541268467903137,0.45474082231521606,30.401315689086914
814,109076,40000,6.501993179321289,0.00018303860269952565,0.00761027354747057,6.494199752807617,0.0030302470549941063,6.1911749839782715,0.0,0.42398250102996826,0.4495488405227661,30.620960235595703,0.0030302470549941063,6.1911749839782715,0.0,0.42398250102996826,0.4495488405227661,30.620960235595703
815,109210,40000,8.189306259155273,0.00013124619727022946,0.006994026713073254,8.182181358337402,0.006350860930979252,7.547094821929932,0.0,0.448637992143631,0.4631285071372986,32.766624450683594,0.006350860930979252,7.547094821929932,0.0,0.448637992143631,0.4631285071372986,32.766624450683594
816,109344,40000,5.891719818115234,0.00011189076758455485,0.00599787849932909,5.885610103607178,0.0034517734311521053,5.540432929992676,0.0,0.43312036991119385,0.44852644205093384,30.899799346923828,0.0034517734311521053,5.540432929992676,0.0,0.43312036991119385,0.44852644205093384,30.899799346923828
817,109478,40000,9.763542175292969,0.00016618537483736873,0.009021172299981117,9.754354476928711,0.0024991731625050306,9.504437446594238,0.0,0.4270210266113281,0.4420599341392517,30.470048904418945,0.0024991731625050306,9.504437446594238,0.0,0.4270210266113281,0.4420599341392517,30.470048904418945
818,109612,40000,11.169377326965332,0.00031697246595285833,0.008025768212974072,11.16103458404541,0.004477020353078842,10.713332176208496,0.0,0.4182712137699127,0.4643675684928894,29.560935974121094,0.004477020353078842,10.713332176208496,0.0,0.4182712137699127,0.4643675684928894,29.560935974121094
819,109746,40000,7.943819046020508,0.00013286613102536649,0.008171848021447659,7.935514450073242,0.006223730742931366,7.313141345977783,0.0,0.4456276595592499,0.4643571972846985,32.407005310058594,0.006223730742931366,7.313141345977783,0.0,0.4456276595592499,0.4643571972846985,32.407005310058594
820,109880,40000,6.7247419357299805,0.0001812269474612549,0.005774333607405424,6.718786239624023,0.006429979111999273,6.075788497924805,0.0,0.4377771317958832,0.4707309603691101,31.271587371826172,0.006429979111999273,6.075788497924805,0.0,0.4377771317958832,0.4707309603691101,31.271587371826172
821,110014,40000,5.550063610076904,0.00010982880485244095,0.00857919454574585,5.541374683380127,0.008098961785435677,4.731478691101074,0.0,0.4434284269809723,0.47882217168807983,31.958627700805664,0.008098961785435677,4.731478691101074,0.0,0.4434284269809723,0.47882217168807983,31.958627700805664
822,110148,40000,6.5608649253845215,9.979471360566095e-05,0.006292259320616722,6.554472923278809,0.008475065231323242,5.706966400146484,0.0,0.4555691182613373,0.4733971357345581,32.25798416137695,0.008475065231323242,5.706966400146484,0.0,0.4555691182613373,0.4733971357345581,32.25798416137695
823,110282,40000,7.714210510253906,0.00016274508379865438,0.008908194489777088,7.705139636993408,0.002062810817733407,7.498858451843262,0.0,0.42070484161376953,0.44042426347732544,30.1640567779541,0.002062810817733407,7.498858451843262,0.0,0.42070484161376953,0.44042426347732544,30.1640567779541
824,110416,40000,7.531187534332275,0.0002987843472510576,0.008089837618172169,7.522799015045166,0.010479331947863102,6.474865913391113,0.0,0.4598645567893982,0.4830395579338074,32.70316696166992,0.010479331947863102,6.474865913391113,0.0,0.4598645567893982,0.4830395579338074,32.70316696166992
825,110550,40000,7.051825046539307,0.00012119110760977492,0.010438239201903343,7.041265487670898,0.007314969319850206,6.3097686767578125,0.0,0.44287317991256714,0.4740058183670044,31.663515090942383,0.007314969319850206,6.3097686767578125,0.0,0.44287317991256714,0.4740058183670044,31.663515090942383
826,110684,40000,10.689217567443848,0.00011207990610273555,0.006046727765351534,10.683058738708496,0.012478463351726532,9.435212135314941,0.0,0.4655991792678833,0.49041688442230225,33.69929122924805,0.012478463351726532,9.435212135314941,0.0,0.4655991792678833,0.49041688442230225,33.69929122924805
827,110818,40000,5.508220195770264,0.00013345749175641686,0.009015705436468124,5.49907112121582,0.004243550822138786,5.074716091156006,0.0,0.44336751103401184,0.44860875606536865,31.755016326904297,0.004243550822138786,5.074716091156006,0.0,0.44336751103401184,0.44860875606536865,31.755016326904297
828,110952,40000,6.5186848640441895,0.00011777601321227849,0.007004192564636469,6.511562824249268,0.0033232609275728464,6.179236888885498,0.0,0.4391041696071625,0.4423571228981018,31.462078094482422,0.0033232609275728464,6.179236888885498,0.0,0.4391041696071625,0.4423571228981018,31.462078094482422
829,111086,40000,6.835784912109375,0.00012312662147451192,0.006892291828989983,6.828769683837891,0.004331966862082481,6.395573139190674,0.0,0.4310900568962097,0.4580118656158447,31.21344757080078,0.004331966862082481,6.395573139190674,0.0,0.4310900568962097,0.4580118656158447,31.21344757080078
830,111220,40000,4.810426712036133,9.985747601604089e-05,0.008565680123865604,4.801761150360107,0.0025359054561704397,4.548170566558838,0.0,0.43936750292778015,0.431402325630188,31.497478485107422,0.0025359054561704397,4.548170566558838,0.0,0.43936750292778015,0.431402325630188,31.497478485107422
831,111354,40000,8.80927562713623,0.00021405976440291852,0.0053659467957913876,8.803695678710938,0.0042070611380040646,8.382989883422852,0.0,0.4266800880432129,0.459120512008667,30.483598709106445,0.0042070611380040646,8.382989883422852,0.0,0.4266800880432129,0.459120512008667,30.483598709106445
832,111488,40000,5.893139362335205,0.000129528678371571,0.005497641395777464,5.88751220703125,0.009586907923221588,4.928821563720703,0.0,0.45359522104263306,0.481941819190979,32.04609298706055,0.009586907923221588,4.928821563720703,0.0,0.45359522104263306,0.481941819190979,32.04609298706055
833,111622,40000,6.44773006439209,0.0002514474908821285,0.008177638985216618,6.439301013946533,0.008293022401630878,5.60999870300293,0.0,0.4511371850967407,0.47535258531570435,32.11194610595703,0.008293022401630878,5.60999870300293,0.0,0.4511371850967407,0.47535258531570435,32.11194610595703
834,111756,40000,5.332611083984375,0.0001203546198667027,0.006721423473209143,5.325769424438477,0.002903327578678727,5.035436630249023,0.0,0.44481775164604187,0.4299114942550659,31.706083297729492,0.002903327578678727,5.035436630249023,0.0,0.44481775164604187,0.4299114942550659,31.706083297729492
835,111890,40000,5.822368621826172,0.00011786052345996723,0.007987587712705135,5.814263343811035,0.006444922648370266,5.169771194458008,0.0,0.4404183626174927,0.46936339139938354,32.06452560424805,0.006444922648370266,5.169771194458008,0.0,0.4404183626174927,0.46936339139938354,32.06452560424805
836,112024,40000,4.795608997344971,0.00012905029871035367,0.009564208798110485,4.785915851593018,0.003921818919479847,4.393733978271484,0.0,0.432664155960083,0.45343101024627686,31.23379135131836,0.003921818919479847,4.393733978271484,0.0,0.432664155960083,0.45343101024627686,31.23379135131836
837,112158,40000,5.968935966491699,0.0001422149216523394,0.007906395010650158,5.960887432098389,0.0054183234460651875,5.419054985046387,0.0,0.43977323174476624,0.4619387984275818,31.782209396362305,0.0054183234460651875,5.419054985046387,0.0,0.43977323174476624,0.4619387984275818,31.782209396362305
838,112292,40000,6.7914299964904785,0.00015009789785835892,0.008851997554302216,6.782427787780762,0.012680009007453918,5.5144267082214355,0.0,0.4567307233810425,0.49727094173431396,32.327064514160156,0.012680009007453918,5.5144267082214355,0.0,0.4567307233810425,0.49727094173431396,32.327064514160156
839,112426,40000,5.992827415466309,0.00016147969290614128,0.009171787649393082,5.983494281768799,0.0042537907138466835,5.558115005493164,0.0,0.4407939314842224,0.45088857412338257,32.03487014770508,0.0042537907138466835,5.558115005493164,0.0,0.4407939314842224,0.45088857412338257,32.03487014770508
840,112560,40000,6.177992343902588,0.0001580997195560485,0.008352270349860191,6.1694817543029785,0.007378540001809597,5.4316277503967285,0.0,0.43844178318977356,0.47681647539138794,31.586933135986328,0.007378540001809597,5.4316277503967285,0.0,0.43844178318977356,0.47681647539138794,31.586933135986328
841,112694,40000,9.095490455627441,8.900103421183303e-05,0.009581058286130428,9.085820198059082,0.009280180558562279,8.15780258178711,0.0,0.4557802379131317,0.47854137420654297,33.044559478759766,0.009280180558562279,8.15780258178711,0.0,0.4557802379131317,0.47854137420654297,33.044559478759766
842,112828,40000,7.594956398010254,0.00017472934268880635,0.005586253013461828,7.589195251464844,0.007675558794289827,6.821639537811279,0.0,0.43856436014175415,0.4786660671234131,30.894515991210938,0.007675558794289827,6.821639537811279,0.0,0.43856436014175415,0.4786660671234131,30.894515991210938
843,112962,40000,7.291956901550293,0.00030656499438919127,0.009018120355904102,7.282632350921631,0.006426085717976093,6.640023708343506,0.0,0.4350391626358032,0.47209954261779785,31.62224769592285,0.006426085717976093,6.640023708343506,0.0,0.4350391626358032,0.47209954261779785,31.62224769592285
844,113096,40000,7.274942874908447,0.00011426708806538954,0.009405765682458878,7.265422821044922,0.007191777694970369,6.546245098114014,0.0,0.43591275811195374,0.4768248200416565,30.927400588989258,0.007191777694970369,6.546245098114014,0.0,0.43591275811195374,0.4768248200416565,30.927400588989258
845,113230,40000,6.9789862632751465,0.0001671066856943071,0.008522219024598598,6.970296859741211,0.00653074961155653,6.317221641540527,0.0,0.43350496888160706,0.4735402464866638,31.023645401000977,0.00653074961155653,6.317221641540527,0.0,0.43350496888160706,0.4735402464866638,31.023645401000977
846,113364,40000,6.669716835021973,0.0002832296013366431,0.006907307077199221,6.6625261306762695,0.0070078372955322266,5.961742401123047,0.0,0.4414420425891876,0.47273510694503784,31.9778995513916,0.0070078372955322266,5.961742401123047,0.0,0.4414420425891876,0.47273510694503784,31.9778995513916
847,113498,40000,6.644542217254639,0.00029565015574917197,0.006550708319991827,6.637695789337158,0.006448176223784685,5.992877960205078,0.0,0.4448215663433075,0.4666273593902588,32.038978576660156,0.006448176223784685,5.992877960205078,0.0,0.4448215663433075,0.4666273593902588,32.038978576660156
848,113632,40000,7.723048686981201,0.00013711037172470242,0.0067300922237336636,7.71618127822876,0.005887571722269058,7.127424240112305,0.0,0.4451996684074402,0.46200454235076904,32.7197265625,0.005887571722269058,7.127424240112305,0.0,0.4451996684074402,0.46200454235076904,32.7197265625
849,113766,40000,6.18189001083374,0.00011873655603267252,0.006364157889038324,6.1754069328308105,0.006348048336803913,5.540602207183838,0.0,0.4406667947769165,0.46851468086242676,31.559642791748047,0.006348048336803913,5.540602207183838,0.0,0.4406667947769165,0.46851468086242676,31.559642791748047
850,113900,40000,7.38327169418335,0.00014358136104419827,0.007002739701420069,7.376125335693359,0.008752653375267982,6.500860214233398,0.0,0.44104325771331787,0.4840720295906067,31.694677352905273,0.008752653375267982,6.500860214233398,0.0,0.44104325771331787,0.4840720295906067,31.694677352905273
851,114034,40000,9.330575942993164,0.00022378505673259497,0.00753077631816268,9.322821617126465,0.001019422197714448,9.220879554748535,0.0,0.41507354378700256,0.42814624309539795,29.697124481201172,0.001019422197714448,9.220879554748535,0.0,0.41507354378700256,0.42814624309539795,29.697124481201172
852,114168,40000,6.460215091705322,0.00017212585953529924,0.006437757983803749,6.4536051750183105,0.010042104870080948,5.449394702911377,0.0,0.45584917068481445,0.4832044243812561,32.35056686401367,0.010042104870080948,5.449394702911377,0.0,0.45584917068481445,0.4832044243812561,32.35056686401367
853,114302,40000,6.919347286224365,0.0002459183451719582,0.009116125293076038,6.909985065460205,0.0063355667516589165,6.27642822265625,0.0,0.4447855055332184,0.4658014178276062,32.237815856933594,0.0063355667516589165,6.27642822265625,0.0,0.4447855055332184,0.4658014178276062,32.237815856933594
854,114436,40000,6.745730876922607,0.00015776419604662806,0.009442645125091076,6.736130237579346,0.006071743555366993,6.128955841064453,0.0,0.4455961287021637,0.463188111782074,32.23648452758789,0.006071743555366993,6.128955841064453,0.0,0.4455961287021637,0.463188111782074,32.23648452758789
855,114570,40000,6.845194339752197,0.00011164398165419698,0.0055290148593485355,6.8395538330078125,0.007108061574399471,6.128747463226318,0.0,0.45217499136924744,0.46622562408447266,32.58510971069336,0.007108061574399471,6.128747463226318,0.0,0.45217499136924744,0.46622562408447266,32.58510971069336
856,114704,40000,5.887121200561523,0.00014101638225838542,0.00756861874833703,5.879411697387695,0.006665749941021204,5.212836742401123,0.0,0.43802711367607117,0.4722474217414856,30.89057159423828,0.006665749941021204,5.212836742401123,0.0,0.43802711367607117,0.4722474217414856,30.89057159423828
857,114838,40000,9.529126167297363,0.00010614321217872202,0.007530539762228727,9.521489143371582,0.00022453699784819037,9.499035835266113,0.0,0.4058651328086853,0.4137890338897705,29.46530532836914,0.00022453699784819037,9.499035835266113,0.0,0.4058651328086853,0.4137890338897705,29.46530532836914
858,114972,40000,6.514837265014648,0.00011335292219882831,0.009008113294839859,6.505715847015381,0.006857780274003744,5.819937705993652,0.0,0.4428943693637848,0.4708368182182312,31.861082077026367,0.006857780274003744,5.819937705993652,0.0,0.4428943693637848,0.4708368182182312,31.861082077026367
859,115106,40000,6.881077289581299,0.0004687492910306901,0.009616709314286709,6.8709917068481445,0.005781600251793861,6.2928314208984375,0.0,0.4284259080886841,0.47052353620529175,30.59963607788086,0.005781600251793861,6.2928314208984375,0.0,0.4284259080886841,0.47052353620529175,30.59963607788086
860,115240,40000,8.547179222106934,0.0004621314292307943,0.007640948984771967,8.53907585144043,0.0015115725109353662,8.387918472290039,0.0,0.4211094081401825,0.4326491355895996,30.045608520507812,0.0015115725109353662,8.387918472290039,0.0,0.4211094081401825,0.4326491355895996,30.045608520507812
861,115374,40000,5.264668941497803,0.0001818215096136555,0.009514478035271168,5.254972457885742,0.004135497845709324,4.8414225578308105,0.0,0.4408763349056244,0.4496449828147888,31.377065658569336,0.004135497845709324,4.8414225578308105,0.0,0.4408763349056244,0.4496449828147888,31.377065658569336
862,115508,40000,6.988083362579346,0.00015019859711173922,0.007664573844522238,6.980268478393555,0.007504813373088837,6.2297868728637695,0.0,0.44661933183670044,0.47301679849624634,31.93545913696289,0.007504813373088837,6.2297868728637695,0.0,0.44661933183670044,0.47301679849624634,31.93545913696289
863,115642,40000,5.661667823791504,9.852307266555727e-05,0.009072337299585342,5.652496814727783,0.0035795944277197123,5.294537544250488,0.0,0.43485334515571594,0.44862961769104004,31.38431167602539,0.0035795944277197123,5.294537544250488,0.0,0.43485334515571594,0.44862961769104004,31.38431167602539
864,115776,40000,8.505922317504883,0.00010124684195034206,0.009183516725897789,8.496637344360352,0.0058368598110973835,7.912951469421387,0.0,0.43151408433914185,0.46959686279296875,30.65442657470703,0.0058368598110973835,7.912951469421387,0.0,0.43151408433914185,0.46959686279296875,30.65442657470703
865,115910,40000,6.418555736541748,0.00030195657745935023,0.009350818581879139,6.408903121948242,0.004421044606715441,5.966798782348633,0.0,0.4316313564777374,0.45848506689071655,31.430208206176758,0.004421044606715441,5.966798782348633,0.0,0.4316313564777374,0.45848506689071655,31.430208206176758
866,116044,40000,8.980810165405273,0.00014376193576026708,0.006206253543496132,8.97446060180664,0.003682394279167056,8.606221199035645,0.0,0.41875311732292175,0.4577123522758484,29.972665786743164,0.003682394279167056,8.606221199035645,0.0,0.41875311732292175,0.4577123522758484,29.972665786743164
867,116178,40000,6.0799102783203125,0.00010850615944946185,0.00828039925545454,6.071521282196045,0.00607771473005414,5.463749885559082,0.0,0.43618351221084595,0.46905410289764404,31.276697158813477,0.00607771473005414,5.463749885559082,0.0,0.43618351221084595,0.46905410289764404,31.276697158813477
868,116312,40000,8.616312026977539,0.0002695276343729347,0.007180976215749979,8.608861923217773,0.011341852135956287,7.474676609039307,0.0,0.4588821232318878,0.4887397885322571,33.109405517578125,0.011341852135956287,7.474676609039307,0.0,0.4588821232318878,0.4887397885322571,33.109405517578125
869,116446,40000,9.292742729187012,9.705341653898358e-05,0.006652361713349819,9.285993576049805,0.00443071685731411,8.84292221069336,0.0,0.43403559923171997,0.4572039842605591,30.04306411743164,0.00443071685731411,8.84292221069336,0.0,0.43403559923171997,0.4572039842605591,30.04306411743164
870,116580,40000,6.887840747833252,0.00019584543770179152,0.009215365163981915,6.878429412841797,0.009157786145806313,5.962650775909424,0.0,0.4521179497241974,0.4802590012550354,32.96125793457031,0.009157786145806313,5.962650775909424,0.0,0.4521179497241974,0.4802590012550354,32.96125793457031
871,116714,40000,4.948139190673828,0.00012613656872417778,0.009567857719957829,4.938445091247559,0.008350299671292305,4.103415012359619,0.0,0.4414162039756775,0.4814555048942566,31.743755340576172,0.008350299671292305,4.103415012359619,0.0,0.4414162039756775,0.4814555048942566,31.743755340576172
872,116848,40000,6.663490295410156,0.00015408836770802736,0.008428460918366909,6.654907703399658,0.006388942711055279,6.0160136222839355,0.0,0.44467735290527344,0.4662787914276123,31.990217208862305,0.006388942711055279,6.0160136222839355,0.0,0.44467735290527344,0.4662787914276123,31.990217208862305
873,116982,40000,6.073371887207031,0.00010618394298944622,0.00841266755014658,6.064853191375732,0.0030538004357367754,5.7594733238220215,0.0,0.42841964960098267,0.4473932981491089,31.092872619628906,0.0030538004357367754,5.7594733238220215,0.0,0.42841964960098267,0.4473932981491089,31.092872619628906
874,117116,40000,7.492038726806641,0.0003363453724887222,0.008878061547875404,7.482824325561523,0.003876304719597101,7.095193862915039,0.0,0.4292716979980469,0.4549497365951538,30.657934188842773,0.003876304719597101,7.095193862915039,0.0,0.4292716979980469,0.4549497365951538,30.657934188842773
875,117250,40000,7.539849281311035,0.0001619308313820511,0.01053512655198574,7.5291523933410645,0.005784319713711739,6.950720310211182,0.0,0.43667852878570557,0.4666258692741394,31.667917251586914,0.005784319713711739,6.950720310211182,0.0,0.43667852878570557,0.4666258692741394,31.667917251586914
876,117384,40000,5.341782569885254,0.0001300033472944051,0.007850483991205692,5.333802223205566,0.004328848794102669,4.9009175300598145,0.0,0.4302072823047638,0.45844972133636475,30.759292602539062,0.004328848794102669,4.9009175300598145,0.0,0.4302072823047638,0.45844972133636475,30.759292602539062
877,117518,40000,6.354244232177734,0.00013942562509328127,0.0071250260807573795,6.34697961807251,0.006610789801925421,5.685900688171387,0.0,0.44968196749687195,0.4643622040748596,32.36944580078125,0.006610789801925421,5.685900688171387,0.0,0.44968196749687195,0.4643622040748596,32.36944580078125
878,117652,40000,8.00106143951416,0.0006028643110767007,0.008603340946137905,7.991855621337891,0.0050800871104002,7.483846664428711,0.0,0.42788776755332947,0.4655923843383789,31.02617835998535,0.0050800871104002,7.483846664428711,0.0,0.42788776755332947,0.4655923843383789,31.02617835998535
879,117786,40000,7.82904577255249,0.00012899766443297267,0.007488599978387356,7.821428298950195,0.007276727817952633,7.093755722045898,0.0,0.44858384132385254,0.47011661529541016,31.731225967407227,0.007276727817952633,7.093755722045898,0.0,0.44858384132385254,0.47011661529541016,31.731225967407227
880,117920,40000,14.596080780029297,0.00012102127220714465,0.007824365980923176,14.588135719299316,0.014541899785399437,13.13394546508789,0.0,0.4771974980831146,0.49264150857925415,34.28676986694336,0.014541899785399437,13.13394546508789,0.0,0.4771974980831146,0.49264150857925415,34.28676986694336
881,118054,40000,6.640182018280029,0.0001984326372621581,0.00897429883480072,6.631009101867676,0.004239242058247328,6.207085132598877,0.0,0.43327176570892334,0.45596635341644287,30.97161293029785,0.004239242058247328,6.207085132598877,0.0,0.43327176570892334,0.45596635341644287,30.97161293029785
882,118188,40000,8.992473602294922,0.00014680183085147291,0.006918751168996096,8.985407829284668,0.008514528162777424,8.133955001831055,0.0,0.45058274269104004,0.4771745800971985,32.72938919067383,0.008514528162777424,8.133955001831055,0.0,0.45058274269104004,0.4771745800971985,32.72938919067383
883,118322,40000,5.438982009887695,0.00011567257024580613,0.007680791430175304,5.431185722351074,0.004130741115659475,5.018111705780029,0.0,0.4247787296772003,0.45930224657058716,30.830915451049805,0.004130741115659475,5.018111705780029,0.0,0.4247787296772003,0.45930224657058716,30.830915451049805
884,118456,40000,8.940064430236816,0.00014208145148586482,0.009333517402410507,8.930588722229004,0.011185442097485065,7.812044620513916,0.0,0.4616164565086365,0.485958456993103,33.1690788269043,0.011185442097485065,7.812044620513916,0.0,0.4616164565086365,0.485958456993103,33.1690788269043
885,118590,40000,5.333700656890869,0.0001122938992921263,0.005974307656288147,5.327613830566406,0.006809691898524761,4.646644592285156,0.0,0.4494127631187439,0.4660913944244385,32.39830780029297,0.006809691898524761,4.646644592285156,0.0,0.4494127631187439,0.4660913944244385,32.39830780029297
886,118724,40000,5.5084452629089355,0.00011712707782862708,0.009624059312045574,5.498703956604004,0.00826605036854744,4.6720991134643555,0.0,0.44143831729888916,0.48092538118362427,31.716777801513672,0.00826605036854744,4.6720991134643555,0.0,0.44143831729888916,0.48092538118362427,31.716777801513672
887,118858,40000,5.332308769226074,0.0001254069502465427,0.008445595391094685,5.323737621307373,0.005884455516934395,4.735291957855225,0.0,0.44722458720207214,0.46045076847076416,31.893470764160156,0.005884455516934395,4.735291957855225,0.0,0.44722458720207214,0.46045076847076416,31.893470764160156
888,118992,40000,9.4202880859375,0.00035218463744968176,0.006448531523346901,9.413487434387207,0.013489006087183952,8.064586639404297,0.0,0.4627237021923065,0.49774837493896484,33.183860778808594,0.013489006087183952,8.064586639404297,0.0,0.4627237021923065,0.49774837493896484,33.183860778808594
889,119126,40000,7.789828300476074,0.0001005640224320814,0.006993269547820091,7.782734394073486,0.009449436329305172,6.8377909660339355,0.0,0.45156025886535645,0.4824073910713196,32.69871139526367,0.009449436329305172,6.8377909660339355,0.0,0.45156025886535645,0.4824073910713196,32.69871139526367
890,119260,40000,6.109992027282715,0.0001339671725872904,0.0079253651201725,6.101932525634766,0.00719439284875989,5.382493495941162,0.0,0.4418209493160248,0.4737929701805115,31.68022918701172,0.00719439284875989,5.382493495941162,0.0,0.4418209493160248,0.4737929701805115,31.68022918701172
891,119394,40000,6.960696697235107,9.331385808764026e-05,0.007273380178958178,6.953330039978027,0.009989406913518906,5.954389572143555,0.0,0.44846081733703613,0.48741257190704346,31.839811325073242,0.009989406913518906,5.954389572143555,0.0,0.44846081733703613,0.48741257190704346,31.839811325073242
892,119528,40000,7.018935203552246,0.00017071288311854005,0.007938366383314133,7.010826110839844,0.007369243539869785,6.27390193939209,0.0,0.44825151562690735,0.4710002541542053,32.32115936279297,0.007369243539869785,6.27390193939209,0.0,0.44825151562690735,0.4710002541542053,32.32115936279297
893,119662,40000,5.936107635498047,0.00017693596601020545,0.006381480023264885,5.929549217224121,0.006106349639594555,5.318914413452148,0.0,0.4362729787826538,0.4692143201828003,31.334312438964844,0.006106349639594555,5.318914413452148,0.0,0.4362729787826538,0.4692143201828003,31.334312438964844
894,119796,40000,7.392275810241699,0.00016079863416962326,0.009227300994098186,7.382887840270996,0.003658770816400647,7.017010688781738,0.0,0.4375234842300415,0.4474421739578247,31.05860137939453,0.003658770816400647,7.017010688781738,0.0,0.4375234842300415,0.4474421739578247,31.05860137939453
895,119930,40000,10.858744621276855,0.00010600327368592843,0.009713130071759224,10.848925590515137,0.01323939673602581,9.524986267089844,0.0,0.4672984182834625,0.49332910776138306,33.73708724975586,0.01323939673602581,9.524986267089844,0.0,0.4672984182834625,0.49332910776138306,33.73708724975586
896,120064,40000,5.878386497497559,0.00018232446745969355,0.007260995451360941,5.870943069458008,0.004392004571855068,5.4317426681518555,0.0,0.4335656762123108,0.45714324712753296,30.800552368164062,0.004392004571855068,5.4317426681518555,0.0,0.4335656762123108,0.45714324712753296,30.800552368164062
897,120198,40000,6.622244358062744,0.0001314587570959702,0.006311116740107536,6.615801811218262,0.00555825512856245,6.059976100921631,0.0,0.43807369470596313,0.4640987515449524,32.03446960449219,0.00555825512856245,6.059976100921631,0.0,0.43807369470596313,0.4640987515449524,32.03446960449219
898,120332,40000,7.544239044189453,0.00012657312618102878,0.008121282793581486,7.535991191864014,0.009637133218348026,6.572278022766113,0.0,0.45640239119529724,0.4803486466407776,32.44599151611328,0.009637133218348026,6.572278022766113,0.0,0.45640239119529724,0.4803486466407776,32.44599151611328
899,120466,40000,7.55723762512207,0.00014236428251024336,0.007665906101465225,7.549429416656494,0.004237052518874407,7.1257243156433105,0.0,0.4345671236515045,0.4551558494567871,30.173267364501953,0.004237052518874407,7.1257243156433105,0.0,0.4345671236515045,0.4551558494567871,30.173267364501953
900,120600,40000,6.661464691162109,9.974358545150608e-05,0.0061257379129529,6.655239105224609,0.0023561175912618637,6.4196271896362305,0.0,0.43535590171813965,0.4332577586174011,31.199113845825195,0.0023561175912618637,6.4196271896362305,0.0,0.43535590171813965,0.4332577586174011,31.199113845825195
901,120734,40000,7.065762519836426,0.00020192956435494125,0.008051501587033272,7.057508945465088,0.003784019034355879,6.679107189178467,0.0,0.42956921458244324,0.4539414644241333,30.696819305419922,0.003784019034355879,6.679107189178467,0.0,0.42956921458244324,0.4539414644241333,30.696819305419922
902,120868,40000,7.621401786804199,0.000137660899781622,0.0075959134846925735,7.613668441772461,0.005661047995090485,7.047563552856445,0.0,0.43772876262664795,0.46509677171707153,31.935291290283203,0.005661047995090485,7.047563552856445,0.0,0.43772876262664795,0.46509677171707153,31.935291290283203
903,121002,40000,9.483238220214844,0.0002685511717572808,0.005805548280477524,9.477164268493652,0.00166829745285213,9.310334205627441,0.0,0.41539984941482544,0.43783044815063477,29.66974449157715,0.00166829745285213,9.310334205627441,0.0,0.41539984941482544,0.43783044815063477,29.66974449157715
904,121136,40000,6.9580278396606445,0.00010442829079693183,0.007531387265771627,6.950392246246338,0.004966351669281721,6.453757286071777,0.0,0.43404123187065125,0.4617053270339966,30.906949996948242,0.004966351669281721,6.453757286071777,0.0,0.43404123187065125,0.4617053270339966,30.906949996948242
905,121270,40000,9.045926094055176,0.00010243042197544128,0.008204114623367786,9.037619590759277,0.0024861511774361134,8.7890043258667,0.0,0.4204241931438446,0.44548630714416504,29.970476150512695,0.0024861511774361134,8.7890043258667,0.0,0.4204241931438446,0.44548630714416504,29.970476150512695
906,121404,40000,8.544961929321289,0.00010042636858997867,0.009587716311216354,8.535273551940918,0.012287208810448647,7.306552886962891,0.0,0.45720696449279785,0.49494510889053345,32.68309783935547,0.012287208810448647,7.306552886962891,0.0,0.45720696449279785,0.49494510889053345,32.68309783935547
907,121538,40000,5.100968837738037,0.0001303849567193538,0.00879752729088068,5.092041015625,0.003100251080468297,4.782015800476074,0.0,0.43903881311416626,0.4397016763687134,31.871973037719727,0.003100251080468297,4.782015800476074,0.0,0.43903881311416626,0.4397016763687134,31.871973037719727
908,121672,40000,7.015086650848389,0.00014556785754393786,0.009425577707588673,7.0055155754089355,0.010199613869190216,5.985554218292236,0.0,0.45273375511169434,0.48613226413726807,32.15984344482422,0.010199613869190216,5.985554218292236,0.0,0.45273375511169434,0.48613226413726807,32.15984344482422
909,121806,40000,8.037254333496094,0.0001917780755320564,0.009249713271856308,8.027812957763672,0.006233854219317436,7.4044270515441895,0.0,0.43977275490760803,0.46820545196533203,31.55677032470703,0.006233854219317436,7.4044270515441895,0.0,0.43977275490760803,0.46820545196533203,31.55677032470703
910,121940,40000,8.328864097595215,0.00023614196106791496,0.006381538696587086,8.322246551513672,0.010292204096913338,7.293025970458984,0.0,0.4496481120586395,0.4884718656539917,32.784820556640625,0.010292204096913338,7.293025970458984,0.0,0.4496481120586395,0.4884718656539917,32.784820556640625
911,122074,40000,5.2409467697143555,0.00010040142660727724,0.007099035196006298,5.233747482299805,0.0020347468089312315,5.030272960662842,0.0,0.4306243658065796,0.43311941623687744,30.480985641479492,0.0020347468089312315,5.030272960662842,0.0,0.4306243658065796,0.43311941623687744,30.480985641479492
912,122208,40000,8.119757652282715,0.00012046508345520124,0.007001644931733608,8.112635612487793,0.008582132868468761,7.254422664642334,0.0,0.4489668309688568,0.4786408543586731,32.210086822509766,0.008582132868468761,7.254422664642334,0.0,0.4489668309688568,0.4786408543586731,32.210086822509766
913,122342,40000,17.974790573120117,0.0001704964233795181,0.008011900819838047,17.96660804748535,0.019283853471279144,16.038223266601562,0.0,0.4798400104045868,0.5136196613311768,34.84366226196289,0.019283853471279144,16.038223266601562,0.0,0.4798400104045868,0.5136196613311768,34.84366226196289
914,122476,40000,6.268336772918701,0.0006422650767490268,0.007891949266195297,6.259802341461182,0.001552316825836897,6.1045708656311035,0.0,0.428575336933136,0.4271250367164612,30.489517211914062,0.001552316825836897,6.1045708656311035,0.0,0.428575336933136,0.4271250367164612,30.489517211914062
915,122610,40000,5.068536281585693,9.876761760096997e-05,0.006859899032860994,5.061577796936035,0.0067415544763207436,4.387422561645508,0.0,0.4480777680873871,0.46655887365341187,31.816661834716797,0.0067415544763207436,4.387422561645508,0.0,0.4480777680873871,0.46655887365341187,31.816661834716797
916,122744,40000,6.590640068054199,9.572503040544689e-05,0.008500343188643456,6.5820441246032715,0.0027956103440374136,6.302483081817627,0.0,0.43472859263420105,0.4398689866065979,31.161483764648438,0.0027956103440374136,6.302483081817627,0.0,0.43472859263420105,0.4398689866065979,31.161483764648438
917,122878,40000,9.472944259643555,0.0001704119349597022,0.006914544850587845,9.465859413146973,0.00387560878880322,9.078298568725586,0.0,0.4279317557811737,0.45563656091690063,30.866254806518555,0.00387560878880322,9.078298568725586,0.0,0.4279317557811737,0.45563656091690063,30.866254806518555
918,123012,40000,6.958819389343262,0.00016966536350082606,0.00996842235326767,6.948681354522705,0.004943618550896645,6.454319477081299,0.0,0.44424453377723694,0.45464468002319336,31.374710083007812,0.004943618550896645,6.454319477081299,0.0,0.44424453377723694,0.45464468002319336,31.374710083007812
919,123146,40000,6.3354620933532715,0.00012541170872282237,0.008200540207326412,6.327136039733887,0.005664198659360409,5.760716438293457,0.0,0.442041277885437,0.46242380142211914,31.8193359375,0.005664198659360409,5.760716438293457,0.0,0.442041277885437,0.46242380142211914,31.8193359375
920,123280,40000,6.125235557556152,0.0001318460563197732,0.007373272906988859,6.117730617523193,0.004974632989615202,5.620267391204834,0.0,0.437558650970459,0.4596990942955017,31.838468551635742,0.004974632989615202,5.620267391204834,0.0,0.437558650970459,0.4596990942955017,31.838468551635742
921,123414,40000,7.086587905883789,0.00014048205048311502,0.008269231766462326,7.078178405761719,0.005510070361196995,6.5271711349487305,0.0,0.43452006578445435,0.46571481227874756,30.717721939086914,0.005510070361196995,6.5271711349487305,0.0,0.43452006578445435,0.46571481227874756,30.717721939086914
922,123548,40000,6.964798450469971,0.00011357347830198705,0.007606044411659241,6.95707893371582,0.0013879579491913319,6.8182830810546875,0.0,0.4233427047729492,0.4290357828140259,30.81698989868164,0.0013879579491913319,6.8182830810546875,0.0,0.4233427047729492,0.4290357828140259,30.81698989868164
923,123682,40000,7.811783313751221,0.00014861531963106245,0.011415882036089897,7.80021858215332,0.0021267617121338844,7.587542533874512,0.0,0.42150843143463135,0.4407939910888672,30.418476104736328,0.0021267617121338844,7.587542533874512,0.0,0.42150843143463135,0.4407939910888672,30.418476104736328
924,123816,40000,6.902598857879639,0.00013931968715041876,0.007892788387835026,6.894566535949707,0.007641287986189127,6.130437850952148,0.0,0.44420939683914185,0.47541099786758423,31.76260757446289,0.007641287986189127,6.130437850952148,0.0,0.44420939683914185,0.47541099786758423,31.76260757446289
925,123950,40000,6.661308288574219,0.00013524945825338364,0.0066072819754481316,6.654565811157227,0.0033551910892128944,6.319046497344971,0.0,0.42259469628334045,0.4533354640007019,31.163436889648438,0.0033551910892128944,6.319046497344971,0.0,0.42259469628334045,0.4533354640007019,31.163436889648438
926,124084,40000,5.1071600914001465,0.00023555016377940774,0.008002948947250843,5.098921775817871,0.005063742399215698,4.592547416687012,0.0,0.43771520256996155,0.46034324169158936,31.524625778198242,0.005063742399215698,4.592547416687012,0.0,0.43771520256996155,0.46034324169158936,31.524625778198242
927,124218,40000,6.650242805480957,0.00012487337517086416,0.009164383634924889,6.640953540802002,0.005712016485631466,6.069751739501953,0.0,0.4399893581867218,0.4641316533088684,31.40215492248535,0.005712016485631466,6.069751739501953,0.0,0.4399893581867218,0.4641316533088684,31.40215492248535
928,124352,40000,6.4812211990356445,0.00016819492157083005,0.006422259844839573,6.474630832672119,0.004984822124242783,5.97614860534668,0.0,0.4494015872478485,0.4504411220550537,32.22704315185547,0.004984822124242783,5.97614860534668,0.0,0.4494015872478485,0.4504411220550537,32.22704315185547
929,124486,40000,8.198833465576172,0.00021942736930213869,0.007744623813778162,8.190869331359863,0.0032973941415548325,7.8611297607421875,0.0,0.4451083540916443,0.4355335235595703,32.263309478759766,0.0032973941415548325,7.8611297607421875,0.0,0.4451083540916443,0.4355335235595703,32.263309478759766
930,124620,40000,6.510128974914551,0.00011533181532286108,0.008347786031663418,6.501666069030762,0.006000238470733166,5.901642322540283,0.0,0.4368238151073456,0.46814870834350586,31.80872344970703,0.006000238470733166,5.901642322540283,0.0,0.4368238151073456,0.46814870834350586,31.80872344970703
931,124754,40000,7.641337871551514,0.00014815967006143183,0.00803089514374733,7.6331586837768555,0.0028974413871765137,7.343414306640625,0.0,0.4249454438686371,0.447698712348938,30.183361053466797,0.0028974413871765137,7.343414306640625,0.0,0.4249454438686371,0.447698712348938,30.183361053466797
932,124888,40000,6.395782470703125,0.00011998139234492555,0.007478880230337381,6.38818359375,0.005718148313462734,5.816368579864502,0.0,0.4487001895904541,0.4578484296798706,32.030601501464844,0.005718148313462734,5.816368579864502,0.0,0.4487001895904541,0.4578484296798706,32.030601501464844
933,125022,40000,7.68810510635376,0.00011549066402949393,0.006471281871199608,7.6815185546875,0.008861223235726357,6.795396327972412,0.0,0.4497761130332947,0.4798972010612488,32.416847229003906,0.008861223235726357,6.795396327972412,0.0,0.4497761130332947,0.4798972010612488,32.416847229003906
934,125156,40000,5.416860580444336,0.00010048221884062514,0.00825844518840313,5.408501625061035,0.0026893573813140392,5.139565944671631,0.0,0.42233946919441223,0.44680070877075195,30.79180908203125,0.0026893573813140392,5.139565944671631,0.0,0.42233946919441223,0.44680070877075195,30.79180908203125
935,125290,40000,5.6898345947265625,9.019186836667359e-05,0.006568529177457094,5.683176040649414,0.007255867589265108,4.957589149475098,0.0,0.4506339430809021,0.46849870681762695,31.926807403564453,0.007255867589265108,4.957589149475098,0.0,0.4506339430809021,0.46849870681762695,31.926807403564453
936,125424,40000,7.5756707191467285,0.00012811465421691537,0.007600430399179459,7.567942142486572,0.005443373695015907,7.023604869842529,0.0,0.4413487911224365,0.461103618144989,31.028064727783203,0.005443373695015907,7.023604869842529,0.0,0.4413487911224365,0.461103618144989,31.028064727783203
937,125558,40000,10.456381797790527,0.00026703509502112865,0.008426724933087826,10.447688102722168,0.005626155994832516,9.885072708129883,0.0,0.431023508310318,0.4682912826538086,29.747587203979492,0.005626155994832516,9.885072708129883,0.0,0.431023508310318,0.4682912826538086,29.747587203979492
938,125692,40000,6.448968887329102,0.000686485378537327,0.007631334476172924,6.440650939941406,0.008813383057713509,5.55931282043457,0.0,0.4437858760356903,0.48304325342178345,31.5436954498291,0.008813383057713509,5.55931282043457,0.0,0.4437858760356903,0.48304325342178345,31.5436954498291
939,125826,40000,6.836908340454102,0.0001480522332713008,0.006484367419034243,6.830276012420654,0.0070852842181921005,6.1217474937438965,0.0,0.45139116048812866,0.4666650891304016,32.20425796508789,0.0070852842181921005,6.1217474937438965,0.0,0.45139116048812866,0.4666650891304016,32.20425796508789
940,125960,40000,5.330531597137451,0.00014313816791400313,0.00796595774590969,5.322422504425049,0.003988277167081833,4.923594951629639,0.0,0.43380191922187805,0.4533451795578003,31.612924575805664,0.003988277167081833,4.923594951629639,0.0,0.43380191922187805,0.4533451795578003,31.612924575805664
941,126094,40000,11.704362869262695,0.00010992679744958878,0.006641211453825235,11.697611808776855,0.0068460674956440926,11.013005256652832,0.0,0.4607310891151428,0.45619434118270874,33.336238861083984,0.0068460674956440926,11.013005256652832,0.0,0.4607310891151428,0.45619434118270874,33.336238861083984
942,126228,40000,6.129228115081787,0.00016655981016810983,0.007516768760979176,6.12154483795166,0.004973952658474445,5.624149799346924,0.0,0.43572351336479187,0.4608094096183777,31.47051429748535,0.004973952658474445,5.624149799346924,0.0,0.43572351336479187,0.4608094096183777,31.47051429748535
943,126362,40000,6.561126708984375,0.00010819380986504257,0.007559522520750761,6.553459167480469,0.003769372124224901,6.1765217781066895,0.0,0.42501121759414673,0.4560697078704834,30.703411102294922,0.003769372124224901,6.1765217781066895,0.0,0.42501121759414673,0.4560697078704834,30.703411102294922
944,126496,40000,5.168859958648682,0.00019090223941020668,0.011897401884198189,5.156771659851074,0.005728964693844318,4.5838751792907715,0.0,0.4520781934261322,0.45492565631866455,32.513092041015625,0.005728964693844318,4.5838751792907715,0.0,0.4520781934261322,0.45492565631866455,32.513092041015625
945,126630,40000,7.670871734619141,0.00012796808732673526,0.010235670022666454,7.660508155822754,0.010456799529492855,6.614828109741211,0.0,0.45010918378829956,0.4891396164894104,31.842750549316406,0.010456799529492855,6.614828109741211,0.0,0.45010918378829956,0.4891396164894104,31.842750549316406
946,126764,40000,4.816175937652588,0.00010794852278195322,0.006912476383149624,4.809155464172363,0.005393435712903738,4.269812107086182,0.0,0.44081491231918335,0.46105390787124634,31.729299545288086,0.005393435712903738,4.269812107086182,0.0,0.44081491231918335,0.46105390787124634,31.729299545288086
947,126898,40000,5.262945175170898,0.00012951997632626444,0.010292477905750275,5.252522945404053,0.007299814373254776,4.522541522979736,0.0,0.4481734335422516,0.47056299448013306,32.14909362792969,0.007299814373254776,4.522541522979736,0.0,0.4481734335422516,0.47056299448013306,32.14909362792969
948,127032,40000,10.559640884399414,0.00023289385717362165,0.007628250867128372,10.551779747009277,0.0007817312143743038,10.473607063293457,0.0,0.41085636615753174,0.4257656931877136,29.363603591918945,0.0007817312143743038,10.473607063293457,0.0,0.41085636615753174,0.4257656931877136,29.363603591918945
949,127166,40000,6.691915512084961,0.00011037450894946232,0.0074453204870224,6.684360027313232,0.009860836900770664,5.698276519775391,0.0,0.45872676372528076,0.48007500171661377,32.458900451660156,0.009860836900770664,5.698276519775391,0.0,0.45872676372528076,0.48007500171661377,32.458900451660156
950,127300,40000,4.955168724060059,0.0002480909170117229,0.007729576900601387,4.94719123840332,0.0025399401783943176,4.693197250366211,0.0,0.4315491318702698,0.4393013119697571,31.108816146850586,0.0025399401783943176,4.693197250366211,0.0,0.4315491318702698,0.4393013119697571,31.108816146850586
951,127434,40000,5.760157108306885,0.00023398040502797812,0.007637892384082079,5.752285003662109,0.005600331351161003,5.192251682281494,0.0,0.44848939776420593,0.4570009708404541,32.027584075927734,0.005600331351161003,5.192251682281494,0.0,0.44848939776420593,0.4570009708404541,32.027584075927734
952,127568,40000,6.219812393188477,0.00016245046572294086,0.008130001835525036,6.211519718170166,0.005143138580024242,5.697206020355225,0.0,0.441383957862854,0.45857053995132446,31.650922775268555,0.005143138580024242,5.697206020355225,0.0,0.441383957862854,0.45857053995132446,31.650922775268555
953,127702,40000,7.686059474945068,0.00019438631716184318,0.008723577484488487,7.6771416664123535,0.008318263106048107,6.845315456390381,0.0,0.45319026708602905,0.474088191986084,32.67131042480469,0.008318263106048107,6.845315456390381,0.0,0.45319026708602905,0.474088191986084,32.67131042480469
954,127836,40000,11.755805015563965,0.0001446783571736887,0.007008994929492474,11.748651504516602,0.0023804809898138046,11.510602951049805,0.0,0.41391420364379883,0.4467640519142151,29.313217163085938,0.0023804809898138046,11.510602951049805,0.0,0.41391420364379883,0.4467640519142151,29.313217163085938
955,127970,40000,8.811185836791992,0.00020166733884252608,0.006033497862517834,8.804950714111328,0.009874998591840267,7.817451000213623,0.0,0.45791780948638916,0.48074978590011597,33.15116882324219,0.009874998591840267,7.817451000213623,0.0,0.45791780948638916,0.48074978590011597,33.15116882324219
956,128104,40000,6.1763410568237305,0.00012150005204603076,0.00664245942607522,6.169577121734619,0.001276917289942503,6.0418853759765625,0.0,0.4345551133155823,0.4091028571128845,31.489242553710938,0.001276917289942503,6.0418853759765625,0.0,0.4345551133155823,0.4091028571128845,31.489242553710938
957,128238,40000,6.71231746673584,0.00013433501590043306,0.00717149255797267,6.70501184463501,0.0061522116884589195,6.0897908210754395,0.0,0.44018927216529846,0.4673575162887573,31.549976348876953,0.0061522116884589195,6.0897908210754395,0.0,0.44018927216529846,0.4673575162887573,31.549976348876953
958,128372,40000,8.686312675476074,0.00012056739797117189,0.006894923280924559,8.67929744720459,0.011878595687448978,7.491437911987305,0.0,0.45038920640945435,0.49664121866226196,32.66676330566406,0.011878595687448978,7.491437911987305,0.0,0.45038920640945435,0.49664121866226196,32.66676330566406
959,128506,40000,6.068579196929932,0.000436327449278906,0.006479025352746248,6.061663627624512,0.0031387251801788807,5.747791290283203,0.0,0.4366132915019989,0.442405104637146,31.94244956970215,0.0031387251801788807,5.747791290283203,0.0,0.4366132915019989,0.442405104637146,31.94244956970215
960,128640,40000,8.256454467773438,0.00012909594806842506,0.008621567860245705,8.247703552246094,0.01219729334115982,7.0279741287231445,0.0,0.46921563148498535,0.4860609769821167,33.306148529052734,0.01219729334115982,7.0279741287231445,0.0,0.46921563148498535,0.4860609769821167,33.306148529052734
961,128774,40000,6.64349365234375,0.00017292001575697213,0.008387255482375622,6.6349334716796875,0.003924241289496422,6.242509365081787,0.0,0.4326302111148834,0.45347440242767334,30.674978256225586,0.003924241289496422,6.242509365081787,0.0,0.4326302111148834,0.45347440242767334,30.674978256225586
962,128908,40000,5.950507640838623,0.00013275332457851619,0.009240718558430672,5.941133975982666,0.010215110145509243,4.919622898101807,0.0,0.44984808564186096,0.4879220128059387,31.72296905517578,0.010215110145509243,4.919622898101807,0.0,0.44984808564186096,0.4879220128059387,31.72296905517578
963,129042,40000,7.566208362579346,0.00014858783106319606,0.0066116307862102985,7.5594482421875,0.010307729244232178,6.528675556182861,0.0,0.4581981599330902,0.48319077491760254,32.993011474609375,0.010307729244232178,6.528675556182861,0.0,0.4581981599330902,0.48319077491760254,32.993011474609375
964,129176,40000,7.903326511383057,0.0001378348533762619,0.008161641657352448,7.895027160644531,0.01317121833562851,6.577905178070068,0.0,0.46044182777404785,0.4975602626800537,32.81355285644531,0.01317121833562851,6.577905178070068,0.0,0.46044182777404785,0.4975602626800537,32.81355285644531
965,129310,40000,7.681057453155518,0.00014448293950408697,0.009720741771161556,7.671192169189453,0.008618766441941261,6.8093156814575195,0.0,0.44838231801986694,0.4792333245277405,32.09465026855469,0.008618766441941261,6.8093156814575195,0.0,0.44838231801986694,0.4792333245277405,32.09465026855469
966,129444,40000,6.261161804199219,0.00014573124644812196,0.006154635921120644,6.254861354827881,0.00059174292255193,6.195687294006348,0.0,0.42103102803230286,0.41222453117370605,30.564191818237305,0.00059174292255193,6.195687294006348,0.0,0.42103102803230286,0.41222453117370605,30.564191818237305
967,129578,40000,14.736936569213867,7.968003046698868e-05,0.007107800804078579,14.729748725891113,0.0005284171784296632,14.67690658569336,0.0,0.40038764476776123,0.4229840636253357,28.723682403564453,0.0005284171784296632,14.67690658569336,0.0,0.40038764476776123,0.4229840636253357,28.723682403564453
968,129712,40000,6.468414783477783,0.00013202126137912273,0.007626290898770094,6.460656642913818,0.004254635889083147,6.035192966461182,0.0,0.43108266592025757,0.45734548568725586,30.725961685180664,0.004254635889083147,6.035192966461182,0.0,0.43108266592025757,0.45734548568725586,30.725961685180664
969,129846,40000,5.9576640129089355,0.00016295051318593323,0.007548824418336153,5.949952125549316,0.0064582484774291515,5.304127216339111,0.0,0.44015008211135864,0.46961480379104614,31.424179077148438,0.0064582484774291515,5.304127216339111,0.0,0.44015008211135864,0.46961480379104614,31.424179077148438
970,129980,40000,5.91008186340332,0.00015740744129288942,0.007036248221993446,5.902888298034668,0.00512536708265543,5.39035177230835,0.0,0.435395747423172,0.46222949028015137,30.93060302734375,0.00512536708265543,5.39035177230835,0.0,0.435395747423172,0.46222949028015137,30.93060302734375
971,130114,40000,8.445762634277344,0.00013969055726192892,0.006245833821594715,8.439376831054688,0.0031214344780892134,8.127233505249023,0.0,0.42272549867630005,0.45103907585144043,30.49646759033203,0.0031214344780892134,8.127233505249023,0.0,0.42272549867630005,0.45103907585144043,30.49646759033203
972,130248,40000,8.831979751586914,0.00014335903688333929,0.007770278956741095,8.824066162109375,0.001972599420696497,8.626806259155273,0.0,0.41638287901878357,0.4412819743156433,30.208154678344727,0.001972599420696497,8.626806259155273,0.0,0.41638287901878357,0.4412819743156433,30.208154678344727
973,130382,40000,6.77685022354126,0.00014199776342138648,0.007780049927532673,6.768928050994873,0.007432767190039158,6.025651454925537,0.0,0.4463346302509308,0.4727039933204651,32.21263885498047,0.007432767190039158,6.025651454925537,0.0,0.4463346302509308,0.4727039933204651,32.21263885498047
974,130516,40000,7.45430850982666,0.0001854346483014524,0.010032120160758495,7.444090843200684,0.009573012590408325,6.486789703369141,0.0,0.4496751129627228,0.48429352045059204,32.39391326904297,0.009573012590408325,6.486789703369141,0.0,0.4496751129627228,0.48429352045059204,32.39391326904297
975,130650,40000,9.89660930633545,0.00010087613918585703,0.008611427620053291,9.887896537780762,0.013838458806276321,8.504050254821777,0.0,0.46369239687919617,0.49890267848968506,32.82213592529297,0.013838458806276321,8.504050254821777,0.0,0.46369239687919617,0.49890267848968506,32.82213592529297
976,130784,40000,7.002200126647949,0.00015827528841327876,0.008856615051627159,6.993185043334961,0.006241559516638517,6.3690290451049805,0.0,0.4391345679759979,0.46862977743148804,31.516645431518555,0.006241559516638517,6.3690290451049805,0.0,0.4391345679759979,0.46862977743148804,31.516645431518555
977,130918,40000,6.344211101531982,0.00017922342522069812,0.006927041336894035,6.337104797363281,0.006547857075929642,5.682319164276123,0.0,0.44501879811286926,0.4672396183013916,32.0046501159668,0.006547857075929642,5.682319164276123,0.0,0.44501879811286926,0.4672396183013916,32.0046501159668
978,131052,40000,5.8676533699035645,0.00026673797401599586,0.008375562727451324,5.859011173248291,0.0031034834682941437,5.5486626625061035,0.0,0.43279287219047546,0.44503456354141235,30.9107723236084,0.0031034834682941437,5.5486626625061035,0.0,0.43279287219047546,0.44503456354141235,30.9107723236084
979,131186,40000,10.115679740905762,0.000502036651596427,0.007622725795954466,10.107555389404297,0.009721554815769196,9.13539981842041,0.0,0.4518546462059021,0.48386090993881226,32.726810455322266,0.009721554815769196,9.13539981842041,0.0,0.4518546462059021,0.48386090993881226,32.726810455322266
980,131320,40000,7.63968563079834,0.00015705211262684315,0.006243187002837658,7.6332855224609375,0.006971370428800583,6.936148643493652,0.0,0.4413495361804962,0.4725368022918701,31.50064468383789,0.006971370428800583,6.936148643493652,0.0,0.4413495361804962,0.4725368022918701,31.50064468383789
981,131454,40000,6.464128017425537,0.0001917145709739998,0.006977588403970003,6.456958770751953,0.0016657710075378418,6.290381908416748,0.0,0.4326530694961548,0.4244856834411621,30.957847595214844,0.0016657710075378418,6.290381908416748,0.0,0.4326530694961548,0.4244856834411621,30.957847595214844
982,131588,40000,5.226161956787109,0.00018422459834255278,0.009654758498072624,5.216322898864746,0.008620710112154484,4.354251861572266,0.0,0.45280325412750244,0.47637099027633667,32.211395263671875,0.008620710112154484,4.354251861572266,0.0,0.45280325412750244,0.47637099027633667,32.211395263671875
983,131722,40000,6.755919933319092,0.00011507119779707864,0.008585458621382713,6.747219562530518,0.008005666546523571,5.946652889251709,0.0,0.4438774585723877,0.4779771566390991,31.83053970336914,0.008005666546523571,5.946652889251709,0.0,0.4438774585723877,0.4779771566390991,31.83053970336914
984,131856,40000,5.228209972381592,0.00011699818423949182,0.012393103912472725,5.215699672698975,0.006138209253549576,4.601878643035889,0.0,0.4457953870296478,0.4635688066482544,32.179988861083984,0.006138209253549576,4.601878643035889,0.0,0.4457953870296478,0.4635688066482544,32.179988861083984
985,131990,40000,5.669794082641602,0.00015599996550008655,0.006958461366593838,5.662679672241211,0.005160842090845108,5.146595478057861,0.0,0.4422264099121094,0.45811861753463745,32.38871765136719,0.005160842090845108,5.146595478057861,0.0,0.4422264099121094,0.45811861753463745,32.38871765136719
986,132124,40000,5.843198299407959,0.00012696272460743785,0.007610735483467579,5.835460662841797,0.005089073441922665,5.3265533447265625,0.0,0.4417142868041992,0.4578704833984375,31.8376522064209,0.005089073441922665,5.3265533447265625,0.0,0.4417142868041992,0.4578704833984375,31.8376522064209
987,132258,40000,6.025730133056641,0.00014033232582733035,0.006599903106689453,6.0189900398254395,0.009003479965031147,5.1186418533325195,0.0,0.4450536072254181,0.4835084080696106,31.955551147460938,0.009003479965031147,5.1186418533325195,0.0,0.4450536072254181,0.4835084080696106,31.955551147460938
988,132392,40000,6.502429962158203,9.071333624888211e-05,0.006939196027815342,6.4953999519348145,0.008869466371834278,5.608453273773193,0.0,0.4530796706676483,0.47779470682144165,32.22242736816406,0.008869466371834278,5.608453273773193,0.0,0.4530796706676483,0.47779470682144165,32.22242736816406
989,132526,40000,7.291338920593262,0.00017531936464365572,0.008702336810529232,7.282461166381836,0.004431684967130423,6.839292526245117,0.0,0.43105268478393555,0.4588847756385803,31.271360397338867,0.004431684967130423,6.839292526245117,0.0,0.43105268478393555,0.4588847756385803,31.271360397338867
990,132660,40000,6.073575019836426,0.0004350430390331894,0.0090737110003829,6.064066410064697,0.005483513232320547,5.5157151222229,0.0,0.42888739705085754,0.46818381547927856,30.833839416503906,0.005483513232320547,5.5157151222229,0.0,0.42888739705085754,0.46818381547927856,30.833839416503906
991,132794,40000,6.375136852264404,0.00010455342999193817,0.007043498568236828,6.367988586425781,0.0028606473933905363,6.081923961639404,0.0,0.4277850091457367,0.4457016587257385,30.844411849975586,0.0028606473933905363,6.081923961639404,0.0,0.4277850091457367,0.4457016587257385,30.844411849975586
992,132928,40000,8.26340389251709,0.00010030955309048295,0.007423418574035168,8.255880355834961,0.0026900277007371187,7.98687744140625,0.0,0.42783552408218384,0.4437631368637085,29.97582244873047,0.0026900277007371187,7.98687744140625,0.0,0.42783552408218384,0.4437631368637085,29.97582244873047
993,133062,40000,10.288819313049316,9.976386354537681e-05,0.0055218590423464775,10.283197402954102,0.00033445702865719795,10.249752044677734,0.0,0.41658201813697815,0.40771323442459106,29.573291778564453,0.00033445702865719795,10.249752044677734,0.0,0.41658201813697815,0.40771323442459106,29.573291778564453
994,133196,40000,6.075969219207764,9.194632002618164e-05,0.007367453072220087,6.068510055541992,0.002646740060299635,5.803835868835449,0.0,0.42146652936935425,0.44675391912460327,30.662952423095703,0.002646740060299635,5.803835868835449,0.0,0.42146652936935425,0.44675391912460327,30.662952423095703
995,133330,40000,7.8026041984558105,0.0001152149197878316,0.007091782055795193,7.7953972816467285,0.010122328996658325,6.7831645011901855,0.0,0.4538140296936035,0.4850081205368042,32.65126037597656,0.010122328996658325,6.7831645011901855,0.0,0.4538140296936035,0.4850081205368042,32.65126037597656
996,133464,40000,23.29294204711914,9.413318912265822e-05,0.006379932630807161,23.286468505859375,0.0003552697889972478,23.25094223022461,0.0,0.38243773579597473,0.3931562900543213,27.467544555664062,0.0003552697889972478,23.25094223022461,0.0,0.38243773579597473,0.3931562900543213,27.467544555664062
997,133598,40000,5.7594380378723145,0.0002689728862605989,0.006337887141853571,5.752830982208252,0.0035379580222070217,5.3990349769592285,0.0,0.4374988079071045,0.4461714029312134,31.183443069458008,0.0035379580222070217,5.3990349769592285,0.0,0.4374988079071045,0.4461714029312134,31.183443069458008
998,133732,40000,8.400156021118164,0.00021037399710621685,0.007499266881495714,8.392446517944336,0.012798306532204151,7.112616062164307,0.0,0.4563543498516083,0.4980943202972412,32.94791030883789,0.012798306532204151,7.112616062164307,0.0,0.4563543498516083,0.4980943202972412,32.94791030883789
999,133866,40000,10.187085151672363,0.00015359060489572585,0.007835411466658115,10.179096221923828,0.009695511311292648,9.209545135498047,0.0,0.4474047124385834,0.48630356788635254,32.44435501098633,0.009695511311292648,9.209545135498047,0.0,0.4474047124385834,0.48630356788635254,32.44435501098633
1000,134000,40000,6.254002571105957,7.850091060390696e-05,0.006946152076125145,6.246977806091309,0.0064214374870061874,5.604834079742432,0.0,0.44051995873451233,0.46913444995880127,31.305566787719727,0.0064214374870061874,5.604834079742432,0.0,0.44051995873451233,0.46913444995880127,31.305566787719727
1001,134134,40000,7.140332221984863,0.00018726014241110533,0.0077316369861364365,7.132413387298584,0.006962251383811235,6.436188220977783,0.0,0.44372859597206116,0.4710637927055359,31.9749813079834,0.006962251383811235,6.436188220977783,0.0,0.44372859597206116,0.4710637927055359,31.9749813079834
1002,134268,40000,5.7885050773620605,0.00011450974125182256,0.010262914933264256,5.778127670288086,0.006875614635646343,5.090566158294678,0.0,0.44557932019233704,0.4692686200141907,32.17472457885742,0.006875614635646343,5.090566158294678,0.0,0.44557932019233704,0.4692686200141907,32.17472457885742
1003,134402,40000,7.931582927703857,0.0001559752126922831,0.007641174830496311,7.92378568649292,0.008939643390476704,7.029821395874023,0.0,0.4538690447807312,0.4777030944824219,32.84598922729492,0.008939643390476704,7.029821395874023,0.0,0.4538690447807312,0.4777030944824219,32.84598922729492
1004,134536,40000,8.48288631439209,0.0003691523161251098,0.007201118394732475,8.475316047668457,0.007848769426345825,7.690439224243164,0.0,0.4452534317970276,0.4761636257171631,32.61674880981445,0.007848769426345825,7.690439224243164,0.0,0.4452534317970276,0.4761636257171631,32.61674880981445
1005,134670,40000,8.928661346435547,9.251796291209757e-05,0.007615951821208,8.920952796936035,0.0012649649288505316,8.794456481933594,0.0,0.4144182503223419,0.4325127601623535,30.067367553710938,0.0012649649288505316,8.794456481933594,0.0,0.4144182503223419,0.4325127601623535,30.067367553710938
1006,134804,40000,6.212930679321289,0.00010227318853139877,0.006281729321926832,6.206546783447266,0.0006762190023437142,6.138925075531006,0.0,0.4159780442714691,0.42051637172698975,30.65227699279785,0.0006762190023437142,6.138925075531006,0.0,0.4159780442714691,0.42051637172698975,30.65227699279785
1007,134938,40000,6.058764457702637,0.00010825597564689815,0.007032168563455343,6.051623821258545,0.006852049380540848,5.366418838500977,0.0,0.4455198645591736,0.4691374897956848,31.622285842895508,0.006852049380540848,5.366418838500977,0.0,0.4455198645591736,0.4691374897956848,31.622285842895508
1008,135072,40000,10.73291301727295,7.316772098420188e-05,0.009579909034073353,10.723259925842285,0.010647936724126339,9.658466339111328,0.0,0.4611276686191559,0.48313450813293457,33.46883010864258,0.010647936724126339,9.658466339111328,0.0,0.4611276686191559,0.48313450813293457,33.46883010864258
1009,135206,40000,7.41711950302124,0.00011604875180637464,0.00972884800285101,7.4072747230529785,0.00856267474591732,6.551007270812988,0.0,0.4498884379863739,0.47793471813201904,31.59710121154785,0.00856267474591732,6.551007270812988,0.0,0.4498884379863739,0.47793471813201904,31.59710121154785
1010,135340,40000,7.653375148773193,0.00019016943406313658,0.006463627330958843,7.646721363067627,0.0052443076856434345,7.12229061126709,0.0,0.43371835350990295,0.4640888571739197,30.617761611938477,0.0052443076856434345,7.12229061126709,0.0,0.43371835350990295,0.4640888571739197,30.617761611938477
1011,135474,40000,5.2907938957214355,0.0002357347693759948,0.008153233677148819,5.282404899597168,0.0017146235331892967,5.110942363739014,0.0,0.43076786398887634,0.4277121424674988,31.506383895874023,0.0017146235331892967,5.110942363739014,0.0,0.43076786398887634,0.4277121424674988,31.506383895874023
1012,135608,40000,7.47663688659668,0.00017810433928389102,0.007213486824184656,7.469245433807373,0.006887709256261587,6.780474662780762,0.0,0.4407968819141388,0.4722725749015808,32.073143005371094,0.006887709256261587,6.780474662780762,0.0,0.4407968819141388,0.4722725749015808,32.073143005371094
1013,135742,40000,5.929596424102783,8.060467371251434e-05,0.00766969146206975,5.92184591293335,0.0016505214152857661,5.756793975830078,0.0,0.4305436909198761,0.4267881512641907,31.297523498535156,0.0016505214152857661,5.756793975830078,0.0,0.4305436909198761,0.4267881512641907,31.297523498535156
1014,135876,40000,8.839934349060059,0.00028258925885893404,0.006411731243133545,8.833239555358887,0.0013784450711682439,8.695395469665527,0.0,0.41938847303390503,0.43166279792785645,30.32809066772461,0.0013784450711682439,8.695395469665527,0.0,0.41938847303390503,0.43166279792785645,30.32809066772461
1015,136010,40000,7.464446067810059,0.00030595308635383844,0.008324951864778996,7.455815315246582,0.008902199566364288,6.5655951499938965,0.0,0.45781779289245605,0.4745607376098633,32.96186828613281,0.008902199566364288,6.5655951499938965,0.0,0.45781779289245605,0.4745607376098633,32.96186828613281
1016,136144,40000,8.959737777709961,9.73267960944213e-05,0.0090197017416358,8.950620651245117,0.004269114229828119,8.523709297180176,0.0,0.4230637550354004,0.4611324667930603,30.2996768951416,0.004269114229828119,8.523709297180176,0.0,0.4230637550354004,0.4611324667930603,30.2996768951416
1017,136278,40000,9.81277847290039,0.00011405898840166628,0.008004479110240936,9.804659843444824,0.010569499805569649,8.747710227966309,0.0,0.4632883071899414,0.4810190796852112,33.698951721191406,0.010569499805569649,8.747710227966309,0.0,0.4632883071899414,0.4810190796852112,33.698951721191406
1018,136412,40000,6.868434906005859,0.0002511225175112486,0.007975396700203419,6.860208511352539,0.005637171678245068,6.2964911460876465,0.0,0.4351504147052765,0.4663447141647339,31.44896697998047,0.005637171678245068,6.2964911460876465,0.0,0.4351504147052765,0.4663447141647339,31.44896697998047
1019,136546,40000,6.857468605041504,0.00012710785085801035,0.008241483941674232,6.849100112915039,0.0051503051072359085,6.334069728851318,0.0,0.42927661538124084,0.4655224084854126,30.882305145263672,0.0051503051072359085,6.334069728851318,0.0,0.42927661538124084,0.4655224084854126,30.882305145263672
1020,136680,40000,8.120384216308594,0.00014470078167505562,0.008335738442838192,8.11190414428711,0.013271324336528778,6.784771919250488,0.0,0.46018800139427185,0.49822795391082764,33.314998626708984,0.013271324336528778,6.784771919250488,0.0,0.46018800139427185,0.49822795391082764,33.314998626708984
1021,136814,40000,6.239753246307373,9.889843204291537e-05,0.007855822332203388,6.2317986488342285,0.006462004967033863,5.585597991943359,0.0,0.448530375957489,0.4640843868255615,32.6533088684082,0.006462004967033863,5.585597991943359,0.0,0.448530375957489,0.4640843868255615,32.6533088684082
1022,136948,40000,6.016013145446777,0.00013541901716962457,0.010501062497496605,6.005376815795898,0.005172922741621733,5.48808479309082,0.0,0.43960896134376526,0.4600337743759155,31.418136596679688,0.005172922741621733,5.48808479309082,0.0,0.43960896134376526,0.4600337743759155,31.418136596679688
1023,137082,40000,5.972760200500488,0.00013431963452603668,0.006850588135421276,5.965775489807129,0.0035441946238279343,5.611355781555176,0.0,0.42742159962654114,0.45284175872802734,30.694381713867188,0.0035441946238279343,5.611355781555176,0.0,0.42742159962654114,0.45284175872802734,30.694381713867188
1024,137216,40000,5.579619884490967,0.00010591867612674832,0.009866621345281601,5.569647312164307,0.004695642739534378,5.100082874298096,0.0,0.43468523025512695,0.45909804105758667,31.401596069335938,0.004695642739534378,5.100082874298096,0.0,0.43468523025512695,0.45909804105758667,31.401596069335938
1025,137350,40000,5.795790672302246,0.0001145708592957817,0.006869198754429817,5.788806915283203,0.005753666162490845,5.213440418243408,0.0,0.44351282715797424,0.4621313214302063,31.689950942993164,0.005753666162490845,5.213440418243408,0.0,0.44351282715797424,0.4621313214302063,31.689950942993164
1026,137484,40000,8.590066909790039,0.00022683930001221597,0.00847508292645216,8.581364631652832,0.004053751938045025,8.175989151000977,0.0,0.4274120032787323,0.4574659466743469,30.958332061767578,0.004053751938045025,8.175989151000977,0.0,0.4274120032787323,0.4574659466743469,30.958332061767578
1027,137618,40000,6.740115642547607,0.0002231830294476822,0.006859085988253355,6.733033180236816,0.0037628980353474617,6.356743335723877,0.0,0.42521536350250244,0.45592033863067627,31.244916915893555,0.0037628980353474617,6.356743335723877,0.0,0.42521536350250244,0.45592033863067627,31.244916915893555
1028,137752,40000,7.434604167938232,0.00011801571235992014,0.007809602655470371,7.4266767501831055,0.01097265537828207,6.329411506652832,0.0,0.4546423852443695,0.48936927318573,32.55324935913086,0.01097265537828207,6.329411506652832,0.0,0.4546423852443695,0.48936927318573,32.55324935913086
1029,137886,40000,6.836216449737549,0.00023203634191304445,0.00883400533348322,6.827150344848633,0.0029774452559649944,6.5294060707092285,0.0,0.42433032393455505,0.448841392993927,30.517419815063477,0.0029774452559649944,6.5294060707092285,0.0,0.42433032393455505,0.448841392993927,30.517419815063477
1030,138020,40000,8.399621963500977,0.0002546804316807538,0.014156282879412174,8.385210990905762,0.010528258979320526,7.332385063171387,0.0,0.4502168893814087,0.4894791841506958,31.954877853393555,0.010528258979320526,7.332385063171387,0.0,0.4502168893814087,0.4894791841506958,31.954877853393555
1031,138154,40000,6.035467147827148,9.753615449881181e-05,0.007362104021012783,6.028007507324219,0.005163230001926422,5.511684417724609,0.0,0.4383128583431244,0.46078944206237793,31.696718215942383,0.005163230001926422,5.511684417724609,0.0,0.4383128583431244,0.46078944206237793,31.696718215942383
1032,138288,40000,6.3522491455078125,0.00013638108794111758,0.006517551373690367,6.345595359802246,0.0017145306337624788,6.174142360687256,0.0,0.42422428727149963,0.43358147144317627,30.767118453979492,0.0017145306337624788,6.174142360687256,0.0,0.42422428727149963,0.43358147144317627,30.767118453979492
1033,138422,40000,6.427065372467041,0.00013174540072213858,0.00675568450242281,6.420177936553955,0.007274508476257324,5.692727088928223,0.0,0.4441331923007965,0.4729847311973572,32.48116683959961,0.007274508476257324,5.692727088928223,0.0,0.4441331923007965,0.4729847311973572,32.48116683959961
1034,138556,40000,5.620624542236328,0.00013523944653570652,0.00965193286538124,5.610837459564209,0.00447552464902401,5.163284778594971,0.0,0.441148042678833,0.4527481198310852,31.9918212890625,0.00447552464902401,5.163284778594971,0.0,0.441148042678833,0.4527481198310852,31.9918212890625
1035,138690,40000,5.9859490394592285,0.000123287332826294,0.00903655681759119,5.9767889976501465,0.005320199765264988,5.444768905639648,0.0,0.4433058798313141,0.45869243144989014,32.209007263183594,0.005320199765264988,5.444768905639648,0.0,0.4433058798313141,0.45869243144989014,32.209007263183594
1036,138824,40000,6.047876834869385,0.0001007762475637719,0.00791848637163639,6.039857387542725,0.00999253336340189,5.040604114532471,0.0,0.4450806975364685,0.4892203211784363,32.24284744262695,0.00999253336340189,5.040604114532471,0.0,0.4450806975364685,0.4892203211784363,32.24284744262695
1037,138958,40000,9.863607406616211,0.0002457551017869264,0.009276371449232101,9.854084968566895,0.0021868699695914984,9.635397911071777,0.0,0.41613641381263733,0.4438917636871338,29.60799789428711,0.0021868699695914984,9.635397911071777,0.0,0.41613641381263733,0.4438917636871338,29.60799789428711
1038,139092,40000,5.912683963775635,0.00033717777114361525,0.0049176765605807304,5.907429218292236,0.00283813220448792,5.6236162185668945,0.0,0.44387391209602356,0.4302194118499756,32.12638854980469,0.00283813220448792,5.6236162185668945,0.0,0.44387391209602356,0.4302194118499756,32.12638854980469
1039,139226,40000,6.131906509399414,0.0004528193676378578,0.007197350729256868,6.124256134033203,0.003510825801640749,5.7731733322143555,0.0,0.4353073537349701,0.44758379459381104,31.55364227294922,0.003510825801640749,5.7731733322143555,0.0,0.4353073537349701,0.44758379459381104,31.55364227294922
1040,139360,40000,5.675321102142334,0.0001894268934847787,0.009102021344006062,5.666029453277588,0.001447819173336029,5.521247386932373,0.0,0.42678824067115784,0.42702239751815796,30.867076873779297,0.001447819173336029,5.521247386932373,0.0,0.42678824067115784,0.42702239751815796,30.867076873779297
1041,139494,40000,5.574559211730957,0.00011113923392258584,0.006670781876891851,5.567777156829834,0.004109377972781658,5.156839370727539,0.0,0.4357913136482239,0.4531823396682739,30.965412139892578,0.004109377972781658,5.156839370727539,0.0,0.4357913136482239,0.4531823396682739,30.965412139892578
1042,139628,40000,8.56403923034668,0.00014142853615339845,0.007950367406010628,8.555947303771973,0.014295155182480812,7.126431465148926,0.0,0.46760672330856323,0.49861282110214233,33.218475341796875,0.014295155182480812,7.126431465148926,0.0,0.46760672330856323,0.49861282110214233,33.218475341796875
1043,139762,40000,9.062684059143066,0.00017752837447915226,0.01003336813300848,9.052473068237305,0.002609687391668558,8.79150390625,0.0,0.4311307370662689,0.44050389528274536,30.413625717163086,0.002609687391668558,8.79150390625,0.0,0.4311307370662689,0.44050389528274536,30.413625717163086
1044,139896,40000,9.064353942871094,0.00017528935859445482,0.0057947272434830666,9.05838394165039,0.00766506465151906,8.291877746582031,0.0,0.4395334720611572,0.47811639308929443,31.90044403076172,0.00766506465151906,8.291877746582031,0.0,0.4395334720611572,0.47811639308929443,31.90044403076172
1045,140030,40000,12.726853370666504,9.619537740945816e-05,0.008770724758505821,12.717986106872559,0.00023937170044519007,12.694048881530762,0.0,0.40111470222473145,0.4154314398765564,28.946138381958008,0.00023937170044519007,12.694048881530762,0.0,0.40111470222473145,0.4154314398765564,28.946138381958008
1046,140164,40000,6.548677444458008,9.760716056916863e-05,0.008985168300569057,6.539594650268555,0.006595570128411055,5.880037784576416,0.0,0.4434298872947693,0.46862518787384033,32.166595458984375,0.006595570128411055,5.880037784576416,0.0,0.4434298872947693,0.46862518787384033,32.166595458984375
1047,140298,40000,13.434541702270508,0.00013708617188967764,0.007208973169326782,13.42719554901123,0.0007762012537568808,13.34957504272461,0.0,0.4148722290992737,0.4235588312149048,29.218412399291992,0.0007762012537568808,13.34957504272461,0.0,0.4148722290992737,0.4235588312149048,29.218412399291992
1048,140432,40000,5.616579055786133,0.00023369390692096204,0.009307000786066055,5.607038497924805,0.005169383250176907,5.090100288391113,0.0,0.4384790062904358,0.4607350826263428,31.15929412841797,0.005169383250176907,5.090100288391113,0.0,0.4384790062904358,0.4607350826263428,31.15929412841797
1049,140566,40000,6.0450334548950195,0.00026646838523447514,0.010096818208694458,6.034670352935791,0.003835082519799471,5.651162147521973,0.0,0.4436776638031006,0.44390153884887695,31.717512130737305,0.003835082519799471,5.651162147521973,0.0,0.4436776638031006,0.44390153884887695,31.717512130737305
1050,140700,40000,8.50479793548584,0.0003348053724039346,0.006488093640655279,8.49797534942627,0.00967796053737402,7.530179023742676,0.0,0.45480233430862427,0.4816986322402954,32.78392028808594,0.00967796053737402,7.530179023742676,0.0,0.45480233430862427,0.4816986322402954,32.78392028808594
1051,140834,40000,7.368499279022217,9.750269236974418e-05,0.007180527318269014,7.3612213134765625,0.00029092151089571416,7.332129001617432,0.0,0.4113495945930481,0.41273218393325806,30.195941925048828,0.00029092151089571416,7.332129001617432,0.0,0.4113495945930481,0.41273218393325806,30.195941925048828
1052,140968,40000,6.2528557777404785,0.00014859638758935034,0.005704842042177916,6.247002124786377,0.005916411057114601,5.655361175537109,0.0,0.4400738775730133,0.4656543731689453,31.936635971069336,0.005916411057114601,5.655361175537109,0.0,0.4400738775730133,0.4656543731689453,31.936635971069336
1053,141102,40000,9.030167579650879,0.00023779174080118537,0.008173179812729359,9.021756172180176,0.0075898552313447,8.262770652770996,0.0,0.4339348375797272,0.4802389144897461,31.453083038330078,0.0075898552313447,8.262770652770996,0.0,0.4339348375797272,0.4802389144897461,31.453083038330078
1054,141236,40000,5.779375076293945,0.00021167616068851203,0.006641961168497801,5.772521495819092,0.004756721667945385,5.296849250793457,0.0,0.4365030825138092,0.45851707458496094,31.339948654174805,0.004756721667945385,5.296849250793457,0.0,0.4365030825138092,0.45851707458496094,31.339948654174805
1055,141370,40000,8.725007057189941,0.00013228078023530543,0.008151732385158539,8.716723442077637,0.0008383521344512701,8.632887840270996,0.0,0.4119003713130951,0.4263957142829895,29.97478675842285,0.0008383521344512701,8.632887840270996,0.0,0.4119003713130951,0.4263957142829895,29.97478675842285
1056,141504,40000,6.305988788604736,0.00019668712047860026,0.007022906094789505,6.298768997192383,0.006847728975117207,5.6139960289001465,0.0,0.44613540172576904,0.46869683265686035,32.40574264526367,0.006847728975117207,5.6139960289001465,0.0,0.44613540172576904,0.46869683265686035,32.40574264526367
1057,141638,40000,6.864790916442871,0.00014984414156060666,0.01237807422876358,6.8522629737854,0.0057258615270257,6.279676914215088,0.0,0.4381474554538727,0.46535009145736694,31.52120590209961,0.0057258615270257,6.279676914215088,0.0,0.4381474554538727,0.46535009145736694,31.52120590209961
1058,141772,40000,6.633458614349365,0.00012982904445379972,0.008033443242311478,6.625295162200928,0.009640442207455635,5.661251068115234,0.0,0.4495636224746704,0.48475784063339233,31.908401489257812,0.009640442207455635,5.661251068115234,0.0,0.4495636224746704,0.48475784063339233,31.908401489257812
1059,141906,40000,6.925463676452637,0.00017756375018507242,0.00970158725976944,6.915584564208984,0.005173545330762863,6.398230075836182,0.0,0.43090009689331055,0.464951753616333,30.913801193237305,0.005173545330762863,6.398230075836182,0.0,0.43090009689331055,0.464951753616333,30.913801193237305
1060,142040,40000,6.066661834716797,0.00013358144497033209,0.007852599956095219,6.058675765991211,0.007596651092171669,5.299010753631592,0.0,0.4416184723377228,0.4765803813934326,32.106201171875,0.007596651092171669,5.299010753631592,0.0,0.4416184723377228,0.4765803813934326,32.106201171875
1061,142174,40000,5.223262786865234,0.00015581524348817766,0.007617009337991476,5.215489864349365,0.00426093116402626,4.7893967628479,0.0,0.43391144275665283,0.4557758569717407,30.89727020263672,0.00426093116402626,4.7893967628479,0.0,0.43391144275665283,0.4557758569717407,30.89727020263672
1062,142308,40000,8.467720985412598,0.0002940668200608343,0.011700676754117012,8.455726623535156,0.0035883106756955385,8.096895217895508,0.0,0.4191708564758301,0.4567520022392273,30.505800247192383,0.0035883106756955385,8.096895217895508,0.0,0.4191708564758301,0.4567520022392273,30.505800247192383
1063,142442,40000,6.688622951507568,0.0003940033493563533,0.00866298470646143,6.679565906524658,0.004817454144358635,6.197820663452148,0.0,0.4401431381702423,0.4566214084625244,31.586225509643555,0.004817454144358635,6.197820663452148,0.0,0.4401431381702423,0.4566214084625244,31.586225509643555
1064,142576,40000,6.098491191864014,0.00010603564442135394,0.005926857702434063,6.092458248138428,0.0034702226985245943,5.745436191558838,0.0,0.43347087502479553,0.44847601652145386,31.089927673339844,0.0034702226985245943,5.745436191558838,0.0,0.43347087502479553,0.44847601652145386,31.089927673339844
1065,142710,40000,11.108316421508789,0.0001495699252700433,0.006958554964512587,11.101208686828613,0.001299042603932321,10.971304893493652,0.0,0.4000892639160156,0.4360421299934387,29.678621292114258,0.001299042603932321,10.971304893493652,0.0,0.4000892639160156,0.4360421299934387,29.678621292114258
1066,142844,40000,10.320831298828125,0.00012420459825079888,0.005274244584143162,10.31543254852295,0.00010384568304289132,10.305047988891602,0.0,0.40823376178741455,0.3939957618713379,29.726640701293945,0.00010384568304289132,10.305047988891602,0.0,0.40823376178741455,0.3939957618713379,29.726640701293945
1067,142978,40000,7.194098949432373,0.0001852762361522764,0.006111727561801672,7.187801837921143,0.003204850945621729,6.867316722869873,0.0,0.43028292059898376,0.4478309154510498,31.307628631591797,0.003204850945621729,6.867316722869873,0.0,0.43028292059898376,0.4478309154510498,31.307628631591797
1068,143112,40000,10.087059020996094,0.00011519258987391368,0.009246285073459148,10.07769775390625,0.011520938947796822,8.925603866577148,0.0,0.4602375030517578,0.4888390898704529,33.17350769042969,0.011520938947796822,8.925603866577148,0.0,0.4602375030517578,0.4888390898704529,33.17350769042969
1069,143246,40000,7.07056999206543,0.00011462986731203273,0.007841963320970535,7.062613487243652,0.0067353867925703526,6.389074802398682,0.0,0.4455265402793884,0.46828413009643555,32.205360412597656,0.0067353867925703526,6.389074802398682,0.0,0.4455265402793884,0.46828413009643555,32.205360412597656
1070,143380,40000,8.295051574707031,0.00035213588853366673,0.007772700861096382,8.28692626953125,0.006187903229147196,7.668136119842529,0.0,0.4350486397743225,0.47042369842529297,30.646770477294922,0.006187903229147196,7.668136119842529,0.0,0.4350486397743225,0.47042369842529297,30.646770477294922
1071,143514,40000,7.663211822509766,0.0003106060321442783,0.009194668382406235,7.6537065505981445,0.004675719421356916,7.1861348152160645,0.0,0.42863452434539795,0.4620949625968933,30.835031509399414,0.004675719421356916,7.1861348152160645,0.0,0.42863452434539795,0.4620949625968933,30.835031509399414
1072,143648,40000,7.635427474975586,0.00011544710287125781,0.0065984963439404964,7.628713607788086,0.0015653681475669146,7.472176551818848,0.0,0.42867913842201233,0.4272557497024536,30.389616012573242,0.0015653681475669146,7.472176551818848,0.0,0.42867913842201233,0.4272557497024536,30.389616012573242
1073,143782,40000,7.336484432220459,0.0002777929184958339,0.010944327339529991,7.325262546539307,0.0035436952020972967,6.970892906188965,0.0,0.4297434091567993,0.4515657424926758,30.863937377929688,0.0035436952020972967,6.970892906188965,0.0,0.4297434091567993,0.4515657424926758,30.863937377929688
1074,143916,40000,4.994035243988037,0.00020076485816389322,0.008454144932329655,4.985380172729492,0.00430511636659503,4.554868698120117,0.0,0.43638402223587036,0.4546014666557312,32.0201416015625,0.00430511636659503,4.554868698120117,0.0,0.43638402223587036,0.4546014666557312,32.0201416015625
1075,144050,40000,8.018500328063965,0.00014020837261341512,0.009120720438659191,8.009239196777344,0.008389835245907307,7.170255661010742,0.0,0.4432366192340851,0.4807491898536682,31.865293502807617,0.008389835245907307,7.170255661010742,0.0,0.4432366192340851,0.4807491898536682,31.865293502807617
1076,144184,40000,5.643947124481201,0.00012611858255695552,0.006586875766515732,5.637234210968018,0.004305238835513592,5.206710338592529,0.0,0.4348839819431305,0.4555729031562805,31.464235305786133,0.004305238835513592,5.206710338592529,0.0,0.4348839819431305,0.4555729031562805,31.464235305786133
1077,144318,40000,6.870064735412598,8.99671358638443e-05,0.008054080419242382,6.8619208335876465,0.005518543068319559,6.3100666999816895,0.0,0.4373721778392792,0.46420174837112427,31.884130477905273,0.005518543068319559,6.3100666999816895,0.0,0.4373721778392792,0.46420174837112427,31.884130477905273
1078,144452,40000,5.556535720825195,0.00012000644346699119,0.009944096207618713,5.54647159576416,0.005519598722457886,4.994511604309082,0.0,0.44014763832092285,0.46251213550567627,32.334739685058594,0.005519598722457886,4.994511604309082,0.0,0.44014763832092285,0.46251213550567627,32.334739685058594
1079,144586,40000,5.776341438293457,8.11513964436017e-05,0.007617967203259468,5.768642425537109,0.006147612817585468,5.153881072998047,0.0,0.4495459496974945,0.46076852083206177,32.26545715332031,0.006147612817585468,5.153881072998047,0.0,0.4495459496974945,0.46076852083206177,32.26545715332031
1080,144720,40000,9.012961387634277,0.00018663430819287896,0.0061948057264089584,9.006580352783203,0.003189701586961746,8.687610626220703,0.0,0.4215850532054901,0.45218992233276367,30.249666213989258,0.003189701586961746,8.687610626220703,0.0,0.4215850532054901,0.45218992233276367,30.249666213989258
1081,144854,40000,5.926843643188477,0.00010587548604235053,0.0062742335721850395,5.920463562011719,0.0028942949138581753,5.631033897399902,0.0,0.43536949157714844,0.44053757190704346,31.26394271850586,0.0028942949138581753,5.631033897399902,0.0,0.43536949157714844,0.44053757190704346,31.26394271850586
1082,144988,40000,7.378589153289795,0.00025521573843434453,0.00758068822324276,7.370753288269043,0.009054630063474178,6.465290069580078,0.0,0.4608289897441864,0.47317421436309814,33.183143615722656,0.009054630063474178,6.465290069580078,0.0,0.4608289897441864,0.47317421436309814,33.183143615722656
1083,145122,40000,6.650752544403076,9.185539238387719e-05,0.00797577016055584,6.6426849365234375,0.0049575334414839745,6.1469316482543945,0.0,0.4325309991836548,0.46244412660598755,31.422435760498047,0.0049575334414839745,6.1469316482543945,0.0,0.4325309991836548,0.46244412660598755,31.422435760498047
1084,145256,40000,5.59699010848999,0.0001572382025187835,0.00811914075165987,5.588713645935059,0.0038893469609320164,5.199779033660889,0.0,0.43907269835472107,0.44860732555389404,31.756576538085938,0.0038893469609320164,5.199779033660889,0.0,0.43907269835472107,0.44860732555389404,31.756576538085938
1085,145390,40000,3.947187900543213,0.00010889236000366509,0.009777930565178394,3.9373011589050293,0.004598167724907398,3.4774844646453857,0.0,0.4444864094257355,0.4511774182319641,31.951562881469727,0.004598167724907398,3.4774844646453857,0.0,0.4444864094257355,0.4511774182319641,31.951562881469727
1086,145524,40000,6.841816425323486,0.00010306081094313413,0.008012267760932446,6.833701133728027,0.004514315165579319,6.382269382476807,0.0,0.4365180432796478,0.4563981294631958,31.061723709106445,0.004514315165579319,6.382269382476807,0.0,0.4365180432796478,0.4563981294631958,31.061723709106445
1087,145658,40000,8.332600593566895,0.0001091982121579349,0.008043539710342884,8.324447631835938,0.0028604846447706223,8.038398742675781,0.0,0.42468884587287903,0.4474441409111023,30.438539505004883,0.0028604846447706223,8.038398742675781,0.0,0.42468884587287903,0.4474441409111023,30.438539505004883
1088,145792,40000,8.99053955078125,8.572534716222435e-05,0.00809085089713335,8.982362747192383,0.011129412800073624,7.86942195892334,0.0,0.4601935148239136,0.48663806915283203,33.52324295043945,0.011129412800073624,7.86942195892334,0.0,0.4601935148239136,0.48663806915283203,33.52324295043945
1089,145926,40000,7.256016254425049,0.00016704283189028502,0.007265487685799599,7.248583793640137,0.006885540205985308,6.560029983520508,0.0,0.43871304392814636,0.47339510917663574,31.503883361816406,0.006885540205985308,6.560029983520508,0.0,0.43871304392814636,0.47339510917663574,31.503883361816406
1090,146060,40000,6.615787982940674,0.00012042593152727932,0.007909773848950863,6.607757568359375,0.0055101895704865456,6.056738376617432,0.0,0.4471902549266815,0.4572998285293579,32.40492248535156,0.0055101895704865456,6.056738376617432,0.0,0.4471902549266815,0.4572998285293579,32.40492248535156
1091,146194,40000,7.797740459442139,0.00023027283896226436,0.009213634766638279,7.788296699523926,0.004685200285166502,7.31977653503418,0.0,0.42504578828811646,0.4637017250061035,30.25017738342285,0.004685200285166502,7.31977653503418,0.0,0.42504578828811646,0.4637017250061035,30.25017738342285
1092,146328,40000,5.930300712585449,0.00010450323316035792,0.006122930441051722,5.924073219299316,0.0029718498699367046,5.626888275146484,0.0,0.43187159299850464,0.44422727823257446,31.306608200073242,0.0029718498699367046,5.626888275146484,0.0,0.43187159299850464,0.44422727823257446,31.306608200073242
1093,146462,40000,9.776395797729492,0.0003861227596644312,0.009641235694289207,9.766368865966797,0.00024765776470303535,9.741602897644043,0.0,0.41139519214630127,0.41085392236709595,29.730998992919922,0.00024765776470303535,9.741602897644043,0.0,0.41139519214630127,0.41085392236709595,29.730998992919922
1094,146596,40000,7.987392902374268,0.00012431657523848116,0.005964088253676891,7.98130464553833,0.005269462242722511,7.4543585777282715,0.0,0.43563172221183777,0.46324431896209717,30.741159439086914,0.005269462242722511,7.4543585777282715,0.0,0.43563172221183777,0.46324431896209717,30.741159439086914
1095,146730,40000,5.4238200187683105,0.00020111131016165018,0.008264410309493542,5.4153547286987305,0.003292666282504797,5.086088180541992,0.0,0.44186776876449585,0.4392397403717041,31.589744567871094,0.003292666282504797,5.086088180541992,0.0,0.44186776876449585,0.4392397403717041,31.589744567871094
1096,146864,40000,6.2518415451049805,0.00010271323844790459,0.00914699211716652,6.242591857910156,0.0014595342800021172,6.096638202667236,0.0,0.41939714550971985,0.43291330337524414,30.584182739257812,0.0014595342800021172,6.096638202667236,0.0,0.41939714550971985,0.43291330337524414,30.584182739257812
1097,146998,40000,6.148936748504639,9.442472219234332e-05,0.007574689574539661,6.141267776489258,0.003909036982804537,5.750364303588867,0.0,0.4268285632133484,0.45647358894348145,30.85821533203125,0.003909036982804537,5.750364303588867,0.0,0.4268285632133484,0.45647358894348145,30.85821533203125
1098,147132,40000,7.389712810516357,9.07562134671025e-05,0.007799182552844286,7.3818230628967285,0.00798280630260706,6.583542346954346,0.0,0.455576092004776,0.4699578881263733,33.160980224609375,0.00798280630260706,6.583542346954346,0.0,0.455576092004776,0.4699578881263733,33.160980224609375
1099,147266,40000,4.806572914123535,8.350401185452938e-05,0.005937578622251749,4.800551891326904,0.007014021743088961,4.099149703979492,0.0,0.4340457618236542,0.47651737928390503,31.627182006835938,0.007014021743088961,4.099149703979492,0.0,0.4340457618236542,0.47651737928390503,31.627182006835938
1100,147400,40000,6.767154693603516,9.948229126166552e-05,0.008881512098014355,6.75817346572876,0.0028106546960771084,6.477108001708984,0.0,0.418817937374115,0.44956350326538086,30.782922744750977,0.0028106546960771084,6.477108001708984,0.0,0.418817937374115,0.44956350326538086,30.782922744750977
1101,147534,40000,8.766763687133789,0.0003351651248522103,0.007802278269082308,8.758625984191895,0.010554643347859383,7.703161239624023,0.0,0.45782071352005005,0.48492002487182617,33.138389587402344,0.010554643347859383,7.703161239624023,0.0,0.45782071352005005,0.48492002487182617,33.138389587402344
1102,147668,40000,6.701661586761475,0.00028439934249036014,0.007194742560386658,6.694182395935059,0.00272221933118999,6.421960353851318,0.0,0.4295535683631897,0.4429977536201477,30.55634307861328,0.00272221933118999,6.421960353851318,0.0,0.4295535683631897,0.4429977536201477,30.55634307861328
1103,147802,40000,8.9297513961792,0.0002897954254876822,0.00709583330899477,8.92236614227295,0.005650917999446392,8.357274055480957,0.0,0.44939491152763367,0.4566662311553955,32.823123931884766,0.005650917999446392,8.357274055480957,0.0,0.44939491152763367,0.4566662311553955,32.823123931884766
1104,147936,40000,6.325253009796143,0.00017635084805078804,0.007712457794696093,6.31736421585083,0.006925762165337801,5.6247878074646,0.0,0.439940482378006,0.47301042079925537,31.981311798095703,0.006925762165337801,5.6247878074646,0.0,0.439940482378006,0.47301042079925537,31.981311798095703
1105,148070,40000,8.225141525268555,0.00013575209595728666,0.008495448157191277,8.216510772705078,0.0032822033390402794,7.888290882110596,0.0,0.4210748076438904,0.4532734155654907,30.070837020874023,0.0032822033390402794,7.888290882110596,0.0,0.4210748076438904,0.4532734155654907,30.070837020874023
1106,148204,40000,6.030680179595947,0.00010663687135092914,0.008378218859434128,6.022195339202881,0.0021452808286994696,5.807667255401611,0.0,0.4164283275604248,0.4433057904243469,30.76666259765625,0.0021452808286994696,5.807667255401611,0.0,0.4164283275604248,0.4433057904243469,30.76666259765625
1107,148338,40000,6.718286514282227,0.00013296450197231025,0.007401760667562485,6.710752010345459,0.008585963398218155,5.852155685424805,0.0,0.4579552710056305,0.4722990393638611,32.689247131347656,0.008585963398218155,5.852155685424805,0.0,0.4579552710056305,0.4722990393638611,32.689247131347656
1108,148472,40000,10.8991117477417,0.0003225189575459808,0.00865450780838728,10.890134811401367,0.001746171503327787,10.7155179977417,0.0,0.411905437707901,0.44005537033081055,29.455005645751953,0.001746171503327787,10.7155179977417,0.0,0.411905437707901,0.44005537033081055,29.455005645751953
1109,148606,40000,5.03651237487793,0.0001272292429348454,0.00627732090651989,5.0301079750061035,0.0036022397689521313,4.669884204864502,0.0,0.4393327832221985,0.4453340172767639,31.298717498779297,0.0036022397689521313,4.669884204864502,0.0,0.4393327832221985,0.4453340172767639,31.298717498779297
1110,148740,40000,11.116948127746582,0.00010068125993711874,0.009608881548047066,11.10723876953125,0.007422568276524544,10.364981651306152,0.0,0.4545723795890808,0.4666665196418762,33.74217224121094,0.007422568276524544,10.364981651306152,0.0,0.4545723795890808,0.4666665196418762,33.74217224121094
1111,148874,40000,5.323070049285889,0.00020189031783957034,0.008045119233429432,5.314823150634766,0.004373275674879551,4.877495765686035,0.0,0.4404952824115753,0.45228201150894165,31.636192321777344,0.004373275674879551,4.877495765686035,0.0,0.4404952824115753,0.45228201150894165,31.636192321777344
1112,149008,40000,7.135380268096924,0.0003684831317514181,0.006837217602878809,7.128174781799316,0.009335505776107311,6.194624423980713,0.0,0.44343850016593933,0.486305296421051,31.55356216430664,0.009335505776107311,6.194624423980713,0.0,0.44343850016593933,0.486305296421051,31.55356216430664
1113,149142,40000,7.357274055480957,9.408598998561502e-05,0.007703877054154873,7.349475860595703,0.0039513143710792065,6.954344272613525,0.0,0.42922335863113403,0.45565348863601685,30.6890926361084,0.0039513143710792065,6.954344272613525,0.0,0.42922335863113403,0.45565348863601685,30.6890926361084
1114,149276,40000,6.800760269165039,0.00011455314233899117,0.007967543788254261,6.792678356170654,0.0019159034127369523,6.601088047027588,0.0,0.423564612865448,0.4368864893913269,30.375932693481445,0.0019159034127369523,6.601088047027588,0.0,0.423564612865448,0.4368864893913269,30.375932693481445
1115,149410,40000,7.493080139160156,0.0003837351396214217,0.009446796029806137,7.483249664306641,0.00608450174331665,6.8747992515563965,0.0,0.44295766949653625,0.4651086926460266,32.23410415649414,0.00608450174331665,6.8747992515563965,0.0,0.44295766949653625,0.4651086926460266,32.23410415649414
1116,149544,40000,7.271605014801025,0.0004088998830411583,0.00788868684321642,7.263307571411133,0.0015203019138425589,7.1112775802612305,0.0,0.4253174066543579,0.429653525352478,30.288169860839844,0.0015203019138425589,7.1112775802612305,0.0,0.4253174066543579,0.429653525352478,30.288169860839844
1117,149678,40000,6.6181640625,0.0001935518957907334,0.007681990973651409,6.610288619995117,0.008273661136627197,5.782922744750977,0.0,0.4549126923084259,0.4725138545036316,32.57844161987305,0.008273661136627197,5.782922744750977,0.0,0.4549126923084259,0.4725138545036316,32.57844161987305
1118,149812,40000,7.550335884094238,0.00016348151257261634,0.008280101232230663,7.5418925285339355,0.00693429633975029,6.84846305847168,0.0,0.45217278599739075,0.46490222215652466,32.757530212402344,0.00693429633975029,6.84846305847168,0.0,0.45217278599739075,0.46490222215652466,32.757530212402344
1119,149946,40000,7.638686180114746,9.334475907962769e-05,0.0076388283632695675,7.630953788757324,0.006726982071995735,6.958255767822266,0.0,0.4490920305252075,0.465703547000885,32.774166107177734,0.006726982071995735,6.958255767822266,0.0,0.4490920305252075,0.465703547000885,32.774166107177734
1120,150080,40000,8.468571662902832,0.0001267425686819479,0.0060748751275241375,8.462369918823242,0.005346296820789576,7.927740573883057,0.0,0.44528934359550476,0.45740360021591187,32.311180114746094,0.005346296820789576,7.927740573883057,0.0,0.44528934359550476,0.45740360021591187,32.311180114746094
1121,150214,40000,10.367806434631348,9.339542157249525e-05,0.00837996881455183,10.359333038330078,0.008845949545502663,9.474738121032715,0.0,0.446103036403656,0.4819784164428711,32.32392883300781,0.008845949545502663,9.474738121032715,0.0,0.446103036403656,0.4819784164428711,32.32392883300781
1122,150348,40000,8.385977745056152,0.0001792105904314667,0.007750883232802153,8.378047943115234,0.0021094533149152994,8.167102813720703,0.0,0.4145819842815399,0.44355249404907227,30.202653884887695,0.0021094533149152994,8.167102813720703,0.0,0.4145819842815399,0.44355249404907227,30.202653884887695
1123,150482,40000,5.466523170471191,0.00012032262020511553,0.008653790690004826,5.457748889923096,0.00414681900292635,5.04306697845459,0.0,0.43993809819221497,0.4505150318145752,31.28168487548828,0.00414681900292635,5.04306697845459,0.0,0.43993809819221497,0.4505150318145752,31.28168487548828
1124,150616,40000,8.476008415222168,0.0001185180590255186,0.007358074188232422,8.468531608581543,0.010987373068928719,7.369793891906738,0.0,0.4502178430557251,0.49200838804244995,33.07658386230469,0.010987373068928719,7.369793891906738,0.0,0.4502178430557251,0.49200838804244995,33.07658386230469
1125,150750,40000,7.145352363586426,0.00012007834448013455,0.008148358203470707,7.137084007263184,0.008903437294065952,6.246740341186523,0.0,0.4458988308906555,0.48244231939315796,32.05466842651367,0.008903437294065952,6.246740341186523,0.0,0.4458988308906555,0.48244231939315796,32.05466842651367
1126,150884,40000,10.05250072479248,8.241282193921506e-05,0.008026479743421078,10.044391632080078,0.008283412083983421,9.216050148010254,0.0,0.45194563269615173,0.47473329305648804,33.48634338378906,0.008283412083983421,9.216050148010254,0.0,0.45194563269615173,0.47473329305648804,33.48634338378906
1127,151018,40000,5.750092506408691,0.00014193241077009588,0.006362465675920248,5.743587970733643,0.0042171115055680275,5.3218770027160645,0.0,0.44261834025382996,0.4489978551864624,31.854135513305664,0.0042171115055680275,5.3218770027160645,0.0,0.44261834025382996,0.4489978551864624,31.854135513305664
1128,151152,40000,5.440335750579834,0.00025098660262301564,0.008511379361152649,5.431573390960693,0.006770476698875427,4.754525661468506,0.0,0.4450797140598297,0.4688352942466736,31.989702224731445,0.006770476698875427,4.754525661468506,0.0,0.4450797140598297,0.4688352942466736,31.989702224731445
1129,151286,40000,5.1208696365356445,0.0001651720522204414,0.007272221613675356,5.11343240737915,0.0038102208636701107,4.732410430908203,0.0,0.43321314454078674,0.45202988386154175,30.8903751373291,0.0038102208636701107,4.732410430908203,0.0,0.43321314454078674,0.45202988386154175,30.8903751373291
1130,151420,40000,6.79673957824707,0.00015388894826173782,0.007767883129417896,6.788817882537842,0.0023153084330260754,6.557287216186523,0.0,0.42613527178764343,0.44040119647979736,30.855928421020508,0.0023153084330260754,6.557287216186523,0.0,0.42613527178764343,0.44040119647979736,30.855928421020508
1131,151554,40000,5.322007656097412,0.00011212551908101887,0.007240395061671734,5.314655303955078,0.004370338283479214,4.877621650695801,0.0,0.4445958733558655,0.44880110025405884,32.036888122558594,0.004370338283479214,4.877621650695801,0.0,0.4445958733558655,0.44880110025405884,32.036888122558594
1132,151688,40000,9.689818382263184,0.00011240168532822281,0.005391688551753759,9.684314727783203,0.0012125606881454587,9.563058853149414,0.0,0.421475350856781,0.42741113901138306,29.311317443847656,0.0012125606881454587,9.563058853149414,0.0,0.421475350856781,0.42741113901138306,29.311317443847656
1133,151822,40000,8.505398750305176,0.00012771393812727183,0.00690833805128932,8.49836254119873,0.0036434202920645475,8.134020805358887,0.0,0.42685696482658386,0.45405668020248413,30.246030807495117,0.0036434202920645475,8.134020805358887,0.0,0.42685696482658386,0.45405668020248413,30.246030807495117
1134,151956,40000,8.852071762084961,0.00012341162073425949,0.005896600894629955,8.846052169799805,0.007768623530864716,8.06919002532959,0.0,0.4565887153148651,0.46757471561431885,33.03843688964844,0.007768623530864716,8.06919002532959,0.0,0.4565887153148651,0.46757471561431885,33.03843688964844
1135,152090,40000,7.07180643081665,0.0006941062747500837,0.008223960176110268,7.062888145446777,0.002199595095589757,6.842928409576416,0.0,0.4299040138721466,0.4361295700073242,30.527990341186523,0.002199595095589757,6.842928409576416,0.0,0.4299040138721466,0.4361295700073242,30.527990341186523
1136,152224,40000,5.50373649597168,0.00012479907309170812,0.007451239041984081,5.496160507202148,0.005551429931074381,4.9410176277160645,0.0,0.44268500804901123,0.4610689878463745,32.063316345214844,0.005551429931074381,4.9410176277160645,0.0,0.44268500804901123,0.4610689878463745,32.063316345214844
1137,152358,40000,6.531408309936523,0.00013965075777377933,0.008320403285324574,6.522948265075684,0.006939802784472704,5.828968048095703,0.0,0.441188246011734,0.4724108576774597,32.1781120300293,0.006939802784472704,5.828968048095703,0.0,0.441188246011734,0.4724108576774597,32.1781120300293
1138,152492,40000,5.890549182891846,8.65901165525429e-05,0.006668776273727417,5.883793830871582,0.004685885272920132,5.415205478668213,0.0,0.43524789810180664,0.4586811065673828,31.781278610229492,0.004685885272920132,5.415205478668213,0.0,0.43524789810180664,0.4586811065673828,31.781278610229492
1139,152626,40000,5.842807292938232,9.224775567417964e-05,0.00857794564217329,5.834136962890625,0.008773231878876686,4.956813812255859,0.0,0.4405888319015503,0.48441433906555176,31.385759353637695,0.008773231878876686,4.956813812255859,0.0,0.4405888319015503,0.48441433906555176,31.385759353637695
1140,152760,40000,6.141767501831055,0.000185416080057621,0.0069356136955320835,6.134646415710449,0.0012420241255313158,6.010444164276123,0.0,0.4249398708343506,0.4249003529548645,30.74163818359375,0.0012420241255313158,6.010444164276123,0.0,0.4249398708343506,0.4249003529548645,30.74163818359375
1141,152894,40000,5.461111545562744,0.0008465882274322212,0.010288908146321774,5.449975967407227,0.004297150298953056,5.020260810852051,0.0,0.43195173144340515,0.45723843574523926,31.157176971435547,0.004297150298953056,5.020260810852051,0.0,0.43195173144340515,0.45723843574523926,31.157176971435547
1142,153028,40000,6.974065780639648,0.0001840980548877269,0.0055933441035449505,6.968288421630859,0.003176487982273102,6.650639533996582,0.0,0.4250035583972931,0.45051050186157227,30.911909103393555,0.003176487982273102,6.650639533996582,0.0,0.4250035583972931,0.45051050186157227,30.911909103393555
1143,153162,40000,10.349316596984863,0.0001156280268332921,0.006874558515846729,10.342326164245605,0.002474103355780244,10.094915390014648,0.0,0.409894734621048,0.4487462639808655,30.03366470336914,0.002474103355780244,10.094915390014648,0.0,0.409894734621048,0.4487462639808655,30.03366470336914
1144,153296,40000,5.338011264801025,0.00011972171341767535,0.007852756418287754,5.330039024353027,0.004357269033789635,4.894311904907227,0.0,0.4447096586227417,0.44856250286102295,32.097862243652344,0.004357269033789635,4.894311904907227,0.0,0.4447096586227417,0.44856250286102295,32.097862243652344
1145,153430,40000,5.8053507804870605,0.00012685060210060328,0.00788043811917305,5.7973432540893555,0.006101371720433235,5.187206268310547,0.0,0.4372841417789459,0.46863865852355957,31.59964370727539,0.006101371720433235,5.187206268310547,0.0,0.4372841417789459,0.46863865852355957,31.59964370727539
1146,153564,40000,8.341397285461426,0.000127047547721304,0.011595814488828182,8.32967472076416,0.011236446909606457,7.206030368804932,0.0,0.45707857608795166,0.48932236433029175,32.84956741333008,0.011236446909606457,7.206030368804932,0.0,0.45707857608795166,0.48932236433029175,32.84956741333008
1147,153698,40000,6.556390285491943,0.0001384592760587111,0.006615110207349062,6.5496368408203125,0.006339475512504578,5.915689468383789,0.0,0.43908485770225525,0.46936750411987305,31.597200393676758,0.006339475512504578,5.915689468383789,0.0,0.43908485770225525,0.46936750411987305,31.597200393676758
1148,153832,40000,6.413078784942627,0.00023849033459555358,0.009165285155177116,6.403675079345703,0.009924990125000477,5.4111762046813965,0.0,0.4512568712234497,0.48542672395706177,32.28606414794922,0.009924990125000477,5.4111762046813965,0.0,0.4512568712234497,0.48542672395706177,32.28606414794922
1149,153966,40000,5.301933288574219,0.00011589840869419277,0.007908012717962265,5.293909549713135,0.001772796967998147,5.1166300773620605,0.0,0.4329872727394104,0.4261655807495117,31.31079864501953,0.001772796967998147,5.1166300773620605,0.0,0.4329872727394104,0.4261655807495117,31.31079864501953
1150,154100,40000,5.063549995422363,0.00010014322469942272,0.006691971328109503,5.056757926940918,0.007307448890060186,4.326013088226318,0.0,0.4430648982524872,0.473843514919281,32.00794982910156,0.007307448890060186,4.326013088226318,0.0,0.4430648982524872,0.473843514919281,32.00794982910156
1151,154234,40000,6.699187755584717,0.0001161834443337284,0.007512939628213644,6.691558837890625,0.007101088762283325,5.981450080871582,0.0,0.44656702876091003,0.4702324867248535,32.352745056152344,0.007101088762283325,5.981450080871582,0.0,0.44656702876091003,0.4702324867248535,32.352745056152344
1152,154368,40000,3.642066240310669,0.0001315036934101954,0.007085595745593309,3.6348490715026855,0.002665627049282193,3.368286371231079,0.0,0.4349971413612366,0.4379582405090332,31.010889053344727,0.002665627049282193,3.368286371231079,0.0,0.4349971413612366,0.4379582405090332,31.010889053344727
1153,154502,40000,6.785857200622559,7.442671630997211e-05,0.008218903094530106,6.77756404876709,0.005637145601212978,6.2138495445251465,0.0,0.44178029894828796,0.46238231658935547,31.911436080932617,0.005637145601212978,6.2138495445251465,0.0,0.44178029894828796,0.46238231658935547,31.911436080932617
1154,154636,40000,5.659557819366455,0.00010064985690405592,0.007353517226874828,5.652103424072266,0.0032732468098402023,5.3247785568237305,0.0,0.4344683885574341,0.4456637501716614,30.909423828125,0.0032732468098402023,5.3247785568237305,0.0,0.4344683885574341,0.4456637501716614,30.909423828125
1155,154770,40000,5.600271224975586,6.594627484446391e-05,0.0074104005470871925,5.592794895172119,0.004321353975683451,5.160659313201904,0.0,0.4420085549354553,0.4505631923675537,32.528255462646484,0.004321353975683451,5.160659313201904,0.0,0.4420085549354553,0.4505631923675537,32.528255462646484
1156,154904,40000,5.64987325668335,0.00010404386557638645,0.00589321693405509,5.643876075744629,0.0026392550207674503,5.379950523376465,0.0,0.430576890707016,0.44128328561782837,31.159103393554688,0.0026392550207674503,5.379950523376465,0.0,0.430576890707016,0.44128328561782837,31.159103393554688
1157,155038,40000,8.144810676574707,0.00020112084166612476,0.011249039322137833,8.133360862731934,0.007394684012979269,7.393892765045166,0.0,0.44928956031799316,0.4704643487930298,32.407596588134766,0.007394684012979269,7.393892765045166,0.0,0.44928956031799316,0.4704643487930298,32.407596588134766
1158,155172,40000,7.055479526519775,0.0006739646196365356,0.0068287658505141735,7.047976970672607,0.005400229245424271,6.507954120635986,0.0,0.43832460045814514,0.46270132064819336,31.770532608032227,0.005400229245424271,6.507954120635986,0.0,0.43832460045814514,0.46270132064819336,31.770532608032227
1159,155306,40000,8.958909034729004,0.00012735440395772457,0.007241365499794483,8.951539993286133,0.008515192195773125,8.100020408630371,0.0,0.45473647117614746,0.47429072856903076,32.911624908447266,0.008515192195773125,8.100020408630371,0.0,0.45473647117614746,0.47429072856903076,32.911624908447266
1160,155440,40000,7.749270439147949,0.00015164683281909674,0.0077307517640292645,7.741387844085693,0.009319333359599113,6.809454441070557,0.0,0.4541665017604828,0.4799082279205322,32.395748138427734,0.009319333359599113,6.809454441070557,0.0,0.4541665017604828,0.4799082279205322,32.395748138427734
1161,155574,40000,4.11320686340332,7.848703535273671e-05,0.008102385327219963,4.105025768280029,0.00315630785189569,3.7893948554992676,0.0,0.4337309002876282,0.4449281096458435,31.386167526245117,0.00315630785189569,3.7893948554992676,0.0,0.4337309002876282,0.4449281096458435,31.386167526245117
1162,155708,40000,8.275506973266602,0.0001244985032826662,0.00752134807407856,8.267861366271973,0.002009958028793335,8.066865921020508,0.0,0.4159986078739166,0.44188082218170166,30.09283447265625,0.002009958028793335,8.066865921020508,0.0,0.4159986078739166,0.44188082218170166,30.09283447265625
1163,155842,40000,8.479854583740234,0.00014284024655353278,0.008463441394269466,8.471248626708984,0.008086049929261208,7.6626434326171875,0.0,0.4507535696029663,0.47423022985458374,33.04142761230469,0.008086049929261208,7.6626434326171875,0.0,0.4507535696029663,0.47423022985458374,33.04142761230469
1164,155976,40000,7.01702880859375,9.671512816566974e-05,0.006792315747588873,7.0101399421691895,0.007383046671748161,6.2718353271484375,0.0,0.44829949736595154,0.47106480598449707,32.35478210449219,0.007383046671748161,6.2718353271484375,0.0,0.44829949736595154,0.47106480598449707,32.35478210449219
1165,156110,40000,5.724488735198975,0.0001740886946208775,0.005754932761192322,5.718559741973877,0.004751099273562431,5.243449687957764,0.0,0.434842973947525,0.45947325229644775,31.360445022583008,0.004751099273562431,5.243449687957764,0.0,0.434842973947525,0.45947325229644775,31.360445022583008
1166,156244,40000,5.974731922149658,0.00010562254465185106,0.010249861516058445,5.964376449584961,0.005433985963463783,5.420977592468262,0.0,0.4379573464393616,0.4631919860839844,32.00495147705078,0.005433985963463783,5.420977592468262,0.0,0.4379573464393616,0.4631919860839844,32.00495147705078
1167,156378,40000,5.921629428863525,0.0001271045912289992,0.0073537384159862995,5.914148807525635,0.0031829606741666794,5.595852851867676,0.0,0.4318123757839203,0.4465932846069336,31.411182403564453,0.0031829606741666794,5.595852851867676,0.0,0.4318123757839203,0.4465932846069336,31.411182403564453
1168,156512,40000,5.461073398590088,0.00010690178896766156,0.0067570991814136505,5.454209327697754,0.009078729897737503,4.5463361740112305,0.0,0.46162474155426025,0.4726713299751282,32.45899200439453,0.009078729897737503,4.5463361740112305,0.0,0.46162474155426025,0.4726713299751282,32.45899200439453
1169,156646,40000,6.458233833312988,0.0003436332626733929,0.007904048077762127,6.449985980987549,0.0031337144318968058,6.1366143226623535,0.0,0.43887096643447876,0.44028353691101074,31.378498077392578,0.0031337144318968058,6.1366143226623535,0.0,0.43887096643447876,0.44028353691101074,31.378498077392578
1170,156780,40000,8.82874870300293,0.00014852943422738463,0.006570292171090841,8.822030067443848,0.005284417886286974,8.293588638305664,0.0,0.42816999554634094,0.467013955116272,30.404434204101562,0.005284417886286974,8.293588638305664,0.0,0.42816999554634094,0.467013955116272,30.404434204101562
1171,156914,40000,6.6210036277771,0.00014050406753085554,0.006012780126184225,6.6148505210876465,0.007331931032240391,5.881657600402832,0.0,0.4425642192363739,0.4742981791496277,31.780561447143555,0.007331931032240391,5.881657600402832,0.0,0.4425642192363739,0.4742981791496277,31.780561447143555
1172,157048,40000,5.924720764160156,0.0001257460389751941,0.006082265172153711,5.91851282119751,0.009838785976171494,4.934634208679199,0.0,0.44665783643722534,0.4875319004058838,32.225807189941406,0.009838785976171494,4.934634208679199,0.0,0.44665783643722534,0.4875319004058838,32.225807189941406
1173,157182,40000,7.193667411804199,0.0002481503179296851,0.007196170277893543,7.186223030090332,0.007832564413547516,6.402966499328613,0.0,0.44670218229293823,0.47517627477645874,32.304500579833984,0.007832564413547516,6.402966499328613,0.0,0.44670218229293823,0.47517627477645874,32.304500579833984
1174,157316,40000,6.9309797286987305,8.807906851870939e-05,0.007979359477758408,6.922912120819092,0.00307095842435956,6.615816116333008,0.0,0.443303644657135,0.43457967042922974,32.20647430419922,0.00307095842435956,6.615816116333008,0.0,0.443303644657135,0.43457967042922974,32.20647430419922
1175,157450,40000,6.884977340698242,9.989992395276204e-05,0.00862475112080574,6.8762526512146,0.00900188833475113,5.9760637283325195,0.0,0.4457891583442688,0.48309779167175293,32.25699234008789,0.00900188833475113,5.9760637283325195,0.0,0.4457891583442688,0.48309779167175293,32.25699234008789
1176,157584,40000,7.409286975860596,0.00013197385123930871,0.005988802760839462,7.4031662940979,0.00022581058146897703,7.380585193634033,0.0,0.414780855178833,0.4027087092399597,30.227109909057617,0.00022581058146897703,7.380585193634033,0.0,0.414780855178833,0.4027087092399597,30.227109909057617
1177,157718,40000,7.182709217071533,0.00018882709264289588,0.006649618968367577,7.175870895385742,0.005423069931566715,6.633563995361328,0.0,0.43157821893692017,0.4665273427963257,31.053544998168945,0.005423069931566715,6.633563995361328,0.0,0.43157821893692017,0.4665273427963257,31.053544998168945
1178,157852,40000,8.844813346862793,9.824770677369088e-05,0.005745038855820894,8.838970184326172,0.010851159691810608,7.753854751586914,0.0,0.4564257860183716,0.4875630736351013,33.18351364135742,0.010851159691810608,7.753854751586914,0.0,0.4564257860183716,0.4875630736351013,33.18351364135742
1179,157986,40000,8.666534423828125,7.628095772815868e-05,0.008754467591643333,8.657703399658203,0.013977542519569397,7.25994873046875,0.0,0.4615314304828644,0.5009526014328003,32.9504508972168,0.013977542519569397,7.25994873046875,0.0,0.4615314304828644,0.5009526014328003,32.9504508972168
1180,158120,40000,5.835057258605957,0.0001159188905148767,0.007431924343109131,5.82750940322876,0.0015079309232532978,5.676716327667236,0.0,0.43064358830451965,0.4238516688346863,30.6389217376709,0.0015079309232532978,5.676716327667236,0.0,0.43064358830451965,0.4238516688346863,30.6389217376709
1181,158254,40000,8.109399795532227,0.00011528576578712091,0.00715967733412981,8.10212516784668,0.0043889302760362625,7.663232326507568,0.0,0.43800249695777893,0.4542654752731323,31.269203186035156,0.0043889302760362625,7.663232326507568,0.0,0.43800249695777893,0.4542654752731323,31.269203186035156
1182,158388,40000,9.5435791015625,0.00010060096246888861,0.007640619296580553,9.53583812713623,0.012166354805231094,8.319202423095703,0.0,0.459177702665329,0.49308252334594727,33.01529312133789,0.012166354805231094,8.319202423095703,0.0,0.459177702665329,0.49308252334594727,33.01529312133789
1183,158522,40000,6.655622959136963,0.00012854119995608926,0.008202332071959972,6.647292137145996,0.00704540777951479,5.942751407623291,0.0,0.43437445163726807,0.47657549381256104,30.561168670654297,0.00704540777951479,5.942751407623291,0.0,0.43437445163726807,0.47657549381256104,30.561168670654297
1184,158656,40000,7.258414268493652,0.00010961230873363093,0.005719087552279234,7.252585411071777,0.002457295311614871,7.0068559646606445,0.0,0.42287182807922363,0.44397926330566406,30.353843688964844,0.002457295311614871,7.0068559646606445,0.0,0.42287182807922363,0.44397926330566406,30.353843688964844
1185,158790,40000,5.091860771179199,0.00010886845120694488,0.0067977155558764935,5.084954261779785,0.006324460729956627,4.452507972717285,0.0,0.4425724446773529,0.4671717882156372,32.1477165222168,0.006324460729956627,4.452507972717285,0.0,0.4425724446773529,0.4671717882156372,32.1477165222168
1186,158924,40000,6.315103054046631,0.00017571361968293786,0.007258063647896051,6.307669162750244,0.004055089317262173,5.902160167694092,0.0,0.43194833397865295,0.4550853371620178,30.830076217651367,0.004055089317262173,5.902160167694092,0.0,0.43194833397865295,0.4550853371620178,30.830076217651367
1187,159058,40000,7.043994426727295,9.220799256581813e-05,0.00720334704965353,7.036698818206787,0.001756125595420599,6.861086368560791,0.0,0.42060840129852295,0.43648862838745117,30.67914390563965,0.001756125595420599,6.861086368560791,0.0,0.42060840129852295,0.43648862838745117,30.67914390563965
1188,159192,40000,6.8487868309021,9.060420416062698e-05,0.008503561839461327,6.840192794799805,0.006011602468788624,6.239032745361328,0.0,0.4421728849411011,0.46506190299987793,31.913110733032227,0.006011602468788624,6.239032745361328,0.0,0.4421728849411011,0.46506190299987793,31.913110733032227
1189,159326,40000,5.489505767822266,0.0001688312040641904,0.00662987120449543,5.4827070236206055,0.004044139292091131,5.078293323516846,0.0,0.4354732930660248,0.452780544757843,31.163524627685547,0.004044139292091131,5.078293323516846,0.0,0.4354732930660248,0.452780544757843,31.163524627685547
1190,159460,40000,7.399343967437744,0.00013198787928558886,0.007193612400442362,7.3920183181762695,0.0013403198681771755,7.257986545562744,0.0,0.4191981852054596,0.4311729073524475,30.788841247558594,0.0013403198681771755,7.257986545562744,0.0,0.4191981852054596,0.4311729073524475,30.788841247558594
1191,159594,40000,6.671550750732422,0.00013182206021156162,0.009339088574051857,6.662079811096191,0.00441723084077239,6.2203569412231445,0.0,0.4418346881866455,0.4516438841819763,31.9443302154541,0.00441723084077239,6.2203569412231445,0.0,0.4418346881866455,0.4516438841819763,31.9443302154541
1192,159728,40000,9.970236778259277,9.131079423241317e-05,0.006640441250056028,9.963504791259766,0.003568859538063407,9.606618881225586,0.0,0.4108436107635498,0.4587475657463074,29.656536102294922,0.003568859538063407,9.606618881225586,0.0,0.4108436107635498,0.4587475657463074,29.656536102294922
1193,159862,40000,8.505915641784668,0.00011081906995968893,0.00777785200625658,8.498026847839355,0.00954787153750658,7.543239593505859,0.0,0.45227116346359253,0.48255664110183716,32.48869705200195,0.00954787153750658,7.543239593505859,0.0,0.45227116346359253,0.48255664110183716,32.48869705200195
1194,159996,40000,7.293952465057373,0.0001010438718367368,0.005907723214477301,7.2879438400268555,0.0051078940741717815,6.777154445648193,0.0,0.4389744997024536,0.45990729331970215,31.911848068237305,0.0051078940741717815,6.777154445648193,0.0,0.4389744997024536,0.45990729331970215,31.911848068237305
1195,160130,40000,7.548178195953369,0.00012705250992439687,0.006447257939726114,7.541604042053223,0.0017269887030124664,7.368905067443848,0.0,0.43259838223457336,0.4257746934890747,31.82040023803711,0.0017269887030124664,7.368905067443848,0.0,0.43259838223457336,0.4257746934890747,31.82040023803711
1196,160264,40000,5.527045249938965,0.0003036478301510215,0.008193431422114372,5.518548011779785,0.00639475230127573,4.879072666168213,0.0,0.4436749517917633,0.4669869542121887,31.58977508544922,0.00639475230127573,4.879072666168213,0.0,0.4436749517917633,0.4669869542121887,31.58977508544922
1197,160398,40000,7.300622940063477,0.00019295931269880384,0.00834379717707634,7.292086124420166,0.0024637202732264996,7.045713901519775,0.0,0.42328914999961853,0.44383305311203003,30.57332992553711,0.0024637202732264996,7.045713901519775,0.0,0.42328914999961853,0.44383305311203003,30.57332992553711
1198,160532,40000,6.083681583404541,0.0004989417502656579,0.00867229700088501,6.07451057434082,0.007579078897833824,5.31660270690918,0.0,0.4454749524593353,0.4742368459701538,32.275108337402344,0.007579078897833824,5.31660270690918,0.0,0.4454749524593353,0.4742368459701538,32.275108337402344
1199,160666,40000,6.2698445320129395,0.0004810818354599178,0.007270311936736107,6.2620930671691895,0.005808953195810318,5.681197643280029,0.0,0.4461795687675476,0.4606333374977112,31.930984497070312,0.005808953195810318,5.681197643280029,0.0,0.4461795687675476,0.4606333374977112,31.930984497070312
1200,160800,40000,4.983956813812256,0.00010044855298474431,0.00860314816236496,4.975253105163574,0.005141394212841988,4.461113452911377,0.0,0.4422371983528137,0.4579432010650635,31.225013732910156,0.005141394212841988,4.461113452911377,0.0,0.4422371983528137,0.4579432010650635,31.225013732910156
1201,160934,40000,6.42228889465332,0.00016704972949810326,0.006566816009581089,6.415555000305176,0.00444059818983078,5.971495151519775,0.0,0.43827614188194275,0.4545484781265259,31.871414184570312,0.00444059818983078,5.971495151519775,0.0,0.43827614188194275,0.4545484781265259,31.871414184570312
1202,161068,40000,8.11839485168457,8.346496906597167e-05,0.007698287256062031,8.110612869262695,0.005012641195207834,7.609348297119141,0.0,0.4413672089576721,0.4574577808380127,32.4694709777832,0.005012641195207834,7.609348297119141,0.0,0.4413672089576721,0.4574577808380127,32.4694709777832
1203,161202,40000,6.0594096183776855,0.0001688137708697468,0.007776158861815929,6.051464557647705,0.003832998452708125,5.6681647300720215,0.0,0.4269613027572632,0.4557322859764099,31.513883590698242,0.003832998452708125,5.6681647300720215,0.0,0.4269613027572632,0.4557322859764099,31.513883590698242
1204,161336,40000,6.264384746551514,0.00011895391071448103,0.0070902202278375626,6.257175445556641,0.0032404798548668623,5.933127403259277,0.0,0.43697190284729004,0.44328463077545166,31.170469284057617,0.0032404798548668623,5.933127403259277,0.0,0.43697190284729004,0.44328463077545166,31.170469284057617
1205,161470,40000,5.134119510650635,7.479343184968457e-05,0.0062585193663835526,5.127786159515381,0.006155099719762802,4.5122761726379395,0.0,0.44125956296920776,0.46672892570495605,31.737709045410156,0.006155099719762802,4.5122761726379395,0.0,0.44125956296920776,0.46672892570495605,31.737709045410156
1206,161604,40000,5.721330642700195,7.688408368267119e-05,0.007958530448377132,5.7132954597473145,0.0007616674993187189,5.637128829956055,0.0,0.426248162984848,0.40852653980255127,31.175674438476562,0.0007616674993187189,5.637128829956055,0.0,0.426248162984848,0.40852653980255127,31.175674438476562
1207,161738,40000,6.342413902282715,9.543375199427828e-05,0.008085700683295727,6.334232807159424,0.0036166768986731768,5.972565174102783,0.0,0.43807801604270935,0.4465482831001282,31.79619789123535,0.0036166768986731768,5.972565174102783,0.0,0.43807801604270935,0.4465482831001282,31.79619789123535
1208,161872,40000,5.938600540161133,7.637095404788852e-05,0.0074252658523619175,5.931098937988281,0.007937627844512463,5.137336254119873,0.0,0.4486890733242035,0.47461235523223877,32.64051055908203,0.007937627844512463,5.137336254119873,0.0,0.4486890733242035,0.47461235523223877,32.64051055908203
1209,162006,40000,5.5287065505981445,0.00016724439046811312,0.009829271584749222,5.518710136413574,0.0038815331645309925,5.130556583404541,0.0,0.43251144886016846,0.45314639806747437,31.260622024536133,0.0038815331645309925,5.130556583404541,0.0,0.43251144886016846,0.45314639806747437,31.260622024536133
1210,162140,40000,8.27511215209961,0.0002273275749757886,0.009666990488767624,8.265217781066895,0.006226171739399433,7.6426005363464355,0.0,0.43877777457237244,0.46872013807296753,32.48219680786133,0.006226171739399433,7.6426005363464355,0.0,0.43877777457237244,0.46872013807296753,32.48219680786133
1211,162274,40000,7.535677433013916,8.316231105709448e-05,0.006702985614538193,7.528891086578369,0.00024757932987995446,7.504133224487305,0.0,0.4154294729232788,0.4030839800834656,30.112356185913086,0.00024757932987995446,7.504133224487305,0.0,0.4154294729232788,0.4030839800834656,30.112356185913086
1212,162408,40000,6.0937371253967285,0.00034987623803317547,0.00649863900616765,6.086888790130615,0.0020525853615254164,5.8816304206848145,0.0,0.42399436235427856,0.43842989206314087,30.880464553833008,0.0020525853615254164,5.8816304206848145,0.0,0.42399436235427856,0.43842989206314087,30.880464553833008
1213,162542,40000,4.489458084106445,0.00019081597565673292,0.006707761902362108,4.482559680938721,0.005468581337481737,3.935701608657837,0.0,0.43666625022888184,0.46421968936920166,31.58456039428711,0.005468581337481737,3.935701608657837,0.0,0.43666625022888184,0.46421968936920166,31.58456039428711
1214,162676,40000,6.463018417358398,0.00043095406726934016,0.007686602883040905,6.454900741577148,0.006242944393306971,5.830606460571289,0.0,0.44034823775291443,0.4679335355758667,32.071651458740234,0.006242944393306971,5.830606460571289,0.0,0.44034823775291443,0.4679335355758667,32.071651458740234
1215,162810,40000,8.305885314941406,0.0001147700022556819,0.008243152871727943,8.297527313232422,0.000613981275819242,8.236128807067871,0.0,0.4160591661930084,0.418870210647583,30.010385513305664,0.000613981275819242,8.236128807067871,0.0,0.4160591661930084,0.418870210647583,30.010385513305664
1216,162944,40000,6.885502815246582,8.036451617954299e-05,0.008490040898323059,6.876932621002197,0.002797608496621251,6.597171783447266,0.0,0.42174994945526123,0.4482135772705078,30.659841537475586,0.002797608496621251,6.597171783447266,0.0,0.42174994945526123,0.4482135772705078,30.659841537475586
1217,163078,40000,9.48831844329834,0.00020909735758323222,0.007272755727171898,9.480836868286133,0.01276409812271595,8.204426765441895,0.0,0.46780818700790405,0.49036675691604614,33.4696159362793,0.01276409812271595,8.204426765441895,0.0,0.46780818700790405,0.49036675691604614,33.4696159362793
1218,163212,40000,7.59260892868042,0.00041185732698068023,0.008080150932073593,7.5841169357299805,0.006364244036376476,6.947692394256592,0.0,0.441173255443573,0.46833014488220215,31.24756622314453,0.006364244036376476,6.947692394256592,0.0,0.441173255443573,0.46833014488220215,31.24756622314453
1219,163346,40000,6.74151086807251,8.309820987051353e-05,0.006281672511249781,6.7351460456848145,0.006474618799984455,6.087684154510498,0.0,0.4481974244117737,0.46443313360214233,32.74422073364258,0.006474618799984455,6.087684154510498,0.0,0.4481974244117737,0.46443313360214233,32.74422073364258
1220,163480,40000,6.86633825302124,8.42370864120312e-05,0.009081930853426456,6.857172012329102,0.006214628461748362,6.235709190368652,0.0,0.43441739678382874,0.4709230065345764,31.613994598388672,0.006214628461748362,6.235709190368652,0.0,0.43441739678382874,0.4709230065345764,31.613994598388672
1221,163614,40000,7.280529975891113,0.000155365327373147,0.006634091027081013,7.273740291595459,0.001457554753869772,7.127985000610352,0.0,0.4327562153339386,0.419610857963562,31.718544006347656,0.001457554753869772,7.127985000610352,0.0,0.4327562153339386,0.419610857963562,31.718544006347656
1222,163748,40000,6.311474323272705,0.00014720537001267076,0.0076341391541063786,6.303692817687988,0.00820586271584034,5.48310661315918,0.0,0.44276419281959534,0.4798566699028015,31.149824142456055,0.00820586271584034,5.48310661315918,0.0,0.44276419281959534,0.4798566699028015,31.149824142456055
1223,163882,40000,4.813806056976318,0.00012783650890924037,0.005803123116493225,4.807875156402588,0.003464172128587961,4.4614577293396,0.0,0.43241825699806213,0.44912463426589966,31.783733367919922,0.003464172128587961,4.4614577293396,0.0,0.43241825699806213,0.44912463426589966,31.783733367919922
1224,164016,40000,4.834445953369141,0.00013818922161590308,0.006927040405571461,4.827380657196045,0.003791289171203971,4.448251724243164,0.0,0.4401538074016571,0.44667935371398926,31.752302169799805,0.003791289171203971,4.448251724243164,0.0,0.4401538074016571,0.44667935371398926,31.752302169799805
1225,164150,40000,8.5410795211792,0.00014110998017713428,0.005589993670582771,8.535348892211914,0.0034903199411928654,8.18631649017334,0.0,0.4374871253967285,0.4456622004508972,31.697736740112305,0.0034903199411928654,8.18631649017334,0.0,0.4374871253967285,0.4456622004508972,31.697736740112305
1226,164284,40000,6.5381760597229,0.0002909661561716348,0.008099628612399101,6.529785633087158,0.005422424525022507,5.987543106079102,0.0,0.44537314772605896,0.4579974412918091,32.39397048950195,0.005422424525022507,5.987543106079102,0.0,0.44537314772605896,0.4579974412918091,32.39397048950195
1227,164418,40000,6.261319160461426,0.00010586380813037977,0.0077831558883190155,6.253430366516113,0.006774928420782089,5.575937271118164,0.0,0.4329998791217804,0.47540515661239624,30.939516067504883,0.006774928420782089,5.575937271118164,0.0,0.4329998791217804,0.47540515661239624,30.939516067504883
1228,164552,40000,4.907341957092285,0.00032792615820653737,0.008316636085510254,4.898697376251221,0.0037635453045368195,4.522342681884766,0.0,0.4362110495567322,0.4495207667350769,31.6447811126709,0.0037635453045368195,4.522342681884766,0.0,0.4362110495567322,0.4495207667350769,31.6447811126709
1229,164686,40000,8.898881912231445,0.00015479547437280416,0.006404653657227755,8.892322540283203,0.0011677906149998307,8.775543212890625,0.0,0.42181479930877686,0.4263041019439697,30.020536422729492,0.0011677906149998307,8.775543212890625,0.0,0.42181479930877686,0.4263041019439697,30.020536422729492
1230,164820,40000,5.80153226852417,0.00017276567814406008,0.008176994509994984,5.793182373046875,0.003221395891159773,5.471042633056641,0.0,0.4296758770942688,0.4483811855316162,30.935409545898438,0.003221395891159773,5.471042633056641,0.0,0.4296758770942688,0.4483811855316162,30.935409545898438
1231,164954,40000,8.685506820678711,0.0003533815615810454,0.012812653556466103,8.672340393066406,0.0029224930331110954,8.380090713500977,0.0,0.43818458914756775,0.43826788663864136,32.14472579956055,0.0029224930331110954,8.380090713500977,0.0,0.43818458914756775,0.43826788663864136,32.14472579956055
1232,165088,40000,6.627743721008301,0.00011030242603737861,0.007804489694535732,6.619828701019287,0.000607039371971041,6.559124946594238,0.0,0.42460140585899353,0.40134555101394653,30.666576385498047,0.000607039371971041,6.559124946594238,0.0,0.42460140585899353,0.40134555101394653,30.666576385498047
1233,165222,40000,5.81359338760376,9.147101081907749e-05,0.006491435691714287,5.807010650634766,0.005188345909118652,5.2881760597229,0.0,0.44546785950660706,0.45586609840393066,32.35594177246094,0.005188345909118652,5.2881760597229,0.0,0.44546785950660706,0.45586609840393066,32.35594177246094
1234,165356,40000,10.911726951599121,0.00014061534602660686,0.00784137099981308,10.9037446975708,0.0008513602078892291,10.818608283996582,0.0,0.40298211574554443,0.4290252923965454,29.75708770751953,0.0008513602078892291,10.818608283996582,0.0,0.40298211574554443,0.4290252923965454,29.75708770751953
1235,165490,40000,5.462879180908203,8.768720726948231e-05,0.007859977893531322,5.454931735992432,0.0030235841404646635,5.152573108673096,0.0,0.43295085430145264,0.44402074813842773,31.388534545898438,0.0030235841404646635,5.152573108673096,0.0,0.43295085430145264,0.44402074813842773,31.388534545898438
1236,165624,40000,9.972268104553223,0.00019060667546000332,0.006351142656058073,9.965725898742676,0.009501762688159943,9.015549659729004,0.0,0.46060433983802795,0.47634708881378174,33.68913650512695,0.009501762688159943,9.015549659729004,0.0,0.46060433983802795,0.47634708881378174,33.68913650512695
1237,165758,40000,5.927455902099609,0.0001736805570544675,0.007172753103077412,5.920109272003174,0.0028916806913912296,5.630941390991211,0.0,0.4357835352420807,0.4401400089263916,31.962182998657227,0.0028916806913912296,5.630941390991211,0.0,0.4357835352420807,0.4401400089263916,31.962182998657227
1238,165892,40000,6.731481552124023,0.00014429619477596134,0.007407081313431263,6.723930358886719,0.0036856671795248985,6.355363845825195,0.0,0.4323737323284149,0.4513576626777649,30.708568572998047,0.0036856671795248985,6.355363845825195,0.0,0.4323737323284149,0.4513576626777649,30.708568572998047
1239,166026,40000,5.981619358062744,0.0002124644088326022,0.008552626706659794,5.972854137420654,0.0036869796458631754,5.604156017303467,0.0,0.4407980442047119,0.4449722170829773,31.370080947875977,0.0036869796458631754,5.604156017303467,0.0,0.4407980442047119,0.4449722170829773,31.370080947875977
1240,166160,40000,6.064760684967041,0.00012063408212270588,0.007088527549058199,6.057551383972168,0.0011214312398806214,5.945408344268799,0.0,0.43155404925346375,0.4112148880958557,31.33063316345215,0.0011214312398806214,5.945408344268799,0.0,0.43155404925346375,0.4112148880958557,31.33063316345215
1241,166294,40000,6.987820148468018,0.00010144311090698466,0.005966929718852043,6.981751918792725,0.0028159781359136105,6.7001543045043945,0.0,0.4226994812488556,0.44796574115753174,31.02629852294922,0.0028159781359136105,6.7001543045043945,0.0,0.4226994812488556,0.44796574115753174,31.02629852294922
1242,166428,40000,4.903063774108887,8.408715802943334e-05,0.006835948210209608,4.896143913269043,0.001071552513167262,4.7889885902404785,0.0,0.42703068256378174,0.4184633493423462,30.8233642578125,0.001071552513167262,4.7889885902404785,0.0,0.42703068256378174,0.4184633493423462,30.8233642578125
1243,166562,40000,5.616753101348877,0.0001413676218362525,0.009530589915812016,5.607080936431885,0.00457744812592864,5.149336338043213,0.0,0.44199034571647644,0.45304960012435913,32.34484100341797,0.00457744812592864,5.149336338043213,0.0,0.44199034571647644,0.45304960012435913,32.34484100341797
1244,166696,40000,5.123289108276367,0.00011749796249205247,0.006270317360758781,5.116901397705078,0.005907909013330936,4.526110649108887,0.0,0.4493115544319153,0.45895999670028687,32.431495666503906,0.005907909013330936,4.526110649108887,0.0,0.4493115544319153,0.45895999670028687,32.431495666503906
1245,166830,40000,5.637701034545898,0.0004060160426888615,0.007681944407522678,5.629612922668457,0.005959562957286835,5.033656597137451,0.0,0.4372507929801941,0.46761614084243774,31.825664520263672,0.005959562957286835,5.033656597137451,0.0,0.4372507929801941,0.46761614084243774,31.825664520263672
1246,166964,40000,6.243908882141113,0.00014264663332141936,0.008477862924337387,6.235288143157959,0.007228109519928694,5.512477397918701,0.0,0.4403117299079895,0.4748536944389343,32.25423812866211,0.007228109519928694,5.512477397918701,0.0,0.4403117299079895,0.4748536944389343,32.25423812866211
1247,167098,40000,6.407800674438477,0.00010060834756586701,0.008921707980334759,6.398778438568115,0.002853994956240058,6.113379001617432,0.0,0.4298870861530304,0.4442804455757141,31.0491943359375,0.002853994956240058,6.113379001617432,0.0,0.4298870861530304,0.4442804455757141,31.0491943359375
1248,167232,40000,6.519402503967285,0.00013867094821762294,0.009095069952309132,6.510168552398682,0.006931309122592211,5.817037582397461,0.0,0.43873879313468933,0.47369271516799927,31.20581817626953,0.006931309122592211,5.817037582397461,0.0,0.43873879313468933,0.47369271516799927,31.20581817626953
1249,167366,40000,6.435314178466797,0.00011706524674082175,0.00849692989140749,6.426700115203857,0.007351221051067114,5.691577911376953,0.0,0.45415857434272766,0.46646857261657715,32.47151184082031,0.007351221051067114,5.691577911376953,0.0,0.45415857434272766,0.46646857261657715,32.47151184082031
1250,167500,40000,5.918633937835693,8.920906839193776e-05,0.007009680848568678,5.911535263061523,0.0011919152457267046,5.792343616485596,0.0,0.4264593720436096,0.42217695713043213,30.774770736694336,0.0011919152457267046,5.792343616485596,0.0,0.4264593720436096,0.42217695713043213,30.774770736694336
1251,167634,40000,5.251079559326172,0.00012770357716362923,0.009393174201250076,5.24155855178833,0.004311466123908758,4.8104119300842285,0.0,0.4291108250617981,0.4588559865951538,30.62740707397461,0.004311466123908758,4.8104119300842285,0.0,0.4291108250617981,0.4588559865951538,30.62740707397461
1252,167768,40000,5.321726322174072,9.063901961781085e-05,0.008783979341387749,5.312851905822754,0.0020550424233078957,5.10734748840332,0.0,0.4252053499221802,0.43767935037612915,30.853660583496094,0.0020550424233078957,5.10734748840332,0.0,0.4252053499221802,0.43767935037612915,30.853660583496094
1253,167902,40000,6.319879531860352,0.00010030683188233525,0.0074789091013371944,6.312300205230713,0.0031412686221301556,5.998173236846924,0.0,0.4293113350868225,0.44777148962020874,31.371376037597656,0.0031412686221301556,5.998173236846924,0.0,0.4293113350868225,0.44777148962020874,31.371376037597656
1254,168036,40000,8.233484268188477,9.389696788275614e-05,0.005416449159383774,8.227973937988281,0.010701281018555164,7.157845973968506,0.0,0.45952117443084717,0.484607994556427,32.84047317504883,0.010701281018555164,7.157845973968506,0.0,0.45952117443084717,0.484607994556427,32.84047317504883
1255,168170,40000,6.063992023468018,0.0001533743488835171,0.006734592840075493,6.057104110717773,0.005167557392269373,5.540348529815674,0.0,0.43838760256767273,0.4607778787612915,31.875194549560547,0.005167557392269373,5.540348529815674,0.0,0.43838760256767273,0.4607778787612915,31.875194549560547
1256,168304,40000,8.731548309326172,0.00011364416423020884,0.006086134817451239,8.725348472595215,0.004907385446131229,8.234609603881836,0.0,0.43767669796943665,0.4590580463409424,31.67242431640625,0.004907385446131229,8.234609603881836,0.0,0.43767669796943665,0.4590580463409424,31.67242431640625
1257,168438,40000,10.326786041259766,0.0001327729842159897,0.008416939526796341,10.318236351013184,0.0027765012346208096,10.040586471557617,0.0,0.41210612654685974,0.45128297805786133,29.49288558959961,0.0027765012346208096,10.040586471557617,0.0,0.41210612654685974,0.45128297805786133,29.49288558959961
1258,168572,40000,6.101398944854736,0.00010299981659045443,0.008337205275893211,6.092958927154541,0.008501701056957245,5.242788791656494,0.0,0.44758954644203186,0.47897428274154663,32.43085861206055,0.008501701056957245,5.242788791656494,0.0,0.44758954644203186,0.47897428274154663,32.43085861206055
1259,168706,40000,6.3524169921875,0.00016231201880145818,0.0091986283659935,6.3430562019348145,0.0037689153105020523,5.966164588928223,0.0,0.44117310643196106,0.445537805557251,31.6320743560791,0.0037689153105020523,5.966164588928223,0.0,0.44117310643196106,0.445537805557251,31.6320743560791
1260,168840,40000,6.421714782714844,7.533212192356586e-05,0.007004222366958857,6.414635181427002,0.008789539337158203,5.535681247711182,0.0,0.45287811756134033,0.47741734981536865,32.5307731628418,0.008789539337158203,5.535681247711182,0.0,0.45287811756134033,0.47741734981536865,32.5307731628418
1261,168974,40000,6.266277313232422,9.690510341897607e-05,0.008116940036416054,6.258063316345215,0.006536510307341814,5.604412078857422,0.0,0.4501170516014099,0.46344125270843506,32.59652328491211,0.006536510307341814,5.604412078857422,0.0,0.4501170516014099,0.46344125270843506,32.59652328491211
1262,169108,40000,6.310340881347656,0.00011047471343772486,0.0067945364862680435,6.303435802459717,0.00784190185368061,5.519245624542236,0.0,0.45335206389427185,0.47067856788635254,32.093727111816406,0.00784190185368061,5.519245624542236,0.0,0.45335206389427185,0.47067856788635254,32.093727111816406
1263,169242,40000,5.1981096267700195,0.00012377796520013362,0.009294470772147179,5.188691139221191,0.004534208681434393,4.7352705001831055,0.0,0.432237833738327,0.45911794900894165,31.21552085876465,0.004534208681434393,4.7352705001831055,0.0,0.432237833738327,0.45911794900894165,31.21552085876465
1264,169376,40000,4.9102325439453125,7.710781937930733e-05,0.00784280989319086,4.902312755584717,0.0026852067094296217,4.633791923522949,0.0,0.43207287788391113,0.44070059061050415,31.778440475463867,0.0026852067094296217,4.633791923522949,0.0,0.43207287788391113,0.44070059061050415,31.778440475463867
1265,169510,40000,6.638057231903076,0.00019566240371204913,0.007645099889487028,6.630216598510742,0.004861985798925161,6.144018173217773,0.0,0.4498656690120697,0.44873809814453125,32.36529541015625,0.004861985798925161,6.144018173217773,0.0,0.4498656690120697,0.44873809814453125,32.36529541015625
1266,169644,40000,6.286220550537109,0.00010880320041906089,0.007642403710633516,6.278469562530518,0.002742233918979764,6.004246234893799,0.0,0.4313769042491913,0.4419252276420593,31.1118221282959,0.002742233918979764,6.004246234893799,0.0,0.4313769042491913,0.4419252276420593,31.1118221282959
1267,169778,40000,5.365724086761475,0.00010148845467483625,0.007847996428608894,5.35777473449707,0.004167975392192602,4.940977096557617,0.0,0.4332370162010193,0.45534688234329224,31.54676055908203,0.004167975392192602,4.940977096557617,0.0,0.4332370162010193,0.45534688234329224,31.54676055908203
1268,169912,40000,5.404224872589111,0.00010372711403761059,0.006531815975904465,5.397589206695557,0.0018509312067180872,5.212496280670166,0.0,0.4243578016757965,0.4354630708694458,30.628511428833008,0.0018509312067180872,5.212496280670166,0.0,0.4243578016757965,0.4354630708694458,30.628511428833008
1269,170046,40000,7.855954170227051,0.00015525454364251345,0.007064951583743095,7.848733901977539,0.007833722978830338,7.065361499786377,0.0,0.45211103558540344,0.4715413451194763,32.8906135559082,0.007833722978830338,7.065361499786377,0.0,0.45211103558540344,0.4715413451194763,32.8906135559082
1270,170180,40000,5.7232666015625,7.724450551904738e-05,0.006056398153305054,5.717133045196533,0.002028854563832283,5.514247417449951,0.0,0.4285750091075897,0.43481844663619995,31.317214965820312,0.002028854563832283,5.514247417449951,0.0,0.4285750091075897,0.43481844663619995,31.317214965820312
1271,170314,40000,8.028999328613281,0.0001351320097455755,0.005471448879688978,8.023392677307129,0.00847240537405014,7.176152229309082,0.0,0.45190292596817017,0.47601640224456787,32.06993865966797,0.00847240537405014,7.176152229309082,0.0,0.45190292596817017,0.47601640224456787,32.06993865966797
1272,170448,40000,7.3797760009765625,0.00019077715114690363,0.007937935180962086,7.371647357940674,0.004198628477752209,6.951784610748291,0.0,0.43313759565353394,0.4556823968887329,32.035118103027344,0.004198628477752209,6.951784610748291,0.0,0.43313759565353394,0.4556823968887329,32.035118103027344
1273,170582,40000,5.233851909637451,8.551226346753538e-05,0.006728186737746,5.227038383483887,0.0040581608191132545,4.821222305297852,0.0,0.43783557415008545,0.45125067234039307,31.776060104370117,0.0040581608191132545,4.821222305297852,0.0,0.43783557415008545,0.45125067234039307,31.776060104370117
1274,170716,40000,9.546003341674805,0.00010214831854682416,0.008202866651117802,9.537698745727539,0.011316429823637009,8.406055450439453,0.0,0.4591379761695862,0.4884258508682251,33.44941329956055,0.011316429823637009,8.406055450439453,0.0,0.4591379761695862,0.4884258508682251,33.44941329956055
1275,170850,40000,5.17838716506958,0.00034030695678666234,0.00593259884044528,5.172114372253418,0.004403719678521156,4.7317423820495605,0.0,0.43958210945129395,0.4532632827758789,30.882848739624023,0.004403719678521156,4.7317423820495605,0.0,0.43958210945129395,0.4532632827758789,30.882848739624023
1276,170984,40000,6.4488205909729,8.634354162495583e-05,0.00965907983481884,6.439074993133545,0.005957668647170067,5.843307971954346,0.0,0.4417547583580017,0.4649169445037842,32.11321258544922,0.005957668647170067,5.843307971954346,0.0,0.4417547583580017,0.4649169445037842,32.11321258544922
1277,171118,40000,6.773091793060303,0.0001559479715069756,0.008162307552993298,6.764773368835449,0.002596216509118676,6.505151748657227,0.0,0.42763271927833557,0.44280946254730225,30.858104705810547,0.002596216509118676,6.505151748657227,0.0,0.42763271927833557,0.44280946254730225,30.858104705810547
1278,171252,40000,7.604772567749023,0.00010315131657989696,0.007100667338818312,7.597568511962891,0.003572071436792612,7.240361213684082,0.0,0.4318150579929352,0.4505952000617981,31.11062240600586,0.003572071436792612,7.240361213684082,0.0,0.4318150579929352,0.4505952000617981,31.11062240600586
1279,171386,40000,7.581471920013428,0.00013332268281374127,0.008783838711678982,7.572554588317871,0.002492856001481414,7.323268890380859,0.0,0.42785924673080444,0.441433310508728,30.881826400756836,0.002492856001481414,7.323268890380859,0.0,0.42785924673080444,0.441433310508728,30.881826400756836
1280,171520,40000,10.980859756469727,0.00012524584599304944,0.00888490118086338,10.97184944152832,0.011455238796770573,9.826325416564941,0.0,0.46207335591316223,0.48719024658203125,33.619998931884766,0.011455238796770573,9.826325416564941,0.0,0.46207335591316223,0.48719024658203125,33.619998931884766
1281,171654,40000,6.8546833992004395,0.00012745823187287897,0.009216124191880226,6.845339775085449,0.0010822638869285583,6.7371134757995605,0.0,0.41539397835731506,0.42907387018203735,30.055644989013672,0.0010822638869285583,6.7371134757995605,0.0,0.41539397835731506,0.42907387018203735,30.055644989013672
1282,171788,40000,6.834373950958252,7.70887199905701e-05,0.006650696974247694,6.827646255493164,0.00599437952041626,6.228208541870117,0.0,0.44808152318000793,0.46068400144577026,32.669673919677734,0.00599437952041626,6.228208541870117,0.0,0.44808152318000793,0.46068400144577026,32.669673919677734
1283,171922,40000,4.8961567878723145,8.676537254359573e-05,0.006907399743795395,4.889162540435791,0.006815587170422077,4.207603931427002,0.0,0.43837839365005493,0.4730936884880066,32.08287048339844,0.006815587170422077,4.207603931427002,0.0,0.43837839365005493,0.4730936884880066,32.08287048339844
1284,172056,40000,6.20001745223999,0.0002093293151119724,0.005254888907074928,6.194553375244141,0.001315844594500959,6.062968730926514,0.0,0.4160359799861908,0.4325375556945801,30.25955581665039,0.001315844594500959,6.062968730926514,0.0,0.4160359799861908,0.4325375556945801,30.25955581665039
1285,172190,40000,9.975955963134766,8.964192238636315e-05,0.0056451065465807915,9.970221519470215,0.007979005575180054,9.172321319580078,0.0,0.4468100965023041,0.47607773542404175,33.385643005371094,0.007979005575180054,9.172321319580078,0.0,0.4468100965023041,0.47607773542404175,33.385643005371094
1286,172324,40000,5.512484073638916,0.00028974711312912405,0.008668470196425915,5.503525733947754,0.0015498208813369274,5.348543643951416,0.0,0.41893070936203003,0.43451738357543945,30.789745330810547,0.0015498208813369274,5.348543643951416,0.0,0.41893070936203003,0.43451738357543945,30.789745330810547
1287,172458,40000,5.568575382232666,0.00011074129724875093,0.008050985634326935,5.560413837432861,0.0029471651650965214,5.265697479248047,0.0,0.4382552206516266,0.4385188817977905,31.64031410217285,0.0029471651650965214,5.265697479248047,0.0,0.4382552206516266,0.4385188817977905,31.64031410217285
1288,172592,40000,4.601614475250244,0.0003044948971364647,0.005471725482493639,4.5958380699157715,0.006127767264842987,3.9830613136291504,0.0,0.433784544467926,0.4706142544746399,31.076675415039062,0.006127767264842987,3.9830613136291504,0.0,0.433784544467926,0.4706142544746399,31.076675415039062
1289,172726,40000,8.300352096557617,0.0001301006559515372,0.007709316443651915,8.292512893676758,0.00595883559435606,7.696629524230957,0.0,0.4469142556190491,0.46130162477493286,32.733863830566406,0.00595883559435606,7.696629524230957,0.0,0.4469142556190491,0.46130162477493286,32.733863830566406
1290,172860,40000,8.480340003967285,0.00020008206774946302,0.008489793166518211,8.471650123596191,0.009988067671656609,7.472843170166016,0.0,0.4494612514972687,0.48684269189834595,32.73966979980469,0.009988067671656609,7.472843170166016,0.0,0.4494612514972687,0.48684269189834595,32.73966979980469
1291,172994,40000,6.0623321533203125,0.00020361659699119627,0.0071352459490299225,6.054993152618408,0.007008541375398636,5.3541388511657715,0.0,0.44493839144706726,0.47063344717025757,31.962263107299805,0.007008541375398636,5.3541388511657715,0.0,0.44493839144706726,0.47063344717025757,31.962263107299805
1292,173128,40000,4.866952419281006,9.794303332455456e-05,0.008991253562271595,4.857863426208496,0.005794663913547993,4.278397083282471,0.0,0.4424884021282196,0.4631617069244385,31.77611541748047,0.005794663913547993,4.278397083282471,0.0,0.4424884021282196,0.4631617069244385,31.77611541748047
1293,173262,40000,7.244112968444824,0.00011335056478856131,0.006612925324589014,7.237386703491211,0.0020739291794598103,7.029994010925293,0.0,0.4265576899051666,0.43699485063552856,30.868873596191406,0.0020739291794598103,7.029994010925293,0.0,0.4265576899051666,0.43699485063552856,30.868873596191406
1294,173396,40000,6.609091758728027,0.00011713113053701818,0.008358493447303772,6.600615978240967,0.005676328204572201,6.032983303070068,0.0,0.4318240284919739,0.4682902693748474,31.80988121032715,0.005676328204572201,6.032983303070068,0.0,0.4318240284919739,0.4682902693748474,31.80988121032715
1295,173530,40000,5.068528175354004,0.000169329738127999,0.007458413019776344,5.0609002113342285,0.004307013936340809,4.630198955535889,0.0,0.4463241696357727,0.4464874863624573,32.02313995361328,0.004307013936340809,4.630198955535889,0.0,0.4463241696357727,0.4464874863624573,32.02313995361328
1296,173664,40000,5.730313301086426,0.00019575317855924368,0.008885646238923073,5.721231937408447,0.004432715941220522,5.277960300445557,0.0,0.43945062160491943,0.45363175868988037,31.26723861694336,0.004432715941220522,5.277960300445557,0.0,0.43945062160491943,0.45363175868988037,31.26723861694336
1297,173798,40000,7.203084945678711,0.00010929365816991776,0.009451169520616531,7.193524360656738,0.0057928673923015594,6.6142377853393555,0.0,0.4398679733276367,0.46483373641967773,31.584646224975586,0.0057928673923015594,6.6142377853393555,0.0,0.4398679733276367,0.46483373641967773,31.584646224975586
1298,173932,40000,8.441240310668945,0.00015622931823600084,0.006153237074613571,8.434930801391602,0.01398419588804245,7.036511421203613,0.0,0.46901583671569824,0.49602609872817993,33.09666442871094,0.01398419588804245,7.036511421203613,0.0,0.46901583671569824,0.49602609872817993,33.09666442871094
1299,174066,40000,5.915561676025391,0.00031791822402738035,0.010205294005572796,5.905038356781006,0.002165849320590496,5.688453197479248,0.0,0.4328169822692871,0.4329984188079834,31.510238647460938,0.002165849320590496,5.688453197479248,0.0,0.4328169822692871,0.4329984188079834,31.510238647460938
1300,174200,40000,6.895450115203857,0.00010447199747432023,0.005782329011708498,6.889563083648682,0.005716158542782068,6.3179473876953125,0.0,0.448003888130188,0.45841050148010254,32.23450469970703,0.005716158542782068,6.3179473876953125,0.0,0.448003888130188,0.45841050148010254,32.23450469970703
1301,174334,40000,5.073807716369629,0.00027985055930912495,0.0065468233078718185,5.066980838775635,0.0015769625315442681,4.909284591674805,0.0,0.43286842107772827,0.42228519916534424,31.112768173217773,0.0015769625315442681,4.909284591674805,0.0,0.43286842107772827,0.42228519916534424,31.112768173217773
1302,174468,40000,6.680030822753906,0.00021847871539648622,0.011775124818086624,6.668037414550781,0.0007431555422954261,6.593721866607666,0.0,0.42273208498954773,0.4150468707084656,30.595083236694336,0.0007431555422954261,6.593721866607666,0.0,0.42273208498954773,0.4150468707084656,30.595083236694336
1303,174602,40000,5.614915370941162,0.00011560387792997062,0.0068116458132863045,5.607988357543945,0.004139101132750511,5.19407844543457,0.0,0.4326355755329132,0.4554438591003418,31.399560928344727,0.004139101132750511,5.19407844543457,0.0,0.4326355755329132,0.4554438591003418,31.399560928344727
1304,174736,40000,6.231287956237793,0.00011473251652205363,0.009159800596535206,6.222013473510742,0.005381932482123375,5.6838202476501465,0.0,0.44004276394844055,0.4614695906639099,31.765823364257812,0.005381932482123375,5.6838202476501465,0.0,0.44004276394844055,0.4614695906639099,31.765823364257812
1305,174870,40000,7.521758556365967,0.0003495921555440873,0.00909713376313448,7.512311935424805,0.008527572266757488,6.659554481506348,0.0,0.4499667286872864,0.47765886783599854,32.703887939453125,0.008527572266757488,6.659554481506348,0.0,0.4499667286872864,0.47765886783599854,32.703887939453125
1306,175004,40000,9.024907112121582,0.00045470165787264705,0.00740174250677228,9.017050743103027,0.009419257752597332,8.075124740600586,0.0,0.45178669691085815,0.48208165168762207,32.83696365356445,0.009419257752597332,8.075124740600586,0.0,0.45178669691085815,0.48208165168762207,32.83696365356445
1307,175138,40000,8.437240600585938,9.298740042140707e-05,0.0053830016404390335,8.431764602661133,0.01010340079665184,7.421424388885498,0.0,0.459026962518692,0.4813585877418518,33.34833908081055,0.01010340079665184,7.421424388885498,0.0,0.459026962518692,0.4813585877418518,33.34833908081055
1308,175272,40000,5.5166401863098145,9.547330409986898e-05,0.008413604460656643,5.50813102722168,0.006798075512051582,4.8283233642578125,0.0,0.44735825061798096,0.4674927592277527,31.958646774291992,0.006798075512051582,4.8283233642578125,0.0,0.44735825061798096,0.4674927592277527,31.958646774291992
1309,175406,40000,6.783049583435059,0.00010996552009601146,0.007113590370863676,6.7758259773254395,0.004324206151068211,6.343405246734619,0.0,0.4246287941932678,0.4609723687171936,30.98479461669922,0.004324206151068211,6.343405246734619,0.0,0.4246287941932678,0.4609723687171936,30.98479461669922
1310,175540,40000,7.826681613922119,0.0001044912205543369,0.0066283042542636395,7.819948673248291,0.00728661147877574,7.091287612915039,0.0,0.4495743215084076,0.46949100494384766,33.20309829711914,0.00728661147877574,7.091287612915039,0.0,0.4495743215084076,0.46949100494384766,33.20309829711914
1311,175674,40000,6.306135177612305,0.00020203282474540174,0.007680040784180164,6.298253059387207,0.0023842575028538704,6.0598273277282715,0.0,0.43195614218711853,0.4369196891784668,31.578142166137695,0.0023842575028538704,6.0598273277282715,0.0,0.43195614218711853,0.4369196891784668,31.578142166137695
1312,175808,40000,5.692831516265869,9.43154445849359e-05,0.00717226043343544,5.685564994812012,0.0020974641665816307,5.475818634033203,0.0,0.4261620342731476,0.4375900626182556,30.901987075805664,0.0020974641665816307,5.475818634033203,0.0,0.4261620342731476,0.4375900626182556,30.901987075805664
1313,175942,40000,6.24868631362915,9.663851960795e-05,0.006088235881179571,6.242501258850098,0.00403679721057415,5.8388214111328125,0.0,0.4304609000682831,0.4557577967643738,31.041156768798828,0.00403679721057415,5.8388214111328125,0.0,0.4304609000682831,0.4557577967643738,31.041156768798828
1314,176076,40000,6.478337287902832,0.00012696166231762618,0.007100633345544338,6.471109867095947,0.006883072666823864,5.782802581787109,0.0,0.45444655418395996,0.46259909868240356,32.957298278808594,0.006883072666823864,5.782802581787109,0.0,0.45444655418395996,0.46259909868240356,32.957298278808594
1315,176210,40000,6.892908096313477,0.00031284199212677777,0.008032893761992455,6.8845624923706055,0.005917243659496307,6.292838096618652,0.0,0.4376947283744812,0.4670548439025879,31.530649185180664,0.005917243659496307,6.292838096618652,0.0,0.4376947283744812,0.4670548439025879,31.530649185180664
1316,176344,40000,5.982363224029541,0.00010438821482239291,0.0073713622987270355,5.974887371063232,0.006161271594464779,5.358760356903076,0.0,0.45233744382858276,0.45849841833114624,31.723031997680664,0.006161271594464779,5.358760356903076,0.0,0.45233744382858276,0.45849841833114624,31.723031997680664
1317,176478,40000,6.370250701904297,0.0002552400983404368,0.010380697436630726,6.359614849090576,0.0033775547053664923,6.021859169006348,0.0,0.43585899472236633,0.44573497772216797,32.281524658203125,0.0033775547053664923,6.021859169006348,0.0,0.43585899472236633,0.44573497772216797,32.281524658203125
1318,176612,40000,5.342568874359131,0.00019093230366706848,0.007426072843372822,5.334951877593994,0.000336368364514783,5.301314830780029,0.0,0.41774681210517883,0.40462809801101685,30.600290298461914,0.000336368364514783,5.301314830780029,0.0,0.41774681210517883,0.40462809801101685,30.600290298461914
1319,176746,40000,7.420327186584473,0.00013047269021626562,0.008124912157654762,7.412071704864502,0.002109762281179428,7.2010955810546875,0.0,0.421511173248291,0.44058364629745483,30.925338745117188,0.002109762281179428,7.2010955810546875,0.0,0.421511173248291,0.44058364629745483,30.925338745117188
1320,176880,40000,5.616113185882568,9.032426169142127e-05,0.009357979521155357,5.606664657592773,0.005562224891036749,5.050442218780518,0.0,0.43084001541137695,0.4679052233695984,31.69481658935547,0.005562224891036749,5.050442218780518,0.0,0.43084001541137695,0.4679052233695984,31.69481658935547
1321,177014,40000,5.418023586273193,8.78071878105402e-05,0.0073171136900782585,5.410618782043457,0.0013557621277868748,5.275042533874512,0.0,0.4270842671394348,0.42494404315948486,30.987306594848633,0.0013557621277868748,5.275042533874512,0.0,0.4270842671394348,0.42494404315948486,30.987306594848633
1322,177148,40000,6.151733875274658,8.042525587370619e-05,0.004841046407818794,6.146812438964844,0.002951903734356165,5.851622104644775,0.0,0.43768933415412903,0.43913334608078003,31.799453735351562,0.002951903734356165,5.851622104644775,0.0,0.43768933415412903,0.43913334608078003,31.799453735351562
1323,177282,40000,9.758439064025879,0.00011354152229614556,0.006941771134734154,9.751383781433105,0.0076063089072704315,8.990753173828125,0.0,0.4478857219219208,0.472892165184021,32.81438446044922,0.0076063089072704315,8.990753173828125,0.0,0.4478857219219208,0.472892165184021,32.81438446044922
1324,177416,40000,7.2216796875,0.00010660338011803105,0.00743654603138566,7.214136600494385,0.0009477869607508183,7.119358062744141,0.0,0.42499107122421265,0.4179787039756775,30.518333435058594,0.0009477869607508183,7.119358062744141,0.0,0.42499107122421265,0.4179787039756775,30.518333435058594
1325,177550,40000,5.557364463806152,0.0001268040796276182,0.006366388406604528,5.5508713722229,0.0035657482221722603,5.194296360015869,0.0,0.4404943287372589,0.4438857436180115,31.62354278564453,0.0035657482221722603,5.194296360015869,0.0,0.4404943287372589,0.4438857436180115,31.62354278564453
1326,177684,40000,7.723530292510986,8.144381718011573e-05,0.006565539166331291,7.716883182525635,0.010240945965051651,6.692788600921631,0.0,0.45607852935791016,0.4842386245727539,32.991886138916016,0.010240945965051651,6.692788600921631,0.0,0.45607852935791016,0.4842386245727539,32.991886138916016
1327,177818,40000,5.7460036277771,0.00017736825975589454,0.006820169743150473,5.739006042480469,0.005415544845163822,5.197451591491699,0.0,0.4509589374065399,0.45309174060821533,32.858333587646484,0.005415544845163822,5.197451591491699,0.0,0.4509589374065399,0.45309174060821533,32.858333587646484
1328,177952,40000,5.922928333282471,0.00011902164987986907,0.007545964326709509,5.9152631759643555,0.005307500250637531,5.3845133781433105,0.0,0.4371504485607147,0.4626685380935669,31.822341918945312,0.005307500250637531,5.3845133781433105,0.0,0.4371504485607147,0.4626685380935669,31.822341918945312
1329,178086,40000,5.2030110359191895,0.00011894718772964552,0.007863382808864117,5.195028781890869,0.001032414147630334,5.091787338256836,0.0,0.42514869570732117,0.4199989438056946,30.8421688079834,0.001032414147630334,5.091787338256836,0.0,0.42514869570732117,0.4199989438056946,30.8421688079834
1330,178220,40000,4.611395835876465,0.00015619189071003348,0.0063177915289998055,4.604921817779541,0.00458925636485219,4.14599609375,0.0,0.43958741426467896,0.45497357845306396,31.728910446166992,0.00458925636485219,4.14599609375,0.0,0.43958741426467896,0.45497357845306396,31.728910446166992
1331,178354,40000,4.35054874420166,9.03509499039501e-05,0.0075490460731089115,4.342909336090088,0.0037485375069081783,3.9680557250976562,0.0,0.4441516697406769,0.44241660833358765,32.00545883178711,0.0037485375069081783,3.9680557250976562,0.0,0.4441516697406769,0.44241660833358765,32.00545883178711
1332,178488,40000,6.923801898956299,9.731093450682238e-05,0.00759959826245904,6.916104793548584,0.007675989530980587,6.148505687713623,0.0,0.44586876034736633,0.4746461510658264,32.46677017211914,0.007675989530980587,6.148505687713623,0.0,0.44586876034736633,0.4746461510658264,32.46677017211914
1333,178622,40000,6.743584632873535,0.00010806366481119767,0.007229998707771301,6.736246585845947,0.0014508493477478623,6.591161727905273,0.0,0.42080003023147583,0.43190938234329224,30.450227737426758,0.0014508493477478623,6.591161727905273,0.0,0.42080003023147583,0.43190938234329224,30.450227737426758
1334,178756,40000,6.016128063201904,0.00010104898683493957,0.009118669666349888,6.006908416748047,0.0038174099754542112,5.625167369842529,0.0,0.43025943636894226,0.45386815071105957,31.033462524414062,0.0038174099754542112,5.625167369842529,0.0,0.43025943636894226,0.45386815071105957,31.033462524414062
1335,178890,40000,5.985727310180664,9.968081576516852e-05,0.0061471168883144855,5.979480743408203,0.003121534362435341,5.667327404022217,0.0,0.4328194856643677,0.44521522521972656,30.721994400024414,0.003121534362435341,5.667327404022217,0.0,0.4328194856643677,0.44521522521972656,30.721994400024414
1336,179024,40000,4.727280616760254,0.00015382810670416802,0.006570123601704836,4.720556735992432,0.003015846014022827,4.418972015380859,0.0,0.44179004430770874,0.4356291890144348,31.958778381347656,0.003015846014022827,4.418972015380859,0.0,0.44179004430770874,0.4356291890144348,31.958778381347656
1337,179158,40000,8.018794059753418,0.00015951332170516253,0.007967714220285416,8.010666847229004,0.0030009830370545387,7.710568904876709,0.0,0.4237670600414276,0.44935697317123413,30.400432586669922,0.0030009830370545387,7.710568904876709,0.0,0.4237670600414276,0.44935697317123413,30.400432586669922
1338,179292,40000,7.05776834487915,0.00011386531696189195,0.006269976031035185,7.051384449005127,0.0004958413192071021,7.001800537109375,0.0,0.41986656188964844,0.38994210958480835,30.433382034301758,0.0004958413192071021,7.001800537109375,0.0,0.41986656188964844,0.38994210958480835,30.433382034301758
1339,179426,40000,4.500123500823975,8.358953346032649e-05,0.008274130523204803,4.491765975952148,0.004139140248298645,4.07785177230835,0.0,0.43639352917671204,0.4530532956123352,31.33327865600586,0.004139140248298645,4.07785177230835,0.0,0.43639352917671204,0.4530532956123352,31.33327865600586
1340,179560,40000,6.65071439743042,9.391935600433499e-05,0.007185900118201971,6.643434524536133,0.00771784782409668,5.871649742126465,0.0,0.44280266761779785,0.47671884298324585,31.531940460205078,0.00771784782409668,5.871649742126465,0.0,0.44280266761779785,0.47671884298324585,31.531940460205078
1341,179694,40000,6.11028528213501,0.00018604561046231538,0.008814334869384766,6.101284980773926,0.00313862063921988,5.787423133850098,0.0,0.4284842610359192,0.4482417702674866,30.829683303833008,0.00313862063921988,5.787423133850098,0.0,0.4284842610359192,0.4482417702674866,30.829683303833008
1342,179828,40000,7.051490783691406,0.00011936907685594633,0.007125181145966053,7.044246196746826,0.0034761582501232624,6.696630477905273,0.0,0.4232407212257385,0.4541851282119751,30.566970825195312,0.0034761582501232624,6.696630477905273,0.0,0.4232407212257385,0.4541851282119751,30.566970825195312
1343,179962,40000,6.552584648132324,0.00014574524539057165,0.006451778579503298,6.545987129211426,0.002371479058638215,6.308839321136475,0.0,0.4254777431488037,0.4415013790130615,30.657136917114258,0.002371479058638215,6.308839321136475,0.0,0.4254777431488037,0.4415013790130615,30.657136917114258
1344,180096,40000,7.338272571563721,8.86208435986191e-05,0.007754094433039427,7.330430030822754,0.008922362700104713,6.4381937980651855,0.0,0.4564134180545807,0.4757620692253113,32.576236724853516,0.008922362700104713,6.4381937980651855,0.0,0.4564134180545807,0.4757620692253113,32.576236724853516
1345,180230,40000,4.724630355834961,0.00015160217299126089,0.007860087789595127,4.716618537902832,0.0025910341646522284,4.457515239715576,0.0,0.4345248341560364,0.43740415573120117,31.55831527709961,0.0025910341646522284,4.457515239715576,0.0,0.4345248341560364,0.43740415573120117,31.55831527709961
1346,180364,40000,8.389304161071777,8.996453107101843e-05,0.006836083717644215,8.382378578186035,0.007440624758601189,7.6383161544799805,0.0,0.44710880517959595,0.47225916385650635,32.5781364440918,0.007440624758601189,7.6383161544799805,0.0,0.44710880517959595,0.47225916385650635,32.5781364440918
1347,180498,40000,6.670788288116455,9.196524479193613e-05,0.007467568386346102,6.663228988647461,0.005009057465940714,6.162322998046875,0.0,0.44354939460754395,0.45578986406326294,32.41352462768555,0.005009057465940714,6.162322998046875,0.0,0.44354939460754395,0.45578986406326294,32.41352462768555
1348,180632,40000,7.99765157699585,9.532494732411578e-05,0.007185512688010931,7.990370750427246,0.008172189816832542,7.173151969909668,0.0,0.4574107229709625,0.469829797744751,32.827484130859375,0.008172189816832542,7.173151969909668,0.0,0.4574107229709625,0.469829797744751,32.827484130859375
1349,180766,40000,6.522940635681152,0.00014194368850439787,0.008251423016190529,6.514547348022461,0.0038589010946452618,6.128657341003418,0.0,0.4451274871826172,0.4426897168159485,32.163719177246094,0.0038589010946452618,6.128657341003418,0.0,0.4451274871826172,0.4426897168159485,32.163719177246094
1350,180900,40000,7.395865440368652,0.00014771975111216307,0.007715902756899595,7.388001918792725,0.00497567281126976,6.890434741973877,0.0,0.43724432587623596,0.45990437269210815,31.972501754760742,0.00497567281126976,6.890434741973877,0.0,0.43724432587623596,0.45990437269210815,31.972501754760742
1351,181034,40000,7.899871826171875,0.0003686172130983323,0.005251023918390274,7.894252300262451,0.005089567042887211,7.385295391082764,0.0,0.43868210911750793,0.45994383096694946,32.12705993652344,0.005089567042887211,7.385295391082764,0.0,0.43868210911750793,0.45994383096694946,32.12705993652344
1352,181168,40000,4.702081203460693,9.686489647720009e-05,0.007118352688848972,4.694866180419922,0.00445683253929019,4.24918270111084,0.0,0.44244489073753357,0.45152926445007324,31.242799758911133,0.00445683253929019,4.24918270111084,0.0,0.44244489073753357,0.45152926445007324,31.242799758911133
1353,181302,40000,5.053443908691406,0.0001313723623752594,0.0066631562076509,5.04664945602417,0.004302467219531536,4.616402626037598,0.0,0.4396446943283081,0.4522567391395569,31.28820037841797,0.004302467219531536,4.616402626037598,0.0,0.4396446943283081,0.4522567391395569,31.28820037841797
1354,181436,40000,4.559114933013916,9.355336078442633e-05,0.007933329790830612,4.551087856292725,0.002407087478786707,4.3103790283203125,0.0,0.436069130897522,0.43325817584991455,31.752470016479492,0.002407087478786707,4.3103790283203125,0.0,0.436069130897522,0.43325817584991455,31.752470016479492
1355,181570,40000,5.319901943206787,0.0001162685512099415,0.008862500078976154,5.310923099517822,0.004825251642614603,4.828397750854492,0.0,0.4392174184322357,0.4573345184326172,31.918312072753906,0.004825251642614603,4.828397750854492,0.0,0.4392174184322357,0.4573345184326172,31.918312072753906
1356,181704,40000,6.635653018951416,8.054613135755062e-05,0.006345880683511496,6.6292266845703125,0.0039689429104328156,6.232332229614258,0.0,0.437778115272522,0.45041584968566895,31.456809997558594,0.0039689429104328156,6.232332229614258,0.0,0.437778115272522,0.45041584968566895,31.456809997558594
1357,181838,40000,6.368429660797119,9.451097866985947e-05,0.0072840237990021706,6.361051082611084,0.006020504515618086,5.759000778198242,0.0,0.44129741191864014,0.46568888425827026,32.012813568115234,0.006020504515618086,5.759000778198242,0.0,0.44129741191864014,0.46568888425827026,32.012813568115234
1358,181972,40000,5.1774678230285645,0.00029815503512509167,0.006116354838013649,5.171053409576416,0.004120604135096073,4.758993148803711,0.0,0.43939077854156494,0.4506850242614746,31.6282958984375,0.004120604135096073,4.758993148803711,0.0,0.43939077854156494,0.4506850242614746,31.6282958984375
1359,182106,40000,6.105019569396973,0.00010643187852110714,0.008734100498259068,6.096179008483887,0.006972942501306534,5.3988847732543945,0.0,0.45613372325897217,0.46182191371917725,32.950653076171875,0.006972942501306534,5.3988847732543945,0.0,0.45613372325897217,0.46182191371917725,32.950653076171875
1360,182240,40000,4.947192668914795,0.00013727546320296824,0.005543491803109646,4.941512107849121,0.0029385569505393505,4.647656440734863,0.0,0.4385036528110504,0.43815791606903076,32.25965881347656,0.0029385569505393505,4.647656440734863,0.0,0.4385036528110504,0.43815791606903076,32.25965881347656
1361,182374,40000,7.453668594360352,7.03724508639425e-05,0.006341689266264439,7.447256565093994,0.0004344597109593451,7.403810501098633,0.0,0.41652029752731323,0.4127098321914673,30.333749771118164,0.0004344597109593451,7.403810501098633,0.0,0.41652029752731323,0.4127098321914673,30.333749771118164
1362,182508,40000,10.238641738891602,0.0001428333343937993,0.00870272982865572,10.229796409606934,0.0003772005729842931,10.192076683044434,0.0,0.403165727853775,0.3808380961418152,29.284839630126953,0.0003772005729842931,10.192076683044434,0.0,0.403165727853775,0.3808380961418152,29.284839630126953
1363,182642,40000,5.715962886810303,0.00010423415369587019,0.009005963802337646,5.706852912902832,0.006128490902483463,5.094003677368164,0.0,0.4366320073604584,0.4691851735115051,31.560461044311523,0.006128490902483463,5.094003677368164,0.0,0.4366320073604584,0.4691851735115051,31.560461044311523
1364,182776,40000,6.406400680541992,9.596933523425832e-05,0.005884469952434301,6.400420188903809,0.006184350699186325,5.781985282897949,0.0,0.4395747780799866,0.4679572582244873,31.443603515625,0.006184350699186325,5.781985282897949,0.0,0.4395747780799866,0.4679572582244873,31.443603515625
1365,182910,40000,8.144251823425293,8.351878204848617e-05,0.007960712537169456,8.136207580566406,0.0027324308175593615,7.862964630126953,0.0,0.41661813855171204,0.4495607614517212,30.45464515686035,0.0027324308175593615,7.862964630126953,0.0,0.41661813855171204,0.4495607614517212,30.45464515686035
1366,183044,40000,18.60952377319336,0.00014972021745052189,0.0066023035906255245,18.602771759033203,0.003299255156889558,18.272846221923828,0.0,0.3861553966999054,0.3442543148994446,28.08057403564453,0.003299255156889558,18.272846221923828,0.0,0.3861553966999054,0.3442543148994446,28.08057403564453
1367,183178,40000,7.669499397277832,7.680110138608143e-05,0.0067854272201657295,7.662637233734131,0.0015239689964801073,7.51024055480957,0.0,0.41970568895339966,0.43369948863983154,30.046239852905273,0.0015239689964801073,7.51024055480957,0.0,0.41970568895339966,0.43369948863983154,30.046239852905273
1368,183312,40000,5.3495330810546875,0.00011030758469132707,0.008768577128648758,5.340654373168945,0.005007097497582436,4.839944362640381,0.0,0.428182452917099,0.4649064540863037,31.03634262084961,0.005007097497582436,4.839944362640381,0.0,0.428182452917099,0.4649064540863037,31.03634262084961
1369,183446,40000,5.473056793212891,8.419727237196639e-05,0.00883590430021286,5.464136600494385,0.005524106323719025,4.911725997924805,0.0,0.44469985365867615,0.4593803882598877,32.113155364990234,0.005524106323719025,4.911725997924805,0.0,0.44469985365867615,0.4593803882598877,32.113155364990234
1370,183580,40000,8.367111206054688,9.955110726878047e-05,0.005717350170016289,8.361294746398926,0.00423590699210763,7.937704086303711,0.0,0.44387999176979065,0.44806718826293945,32.75459289550781,0.00423590699210763,7.937704086303711,0.0,0.44387999176979065,0.44806718826293945,32.75459289550781
1371,183714,40000,7.339162349700928,0.00010924780508503318,0.006020218599587679,7.333033084869385,0.0017779961926862597,7.155233383178711,0.0,0.42435577511787415,0.4344208240509033,31.3442325592041,0.0017779961926862597,7.155233383178711,0.0,0.42435577511787415,0.4344208240509033,31.3442325592041
1372,183848,40000,6.101606369018555,0.00013890728587284684,0.005677335895597935,6.095789909362793,0.0018962740432471037,5.906162261962891,0.0,0.4287179410457611,0.4327346086502075,30.759521484375,0.0018962740432471037,5.906162261962891,0.0,0.4287179410457611,0.4327346086502075,30.759521484375
1373,183982,40000,6.210200786590576,0.00012921633606310934,0.00756497960537672,6.2025065422058105,0.0025787618942558765,5.944630146026611,0.0,0.4246485233306885,0.44439834356307983,31.253950119018555,0.0025787618942558765,5.944630146026611,0.0,0.4246485233306885,0.44439834356307983,31.253950119018555
1374,184116,40000,7.054787635803223,0.00011536865349626169,0.013216019608080387,7.04145622253418,0.001294075045734644,6.912048816680908,0.0,0.4255419671535492,0.4253314733505249,30.297523498535156,0.001294075045734644,6.912048816680908,0.0,0.4255419671535492,0.4253314733505249,30.297523498535156
1375,184250,40000,4.7820844650268555,0.00010326078336220235,0.008873512037098408,4.773107528686523,0.0009604187216609716,4.677065849304199,0.0,0.4204402267932892,0.4232941269874573,30.790569305419922,0.0009604187216609716,4.677065849304199,0.0,0.4204402267932892,0.4232941269874573,30.790569305419922
1376,184384,40000,5.186927318572998,0.00038277299609035254,0.007769737858325243,5.178774833679199,0.006170108448714018,4.561763763427734,0.0,0.441942423582077,0.4664149284362793,31.660715103149414,0.006170108448714018,4.561763763427734,0.0,0.441942423582077,0.4664149284362793,31.660715103149414
1377,184518,40000,5.701705455780029,0.00020794097508769482,0.006158157717436552,5.695339202880859,0.002027034293860197,5.492635726928711,0.0,0.43239808082580566,0.43126338720321655,31.647174835205078,0.002027034293860197,5.492635726928711,0.0,0.43239808082580566,0.43126338720321655,31.647174835205078
1378,184652,40000,7.27431583404541,0.00011392697342671454,0.00648119393736124,7.267720699310303,0.0021916525438427925,7.048555374145508,0.0,0.42397770285606384,0.4402084946632385,30.5477294921875,0.0021916525438427925,7.048555374145508,0.0,0.42397770285606384,0.4402084946632385,30.5477294921875
1379,184786,40000,8.525312423706055,0.00019223481649532914,0.007581958081573248,8.517538070678711,0.005365751218050718,7.980963230133057,0.0,0.43341684341430664,0.46518486738204956,31.061052322387695,0.005365751218050718,7.980963230133057,0.0,0.43341684341430664,0.46518486738204956,31.061052322387695
1380,184920,40000,5.395787239074707,7.416438893415034e-05,0.007366594858467579,5.3883466720581055,0.001599439769051969,5.228402614593506,0.0,0.4293184280395508,0.4272005558013916,31.41374969482422,0.001599439769051969,5.228402614593506,0.0,0.4293184280395508,0.4272005558013916,31.41374969482422
1381,185054,40000,6.794816493988037,0.00014332111459225416,0.010372349992394447,6.784300804138184,0.0018744892440736294,6.596851825714111,0.0,0.42643043398857117,0.4342917203903198,30.922809600830078,0.0018744892440736294,6.596851825714111,0.0,0.42643043398857117,0.4342917203903198,30.922809600830078
1382,185188,40000,7.714075088500977,0.0001116057756007649,0.006389719899743795,7.707573890686035,0.0021317973732948303,7.494394302368164,0.0,0.4251245856285095,0.4387369751930237,30.497034072875977,0.0021317973732948303,7.494394302368164,0.0,0.4251245856285095,0.4387369751930237,30.497034072875977
1383,185322,40000,12.109087944030762,0.0001474530145060271,0.007992609404027462,12.100948333740234,0.010897340252995491,11.011214256286621,0.0,0.46523311734199524,0.4814983606338501,34.002220153808594,0.010897340252995491,11.011214256286621,0.0,0.46523311734199524,0.4814983606338501,34.002220153808594
1384,185456,40000,5.665578365325928,0.00012217705079820007,0.008527910336852074,5.656928062438965,0.005194071214646101,5.137520790100098,0.0,0.43953636288642883,0.460257351398468,31.214710235595703,0.005194071214646101,5.137520790100098,0.0,0.43953636288642883,0.460257351398468,31.214710235595703
1385,185590,40000,7.384627342224121,0.00017960062541533262,0.006586971692740917,7.3778605461120605,0.005867842584848404,6.791076183319092,0.0,0.4410679340362549,0.46466273069381714,32.7097053527832,0.005867842584848404,6.791076183319092,0.0,0.4410679340362549,0.46466273069381714,32.7097053527832
1386,185724,40000,5.667128086090088,6.964993372093886e-05,0.008720416575670242,5.6583380699157715,0.0029465726111084223,5.363680839538574,0.0,0.42676687240600586,0.4472240209579468,30.761560440063477,0.0029465726111084223,5.363680839538574,0.0,0.42676687240600586,0.4472240209579468,30.761560440063477
1387,185858,40000,5.775823593139648,0.0001214876101585105,0.008313492871820927,5.767388820648193,0.004438718315213919,5.323516845703125,0.0,0.4403955042362213,0.4529803991317749,32.304351806640625,0.004438718315213919,5.323516845703125,0.0,0.4403955042362213,0.4529803991317749,32.304351806640625
1388,185992,40000,6.186755180358887,9.657267219154164e-05,0.007268958725035191,6.179389476776123,0.006170515436679125,5.562337875366211,0.0,0.4386662542819977,0.46837717294692993,31.998065948486328,0.006170515436679125,5.562337875366211,0.0,0.4386662542819977,0.46837717294692993,31.998065948486328
1389,186126,40000,5.790998935699463,8.351189899258316e-05,0.0069709038361907005,5.783944606781006,0.004631798714399338,5.320764541625977,0.0,0.4312513470649719,0.46045786142349243,31.29668617248535,0.004631798714399338,5.320764541625977,0.0,0.4312513470649719,0.46045786142349243,31.29668617248535
1390,186260,40000,6.463153839111328,0.00022000752505846322,0.0076960353180766106,6.455237865447998,0.007397204637527466,5.715517520904541,0.0,0.44361695647239685,0.4741266965866089,32.288902282714844,0.007397204637527466,5.715517520904541,0.0,0.44361695647239685,0.4741266965866089,32.288902282714844
1391,186394,40000,6.130361557006836,0.00013536559708882123,0.007065753918141127,6.123160362243652,0.002582577522844076,5.864902496337891,0.0,0.4328032433986664,0.4388139843940735,31.31882095336914,0.002582577522844076,5.864902496337891,0.0,0.4328032433986664,0.4388139843940735,31.31882095336914
1392,186528,40000,11.796584129333496,0.0003422016743570566,0.007723976857960224,11.788517951965332,0.006166432984173298,11.171875,0.0,0.44838470220565796,0.4618494510650635,33.6615104675293,0.006166432984173298,11.171875,0.0,0.44838470220565796,0.4618494510650635,33.6615104675293
1393,186662,40000,6.001453876495361,0.00015886621258687228,0.007263690698891878,5.9940314292907715,0.0008520212140865624,5.908829212188721,0.0,0.42896705865859985,0.4035959839820862,30.771276473999023,0.0008520212140865624,5.908829212188721,0.0,0.42896705865859985,0.4035959839820862,30.771276473999023
1394,186796,40000,5.628519058227539,7.855473086237907e-05,0.00566455302760005,5.622776031494141,0.007878806442022324,4.834895133972168,0.0,0.4514327645301819,0.4723427891731262,32.269920349121094,0.007878806442022324,4.834895133972168,0.0,0.4514327645301819,0.4723427891731262,32.269920349121094
1395,186930,40000,5.653122901916504,0.000124148849863559,0.005477643106132746,5.647521018981934,0.0010311605874449015,5.544404983520508,0.0,0.42536503076553345,0.4196920394897461,31.16071128845215,0.0010311605874449015,5.544404983520508,0.0,0.42536503076553345,0.4196920394897461,31.16071128845215
1396,187064,40000,11.416563987731934,0.0002104542072629556,0.00707346061244607,11.409279823303223,0.010379443876445293,10.37133502960205,0.0,0.4583231508731842,0.4835335612297058,33.56619644165039,0.010379443876445293,10.37133502960205,0.0,0.4583231508731842,0.4835335612297058,33.56619644165039
1397,187198,40000,4.474628925323486,0.00012045240146107972,0.006557147949934006,4.46795129776001,0.00216915481723845,4.251035690307617,0.0,0.43696317076683044,0.42833513021469116,31.479604721069336,0.00216915481723845,4.251035690307617,0.0,0.43696317076683044,0.42833513021469116,31.479604721069336
1398,187332,40000,7.403263092041016,0.00014517320960294455,0.00873752310872078,7.394380569458008,0.0009947959333658218,7.294900894165039,0.0,0.41827791929244995,0.42570436000823975,30.35714340209961,0.0009947959333658218,7.294900894165039,0.0,0.41827791929244995,0.42570436000823975,30.35714340209961
1399,187466,40000,5.226262092590332,0.00021445743914227933,0.008117462508380413,5.217930316925049,0.0019574633333832026,5.022183895111084,0.0,0.4255891442298889,0.4360923767089844,30.764524459838867,0.0019574633333832026,5.022183895111084,0.0,0.4255891442298889,0.4360923767089844,30.764524459838867
1400,187600,40000,9.008482933044434,0.00012495291593950242,0.007358443923294544,9.000999450683594,0.006383624859154224,8.36263656616211,0.0,0.43495556712150574,0.47184520959854126,31.176111221313477,0.006383624859154224,8.36263656616211,0.0,0.43495556712150574,0.47184520959854126,31.176111221313477
1401,187734,40000,5.989130020141602,8.156311378115788e-05,0.00764468964189291,5.981403827667236,0.003244566498324275,5.656947135925293,0.0,0.4286258816719055,0.4492455720901489,30.759889602661133,0.003244566498324275,5.656947135925293,0.0,0.4286258816719055,0.4492455720901489,30.759889602661133
1402,187868,40000,5.452991485595703,0.00011859867663588375,0.008819512091577053,5.4440531730651855,0.0005506392335519195,5.388989448547363,0.0,0.422716349363327,0.4058827757835388,30.519330978393555,0.0005506392335519195,5.388989448547363,0.0,0.422716349363327,0.4058827757835388,30.519330978393555
1403,188002,40000,5.591867446899414,0.00018783705309033394,0.009252965450286865,5.58242654800415,0.0045669665560126305,5.125730037689209,0.0,0.430731862783432,0.4601873755455017,31.16000747680664,0.0045669665560126305,5.125730037689209,0.0,0.430731862783432,0.4601873755455017,31.16000747680664
1404,188136,40000,6.534832954406738,8.90422088559717e-05,0.007029101252555847,6.527714729309082,0.006725138984620571,5.85520076751709,0.0,0.44943854212760925,0.4654291272163391,32.351139068603516,0.006725138984620571,5.85520076751709,0.0,0.44943854212760925,0.4654291272163391,32.351139068603516
1405,188270,40000,5.717609882354736,8.497867383994162e-05,0.009323044680058956,5.708201885223389,0.007450839038938284,4.963118076324463,0.0,0.44417762756347656,0.4741564393043518,31.819446563720703,0.007450839038938284,4.963118076324463,0.0,0.44417762756347656,0.4741564393043518,31.819446563720703
1406,188404,40000,7.234833717346191,0.0003121879999525845,0.007117429282516241,7.2274041175842285,0.006074394099414349,6.619964599609375,0.0,0.4458370804786682,0.46303457021713257,32.808773040771484,0.006074394099414349,6.619964599609375,0.0,0.4458370804786682,0.46303457021713257,32.808773040771484
1407,188538,40000,8.723187446594238,0.00010543936514295638,0.0072949850000441074,8.715786933898926,0.0016979421488940716,8.545992851257324,0.0,0.42374297976493835,0.4336780905723572,30.46358871459961,0.0016979421488940716,8.545992851257324,0.0,0.42374297976493835,0.4336780905723572,30.46358871459961
1408,188672,40000,5.436479568481445,9.677332127466798e-05,0.005167964845895767,5.431214809417725,0.002989445813000202,5.132270336151123,0.0,0.44227924942970276,0.4346686005592346,32.685829162597656,0.002989445813000202,5.132270336151123,0.0,0.44227924942970276,0.4346686005592346,32.685829162597656
1409,188806,40000,5.072508811950684,9.152864367933944e-05,0.008047573268413544,5.0643696784973145,0.0007342416211031377,4.990945339202881,0.0,0.4260779917240143,0.4073607325553894,30.813459396362305,0.0007342416211031377,4.990945339202881,0.0,0.4260779917240143,0.4073607325553894,30.813459396362305
1410,188940,40000,4.632496356964111,8.060380059760064e-05,0.008564930409193039,4.6238508224487305,0.001929592341184616,4.430891513824463,0.0,0.42850804328918457,0.4334198236465454,31.299156188964844,0.001929592341184616,4.430891513824463,0.0,0.42850804328918457,0.4334198236465454,31.299156188964844
1411,189074,40000,7.989165782928467,0.00010352281242376193,0.006704817991703749,7.982357501983643,0.0033927089534699917,7.6430864334106445,0.0,0.43533456325531006,0.4463052749633789,30.981840133666992,0.0033927089534699917,7.6430864334106445,0.0,0.43533456325531006,0.4463052749633789,30.981840133666992
1412,189208,40000,8.937403678894043,0.00010876366286538541,0.010080588981509209,8.927214622497559,0.008405663073062897,8.086647987365723,0.0,0.457213431596756,0.4716399908065796,33.466339111328125,0.008405663073062897,8.086647987365723,0.0,0.457213431596756,0.4716399908065796,33.466339111328125
1413,189342,40000,8.98779296875,0.0002084271254716441,0.005783445667475462,8.98180103302002,0.010426864959299564,7.939114570617676,0.0,0.454487681388855,0.48635947704315186,33.136112213134766,0.010426864959299564,7.939114570617676,0.0,0.454487681388855,0.48635947704315186,33.136112213134766
1414,189476,40000,7.34029483795166,0.0001664229785092175,0.0071717496030032635,7.332956790924072,0.0075764525681734085,6.575311660766602,0.0,0.44605910778045654,0.4738580584526062,32.59709930419922,0.0075764525681734085,6.575311660766602,0.0,0.44605910778045654,0.4738580584526062,32.59709930419922
1415,189610,40000,5.838541507720947,8.635823905933648e-05,0.008163878694176674,5.830291271209717,0.0014146068133413792,5.688830375671387,0.0,0.42338594794273376,0.42945683002471924,31.199478149414062,0.0014146068133413792,5.688830375671387,0.0,0.42338594794273376,0.42945683002471924,31.199478149414062
1416,189744,40000,6.30218505859375,8.28888951218687e-05,0.008156230673193932,6.293945789337158,0.004721137695014477,5.821832180023193,0.0,0.43290257453918457,0.46032047271728516,31.243684768676758,0.004721137695014477,5.821832180023193,0.0,0.43290257453918457,0.46032047271728516,31.243684768676758
1417,189878,40000,6.148761749267578,0.00013124772522132844,0.005681930109858513,6.142948627471924,0.005123962182551622,5.630552291870117,0.0,0.44139569997787476,0.4583982825279236,32.446929931640625,0.005123962182551622,5.630552291870117,0.0,0.44139569997787476,0.4583982825279236,32.446929931640625
1418,190012,40000,5.1298441886901855,9.947936632670462e-05,0.00648359302431345,5.123260974884033,0.00201357901096344,4.921903133392334,0.0,0.4350586235523224,0.42800843715667725,31.943008422851562,0.00201357901096344,4.921903133392334,0.0,0.4350586235523224,0.42800843715667725,31.943008422851562
1419,190146,40000,6.200022220611572,0.0001365842908853665,0.006916780956089497,6.192968845367432,0.0004719545249827206,6.145773410797119,0.0,0.419960081577301,0.39142388105392456,30.70669937133789,0.0004719545249827206,6.145773410797119,0.0,0.419960081577301,0.39142388105392456,30.70669937133789
1420,190280,40000,5.728266716003418,0.00010309417848475277,0.009457506239414215,5.718706130981445,0.002976630348712206,5.4210429191589355,0.0,0.4312226176261902,0.44474124908447266,30.981647491455078,0.002976630348712206,5.4210429191589355,0.0,0.4312226176261902,0.44474124908447266,30.981647491455078
1421,190414,40000,9.434293746948242,0.00010366840433562174,0.007542699109762907,9.426647186279297,0.0015261275693774223,9.27403450012207,0.0,0.410341739654541,0.437671959400177,29.690710067749023,0.0015261275693774223,9.27403450012207,0.0,0.410341739654541,0.437671959400177,29.690710067749023
1422,190548,40000,5.8824238777160645,9.342841076431796e-05,0.0068434919230639935,5.875486850738525,0.006423263810575008,5.233160495758057,0.0,0.447367787361145,0.464649498462677,32.349369049072266,0.006423263810575008,5.233160495758057,0.0,0.447367787361145,0.464649498462677,32.349369049072266
1423,190682,40000,6.7086591720581055,8.435660129180178e-05,0.004547154996544123,6.7040276527404785,0.009350096806883812,5.769018173217773,0.0,0.4590744972229004,0.4765526056289673,32.83030700683594,0.009350096806883812,5.769018173217773,0.0,0.4590744972229004,0.4765526056289673,32.83030700683594
1424,190816,40000,7.162001132965088,0.0001372893893858418,0.007817688398063183,7.154046058654785,0.004777747672051191,6.676271438598633,0.0,0.4406200051307678,0.45592641830444336,32.29164123535156,0.004777747672051191,6.676271438598633,0.0,0.4406200051307678,0.45592641830444336,32.29164123535156
1425,190950,40000,4.233843803405762,8.370231080334634e-05,0.006808402016758919,4.226951599121094,0.00410443264991045,3.8165082931518555,0.0,0.4428769052028656,0.4476025700569153,31.83926773071289,0.00410443264991045,3.8165082931518555,0.0,0.4428769052028656,0.4476025700569153,31.83926773071289
1426,191084,40000,5.787261962890625,9.498057625023648e-05,0.005407917313277721,5.781759262084961,0.0033091276418417692,5.4508466720581055,0.0,0.4334167540073395,0.4468235969543457,31.370405197143555,0.0033091276418417692,5.4508466720581055,0.0,0.4334167540073395,0.4468235969543457,31.370405197143555
1427,191218,40000,4.094056606292725,0.00010599402594380081,0.005711044650524855,4.088239669799805,0.0033769244328141212,3.750547409057617,0.0,0.44077518582344055,0.44140422344207764,31.761516571044922,0.0033769244328141212,3.750547409057617,0.0,0.44077518582344055,0.44140422344207764,31.761516571044922
1428,191352,40000,4.796691417694092,0.00011199736036360264,0.0058457390405237675,4.790733814239502,0.0023940480314195156,4.551329135894775,0.0,0.4318232834339142,0.4371662139892578,31.173669815063477,0.0023940480314195156,4.551329135894775,0.0,0.4318232834339142,0.4371662139892578,31.173669815063477
1429,191486,40000,6.0062384605407715,0.0002692374400794506,0.007113652303814888,5.9988555908203125,0.002194589702412486,5.7793965339660645,0.0,0.42886823415756226,0.43689465522766113,31.038957595825195,0.002194589702412486,5.7793965339660645,0.0,0.42886823415756226,0.43689465522766113,31.038957595825195
1430,191620,40000,5.023947238922119,0.00020056143694091588,0.009079468436539173,5.01466703414917,0.002674989402294159,4.747168064117432,0.0,0.429234117269516,0.44266563653945923,31.413047790527344,0.002674989402294159,4.747168064117432,0.0,0.429234117269516,0.44266563653945923,31.413047790527344
1431,191754,40000,5.4314165115356445,0.00012843345757573843,0.007204830646514893,5.424083232879639,0.001965259201824665,5.227557182312012,0.0,0.43026840686798096,0.4323895573616028,30.719009399414062,0.001965259201824665,5.227557182312012,0.0,0.43026840686798096,0.4323895573616028,30.719009399414062
1432,191888,40000,5.738653182983398,0.00012739219528157264,0.00822802260518074,5.730297565460205,0.003865133738145232,5.343784332275391,0.0,0.4354342818260193,0.4510837197303772,31.795743942260742,0.003865133738145232,5.343784332275391,0.0,0.4354342818260193,0.4510837197303772,31.795743942260742
1433,192022,40000,5.912442207336426,8.521138079231605e-05,0.01234840601682663,5.900008678436279,0.005332650151103735,5.366743564605713,0.0,0.4424867033958435,0.4593930244445801,32.18858337402344,0.005332650151103735,5.366743564605713,0.0,0.4424867033958435,0.4593930244445801,32.18858337402344
1434,192156,40000,6.079145908355713,0.0001019879782688804,0.010404825210571289,6.068639278411865,0.0010840866016224027,5.960230827331543,0.0,0.42518484592437744,0.4212087392807007,30.376270294189453,0.0010840866016224027,5.960230827331543,0.0,0.42518484592437744,0.4212087392807007,30.376270294189453
1435,192290,40000,5.472901344299316,0.00012650933058466762,0.006829129997640848,5.465945720672607,0.004512113984674215,5.014734268188477,0.0,0.4414669871330261,0.45284509658813477,32.06218719482422,0.004512113984674215,5.014734268188477,0.0,0.4414669871330261,0.45284509658813477,32.06218719482422
1436,192424,40000,4.303983211517334,0.00018230352725367993,0.005941429641097784,4.2978596687316895,0.0027297218330204487,4.024887561798096,0.0,0.433241605758667,0.4403077960014343,31.4914493560791,0.0027297218330204487,4.024887561798096,0.0,0.433241605758667,0.4403077960014343,31.4914493560791
1437,192558,40000,6.431076526641846,0.00010215913061983883,0.006804487202316523,6.424170017242432,0.00571991503238678,5.852178573608398,0.0,0.4414452910423279,0.46326297521591187,31.436994552612305,0.00571991503238678,5.852178573608398,0.0,0.4414452910423279,0.46326297521591187,31.436994552612305
1438,192692,40000,7.831205368041992,0.00010359803854953498,0.00853281281888485,7.822568893432617,0.0026044570840895176,7.5621232986450195,0.0,0.42757469415664673,0.44294291734695435,30.616453170776367,0.0026044570840895176,7.5621232986450195,0.0,0.42757469415664673,0.44294291734695435,30.616453170776367
1439,192826,40000,5.724563121795654,9.358575334772468e-05,0.007336103823035955,5.717133522033691,0.0038172113709151745,5.335412502288818,0.0,0.44120073318481445,0.4460403323173523,32.123985290527344,0.0038172113709151745,5.335412502288818,0.0,0.44120073318481445,0.4460403323173523,32.123985290527344
1440,192960,40000,5.40022087097168,9.46986983763054e-05,0.006922459229826927,5.3932037353515625,0.0030365095008164644,5.089552879333496,0.0,0.4332678020000458,0.4439290761947632,31.185224533081055,0.0030365095008164644,5.089552879333496,0.0,0.4332678020000458,0.4439290761947632,31.185224533081055
1441,193094,40000,7.848113536834717,0.00011788675328716636,0.007305727805942297,7.8406901359558105,0.0058530839160084724,7.2553815841674805,0.0,0.450408011674881,0.4575510025024414,32.6628303527832,0.0058530839160084724,7.2553815841674805,0.0,0.450408011674881,0.4575510025024414,32.6628303527832
1442,193228,40000,6.4052934646606445,8.101441198959947e-05,0.008779245428740978,6.396433353424072,0.006535954773426056,5.742837905883789,0.0,0.44655486941337585,0.4660953879356384,31.92609405517578,0.006535954773426056,5.742837905883789,0.0,0.44655486941337585,0.4660953879356384,31.92609405517578
1443,193362,40000,6.63718318939209,0.00011627202911768109,0.00862918421626091,6.628437519073486,0.004128793720155954,6.215558052062988,0.0,0.43529555201530457,0.4536937475204468,31.457735061645508,0.004128793720155954,6.215558052062988,0.0,0.43529555201530457,0.4536937475204468,31.457735061645508
1444,193496,40000,6.220535755157471,9.231875446857885e-05,0.007075836881995201,6.213367462158203,0.004103066865354776,5.803060531616211,0.0,0.42935124039649963,0.4569348096847534,31.179645538330078,0.004103066865354776,5.803060531616211,0.0,0.42935124039649963,0.4569348096847534,31.179645538330078
1445,193630,40000,7.222324848175049,0.0001258264237549156,0.010812211781740189,7.211386680603027,0.002287759678438306,6.982610702514648,0.0,0.42554572224617004,0.44043731689453125,30.121660232543945,0.002287759678438306,6.982610702514648,0.0,0.42554572224617004,0.44043731689453125,30.121660232543945
1446,193764,40000,9.008584022521973,7.274406380020082e-05,0.006415155716240406,9.002096176147461,0.010664786212146282,7.935617446899414,0.0,0.45570528507232666,0.4869580864906311,33.40663146972656,0.010664786212146282,7.935617446899414,0.0,0.45570528507232666,0.4869580864906311,33.40663146972656
1447,193898,40000,8.8938570022583,0.00010495304741198197,0.005897628143429756,8.88785457611084,4.8113455704879016e-05,8.88304328918457,0.0,0.40525031089782715,0.4045329689979553,29.72357177734375,4.8113455704879016e-05,8.88304328918457,0.0,0.40525031089782715,0.4045329689979553,29.72357177734375
1448,194032,40000,5.947982311248779,0.00021766117424704134,0.005259515717625618,5.942505359649658,0.0006515795830637217,5.877347469329834,0.0,0.41881701350212097,0.4172481894493103,30.686922073364258,0.0006515795830637217,5.877347469329834,0.0,0.41881701350212097,0.4172481894493103,30.686922073364258
1449,194166,40000,5.088022708892822,0.00019040940969716758,0.009586915373802185,5.078245162963867,0.006195935420691967,4.458651542663574,0.0,0.4418395757675171,0.46667373180389404,32.4572868347168,0.006195935420691967,4.458651542663574,0.0,0.4418395757675171,0.46667373180389404,32.4572868347168
1450,194300,40000,5.785065174102783,0.00017837854102253914,0.006792142521589994,5.77809476852417,0.0012457462726160884,5.653520107269287,0.0,0.41924160718917847,0.4295889735221863,30.877037048339844,0.0012457462726160884,5.653520107269287,0.0,0.41924160718917847,0.4295889735221863,30.877037048339844
1451,194434,40000,3.965498924255371,9.926623897626996e-05,0.006557132117450237,3.9588425159454346,0.003832730697467923,3.5755693912506104,0.0,0.42919835448265076,0.4545910954475403,31.34477996826172,0.003832730697467923,3.5755693912506104,0.0,0.42919835448265076,0.4545910954475403,31.34477996826172
1452,194568,40000,11.81730842590332,8.448052540188655e-05,0.006359877996146679,11.810864448547363,0.012766383588314056,10.534226417541504,0.0,0.4663381576538086,0.491463840007782,33.99330139160156,0.012766383588314056,10.534226417541504,0.0,0.4663381576538086,0.491463840007782,33.99330139160156
1453,194702,40000,7.5796709060668945,9.357908129459247e-05,0.006933894008398056,7.572643280029297,0.010445895604789257,6.5280537605285645,0.0,0.4546589255332947,0.48636144399642944,32.7813606262207,0.010445895604789257,6.5280537605285645,0.0,0.4546589255332947,0.48636144399642944,32.7813606262207
1454,194836,40000,4.535134792327881,0.000201902148546651,0.007628494407981634,4.527304172515869,0.002899627201259136,4.237341403961182,0.0,0.4327559769153595,0.4427396059036255,31.52935028076172,0.002899627201259136,4.237341403961182,0.0,0.4327559769153595,0.4427396059036255,31.52935028076172
1455,194970,40000,6.727634429931641,0.00023506181605625898,0.007441890425980091,6.71995735168457,0.007532407995313406,5.966716766357422,0.0,0.4541983902454376,0.4677860140800476,32.828025817871094,0.007532407995313406,5.966716766357422,0.0,0.4541983902454376,0.4677860140800476,32.828025817871094
1456,195104,40000,6.30394983291626,0.00016917979519348592,0.01125799398869276,6.292522430419922,0.0018137539736926556,6.111146926879883,0.0,0.4239480197429657,0.43521714210510254,30.803224563598633,0.0018137539736926556,6.111146926879883,0.0,0.4239480197429657,0.43521714210510254,30.803224563598633
1457,195238,40000,5.477483749389648,0.0001934253377839923,0.005701191257685423,5.471589088439941,0.005648229271173477,4.906765937805176,0.0,0.4429358243942261,0.46168261766433716,32.031837463378906,0.005648229271173477,4.906765937805176,0.0,0.4429358243942261,0.46168261766433716,32.031837463378906
1458,195372,40000,6.486907005310059,0.00010769572691060603,0.00889880396425724,6.477900505065918,0.003301966469734907,6.147703647613525,0.0,0.4313843250274658,0.4481351375579834,31.259960174560547,0.003301966469734907,6.147703647613525,0.0,0.4313843250274658,0.4481351375579834,31.259960174560547
1459,195506,40000,5.361660003662109,0.00016428223170805722,0.009563278406858444,5.351932525634766,0.00022449172683991492,5.329483509063721,0.0,0.41477540135383606,0.40248584747314453,30.533554077148438,0.00022449172683991492,5.329483509063721,0.0,0.41477540135383606,0.40248584747314453,30.533554077148438
1460,195640,40000,4.649206161499023,0.00010930124699370936,0.00875210389494896,4.640344619750977,0.0024042415898293257,4.399920463562012,0.0,0.42993998527526855,0.4388309121131897,31.971250534057617,0.0024042415898293257,4.399920463562012,0.0,0.42993998527526855,0.4388309121131897,31.971250534057617
1461,195774,40000,7.892181873321533,0.00010202069825027138,0.007275451440364122,7.8848042488098145,0.006772302091121674,7.207573890686035,0.0,0.43913647532463074,0.4723922610282898,31.546342849731445,0.006772302091121674,7.207573890686035,0.0,0.43913647532463074,0.4723922610282898,31.546342849731445
1462,195908,40000,9.083616256713867,8.444983541266993e-05,0.006618257611989975,9.076913833618164,0.007869225926697254,8.28999137878418,0.0,0.45508089661598206,0.4695364832878113,33.125606536865234,0.007869225926697254,8.28999137878418,0.0,0.45508089661598206,0.4695364832878113,33.125606536865234
1463,196042,40000,6.524059295654297,0.00011568120680749416,0.00901120901107788,6.514932632446289,0.007263655308634043,5.788567066192627,0.0,0.44068995118141174,0.4748864769935608,31.477802276611328,0.007263655308634043,5.788567066192627,0.0,0.44068995118141174,0.4748864769935608,31.477802276611328
1464,196176,40000,4.7360968589782715,0.00016458312165923417,0.009271502494812012,4.72666072845459,0.0028808130882680416,4.438579559326172,0.0,0.42762672901153564,0.44601714611053467,31.299278259277344,0.0028808130882680416,4.438579559326172,0.0,0.42762672901153564,0.44601714611053467,31.299278259277344
1465,196310,40000,5.898782730102539,0.00014446857676375657,0.0070967827923595905,5.891541481018066,0.0028688516467809677,5.604656219482422,0.0,0.436117023229599,0.4395526647567749,31.655811309814453,0.0028688516467809677,5.604656219482422,0.0,0.436117023229599,0.4395526647567749,31.655811309814453
1466,196444,40000,5.169601917266846,0.00015614104631822556,0.007016914431005716,5.162428855895996,0.0031612482853233814,4.846303939819336,0.0,0.4422018229961395,0.43715178966522217,31.929601669311523,0.0031612482853233814,4.846303939819336,0.0,0.4422018229961395,0.43715178966522217,31.929601669311523
1467,196578,40000,5.778410911560059,0.00017532086349092424,0.007097648456692696,5.771137714385986,0.006319355219602585,5.139202117919922,0.0,0.44352084398269653,0.46652287244796753,32.497962951660156,0.006319355219602585,5.139202117919922,0.0,0.44352084398269653,0.46652287244796753,32.497962951660156
1468,196712,40000,5.802858829498291,9.786339796846732e-05,0.007903373800218105,5.794857501983643,0.00446674507111311,5.3481831550598145,0.0,0.44304460287094116,0.4511263966560364,32.09258270263672,0.00446674507111311,5.3481831550598145,0.0,0.44304460287094116,0.4511263966560364,32.09258270263672
1469,196846,40000,6.224784851074219,0.00011810241267085075,0.00634722551330924,6.218319416046143,0.0008563545998185873,6.132683753967285,0.0,0.42381224036216736,0.41700977087020874,30.943368911743164,0.0008563545998185873,6.132683753967285,0.0,0.42381224036216736,0.41700977087020874,30.943368911743164
1470,196980,40000,6.198066711425781,8.952264761319384e-05,0.005850713234394789,6.192126274108887,0.008093110285699368,5.382815361022949,0.0,0.443032830953598,0.47900182008743286,32.42975616455078,0.008093110285699368,5.382815361022949,0.0,0.443032830953598,0.47900182008743286,32.42975616455078
1471,197114,40000,7.04507303237915,0.00018816336523741484,0.0064883846789598465,7.03839635848999,0.009123390540480614,6.126057147979736,0.0,0.4563780426979065,0.47710323333740234,32.6441650390625,0.009123390540480614,6.126057147979736,0.0,0.4563780426979065,0.47710323333740234,32.6441650390625
1472,197248,40000,5.76693868637085,0.00010691070929169655,0.006750505417585373,5.7600812911987305,0.005090740509331226,5.251007080078125,0.0,0.4299989938735962,0.4647364020347595,30.954627990722656,0.005090740509331226,5.251007080078125,0.0,0.4299989938735962,0.4647364020347595,30.954627990722656
1473,197382,40000,7.432954788208008,0.00016389520897064358,0.005893379915505648,7.4268975257873535,0.005770128220319748,6.849884510040283,0.0,0.4392809569835663,0.4650164246559143,32.06182098388672,0.005770128220319748,6.849884510040283,0.0,0.4392809569835663,0.4650164246559143,32.06182098388672
1474,197516,40000,4.98640775680542,0.00019368961511645466,0.008512796834111214,4.977701187133789,0.0034821578301489353,4.629485607147217,0.0,0.4385487735271454,0.44467830657958984,31.655742645263672,0.0034821578301489353,4.629485607147217,0.0,0.4385487735271454,0.44467830657958984,31.655742645263672
1475,197650,40000,5.290088653564453,0.00011234454723307863,0.009251963347196579,5.28072452545166,0.007581408601254225,4.522583484649658,0.0,0.4493539035320282,0.47173285484313965,32.152164459228516,0.007581408601254225,4.522583484649658,0.0,0.4493539035320282,0.47173285484313965,32.152164459228516
1476,197784,40000,5.763347148895264,8.137872646329924e-05,0.007937733083963394,5.755328178405762,0.00420956639572978,5.334371566772461,0.0,0.4370419681072235,0.45326781272888184,31.826780319213867,0.00420956639572978,5.334371566772461,0.0,0.4370419681072235,0.45326781272888184,31.826780319213867
1477,197918,40000,5.011211395263672,0.00018231429567094892,0.005818856880068779,5.0052103996276855,0.0018779828678816557,4.81741189956665,0.0,0.42480817437171936,0.43553221225738525,31.097412109375,0.0018779828678816557,4.81741189956665,0.0,0.42480817437171936,0.43553221225738525,31.097412109375
1478,198052,40000,7.531498432159424,9.551279072184116e-05,0.007946052588522434,7.523457050323486,0.00328667089343071,7.194789886474609,0.0,0.43167299032211304,0.4477859139442444,30.56393814086914,0.00328667089343071,7.194789886474609,0.0,0.43167299032211304,0.4477859139442444,30.56393814086914
1479,198186,40000,6.410919666290283,9.263835818273947e-05,0.007539902813732624,6.403286933898926,0.0014831260778009892,6.254974365234375,0.0,0.4174988865852356,0.43430620431900024,31.019393920898438,0.0014831260778009892,6.254974365234375,0.0,0.4174988865852356,0.43430620431900024,31.019393920898438
1480,198320,40000,6.964878082275391,0.00018230717978440225,0.006254631094634533,6.958441257476807,0.008195294067263603,6.138911724090576,0.0,0.4601467251777649,0.46765846014022827,33.228431701660156,0.008195294067263603,6.138911724090576,0.0,0.4601467251777649,0.46765846014022827,33.228431701660156
1481,198454,40000,6.050426959991455,7.896691386122257e-05,0.006888298783451319,6.043459892272949,0.0019030652474611998,5.853153228759766,0.0,0.4230360686779022,0.43704599142074585,31.086471557617188,0.0019030652474611998,5.853153228759766,0.0,0.4230360686779022,0.43704599142074585,31.086471557617188
1482,198588,40000,6.334530830383301,6.858541019028053e-05,0.008168775588274002,6.326293468475342,0.007387992460280657,5.587494373321533,0.0,0.45348432660102844,0.4672861099243164,32.359771728515625,0.007387992460280657,5.587494373321533,0.0,0.45348432660102844,0.4672861099243164,32.359771728515625
1483,198722,40000,5.31184196472168,0.00025182528770528734,0.007995991967618465,5.30359411239624,0.006507616490125656,4.652832508087158,0.0,0.4407466948032379,0.46962273120880127,31.684587478637695,0.006507616490125656,4.652832508087158,0.0,0.4407466948032379,0.46962273120880127,31.684587478637695
1484,198856,40000,5.334691524505615,0.0001147112125181593,0.005797575693577528,5.328779220581055,0.005624136421829462,4.7663655281066895,0.0,0.43993350863456726,0.4634779691696167,32.06849670410156,0.005624136421829462,4.7663655281066895,0.0,0.43993350863456726,0.4634779691696167,32.06849670410156
1485,198990,40000,8.024934768676758,0.0001480288919992745,0.0073651219718158245,8.01742172241211,0.004560025874525309,7.5614190101623535,0.0,0.44753748178482056,0.4479605555534363,32.99531555175781,0.004560025874525309,7.5614190101623535,0.0,0.44753748178482056,0.4479605555534363,32.99531555175781
1486,199124,40000,7.069287300109863,0.00029781972989439964,0.008111764676868916,7.060877799987793,0.0010881866328418255,6.952059268951416,0.0,0.4181535542011261,0.4275433421134949,29.97744369506836,0.0010881866328418255,6.952059268951416,0.0,0.4181535542011261,0.4275433421134949,29.97744369506836
1487,199258,40000,5.0351409912109375,0.00013156779459677637,0.007402471266686916,5.027606964111328,0.005333445034921169,4.494262218475342,0.0,0.4431309401988983,0.45893359184265137,31.999164581298828,0.005333445034921169,4.494262218475342,0.0,0.4431309401988983,0.45893359184265137,31.999164581298828
1488,199392,40000,6.6224870681762695,8.867113501764834e-05,0.005926495883613825,6.616471767425537,0.00997221376746893,5.619250297546387,0.0,0.4518049657344818,0.48537248373031616,32.6866455078125,0.00997221376746893,5.619250297546387,0.0,0.4518049657344818,0.48537248373031616,32.6866455078125
1489,199526,40000,5.0449934005737305,0.00011916382936760783,0.007716210093349218,5.037158012390137,0.003030525054782629,4.734105587005615,0.0,0.4384855329990387,0.4393622875213623,31.320968627929688,0.003030525054782629,4.734105587005615,0.0,0.4384855329990387,0.4393622875213623,31.320968627929688
1490,199660,40000,5.301848411560059,0.00011924721911782399,0.005781965330243111,5.295947074890137,0.004989557899534702,4.796991348266602,0.0,0.443671852350235,0.4555187225341797,32.350223541259766,0.004989557899534702,4.796991348266602,0.0,0.443671852350235,0.4555187225341797,32.350223541259766
1491,199794,40000,6.260203838348389,0.00020059030794072896,0.006961097940802574,6.253042221069336,0.004689982160925865,5.784043788909912,0.0,0.43889978528022766,0.4563630223274231,31.4731502532959,0.004689982160925865,5.784043788909912,0.0,0.43889978528022766,0.4563630223274231,31.4731502532959
1492,199928,40000,7.323503017425537,9.634415619075298e-05,0.007691013626754284,7.315715789794922,0.00722402473911643,6.593313217163086,0.0,0.446670264005661,0.47103458642959595,32.03315734863281,0.00722402473911643,6.593313217163086,0.0,0.446670264005661,0.47103458642959595,32.03315734863281
1493,200062,40000,6.554473876953125,0.00014028005534783006,0.0063930475153028965,6.547940731048584,0.00041590945329517126,6.506349563598633,0.0,0.41970089077949524,0.40527111291885376,30.882062911987305,0.00041590945329517126,6.506349563598633,0.0,0.41970089077949524,0.40527111291885376,30.882062911987305
1494,200196,40000,5.011873245239258,8.662093750899658e-05,0.00826338678598404,5.003523349761963,0.006121629383414984,4.391360282897949,0.0,0.4453558921813965,0.46375322341918945,32.394371032714844,0.006121629383414984,4.391360282897949,0.0,0.4453558921813965,0.46375322341918945,32.394371032714844
1495,200330,40000,5.976215362548828,0.0001784749183570966,0.006113403011113405,5.969923496246338,0.0026045027188956738,5.709473133087158,0.0,0.42908984422683716,0.44193190336227417,30.950929641723633,0.0026045027188956738,5.709473133087158,0.0,0.42908984422683716,0.44193190336227417,30.950929641723633
1496,200464,40000,7.9892144203186035,0.0006381960702128708,0.00706053851172328,7.981515884399414,0.004934196826070547,7.488096237182617,0.0,0.43940865993499756,0.45814770460128784,31.55264663696289,0.004934196826070547,7.488096237182617,0.0,0.43940865993499756,0.45814770460128784,31.55264663696289
1497,200598,40000,5.693735122680664,0.00035391084384173155,0.0074991025030612946,5.685882091522217,0.003421827917918563,5.3436994552612305,0.0,0.4412265419960022,0.44149941205978394,31.2710018157959,0.003421827917918563,5.3436994552612305,0.0,0.4412265419960022,0.44149941205978394,31.2710018157959
1498,200732,40000,5.0518317222595215,0.00013301585568115115,0.007804559078067541,5.043894290924072,0.0033484315499663353,4.709051132202148,0.0,0.4362432360649109,0.44510942697525024,31.755590438842773,0.0033484315499663353,4.709051132202148,0.0,0.4362432360649109,0.44510942697525024,31.755590438842773
1499,200866,40000,7.350095748901367,0.0001932375889737159,0.007574161514639854,7.3423285484313965,0.0018909326754510403,7.15323543548584,0.0,0.4253060519695282,0.43536293506622314,30.89032745361328,0.0018909326754510403,7.15323543548584,0.0,0.4253060519695282,0.43536293506622314,30.89032745361328
1500,201000,40000,5.249539852142334,9.057604620466009e-05,0.0060976846143603325,5.243351459503174,0.003438867162913084,4.8994646072387695,0.0,0.43944838643074036,0.44339001178741455,31.731422424316406,0.003438867162913084,4.8994646072387695,0.0,0.43944838643074036,0.44339001178741455,31.731422424316406
1501,201134,40000,6.282658576965332,0.00036905796150676906,0.007689354009926319,6.274600028991699,0.008081185631453991,5.4664812088012695,0.0,0.448192834854126,0.47588568925857544,32.78084182739258,0.008081185631453991,5.4664812088012695,0.0,0.448192834854126,0.47588568925857544,32.78084182739258
1502,201268,40000,5.842440128326416,7.956597255542874e-05,0.007958970963954926,5.834401607513428,0.0040691993199288845,5.427481651306152,0.0,0.4354049563407898,0.45306307077407837,31.280502319335938,0.0040691993199288845,5.427481651306152,0.0,0.4354049563407898,0.45306307077407837,31.280502319335938
1503,201402,40000,5.544897079467773,0.00013340757868718356,0.009120799601078033,5.535643100738525,0.0029427381232380867,5.241369247436523,0.0,0.4363553822040558,0.44026196002960205,31.815282821655273,0.0029427381232380867,5.241369247436523,0.0,0.4363553822040558,0.44026196002960205,31.815282821655273
1504,201536,40000,5.601433753967285,7.673653453821316e-05,0.008078661747276783,5.593278408050537,0.004348731134086847,5.158405303955078,0.0,0.43448856472969055,0.45620739459991455,31.494953155517578,0.004348731134086847,5.158405303955078,0.0,0.43448856472969055,0.45620739459991455,31.494953155517578
1505,201670,40000,6.373019218444824,8.8008790044114e-05,0.00769892567768693,6.365232467651367,0.004708993248641491,5.894333362579346,0.0,0.44340622425079346,0.4531497359275818,32.04533767700195,0.004708993248641491,5.894333362579346,0.0,0.44340622425079346,0.4531497359275818,32.04533767700195
1506,201804,40000,4.260256767272949,0.0001689271884970367,0.0066528902389109135,4.253435134887695,0.004703866317868233,3.783048391342163,0.0,0.4415538012981415,0.4545632600784302,31.804641723632812,0.004703866317868233,3.783048391342163,0.0,0.4415538012981415,0.4545632600784302,31.804641723632812
1507,201938,40000,4.533328056335449,0.00013938735355623066,0.007891015149652958,4.52529764175415,0.0012854412198066711,4.396753311157227,0.0,0.43039414286613464,0.4190167784690857,31.57160186767578,0.0012854412198066711,4.396753311157227,0.0,0.43039414286613464,0.4190167784690857,31.57160186767578
1508,202072,40000,5.47266149520874,0.000132343455334194,0.007404610048979521,5.465124607086182,0.004527261946350336,5.0123982429504395,0.0,0.4412868618965149,0.4531286954879761,32.219913482666016,0.004527261946350336,5.0123982429504395,0.0,0.4412868618965149,0.4531286954879761,32.219913482666016
1509,202206,40000,9.293438911437988,0.00021246196411084384,0.007249471731483936,9.285977363586426,5.2072693506488577e-05,9.280770301818848,0.0,0.40708479285240173,0.39862942695617676,29.64605140686035,5.2072693506488577e-05,9.280770301818848,0.0,0.40708479285240173,0.39862942695617676,29.64605140686035
1510,202340,40000,9.147315979003906,0.00012865147436968982,0.0075745717622339725,9.139613151550293,0.01006250362843275,8.133362770080566,0.0,0.4590438902378082,0.4810945391654968,33.5244026184082,0.01006250362843275,8.133362770080566,0.0,0.4590438902378082,0.4810945391654968,33.5244026184082
1511,202474,40000,6.2666215896606445,0.00012129532115068287,0.0069443900138139725,6.259555816650391,0.005331139080226421,5.726441860198975,0.0,0.4402563273906708,0.4609144330024719,31.822961807250977,0.005331139080226421,5.726441860198975,0.0,0.4402563273906708,0.4609144330024719,31.822961807250977
1512,202608,40000,6.885070323944092,0.00011280560283921659,0.008906472474336624,6.87605094909668,0.005069512873888016,6.3690996170043945,0.0,0.43851438164711,0.45988452434539795,31.588560104370117,0.005069512873888016,6.3690996170043945,0.0,0.43851438164711,0.45988452434539795,31.588560104370117
1513,202742,40000,8.671012878417969,0.0001942136004799977,0.006609051954001188,8.664209365844727,0.0026949397288262844,8.394715309143066,0.0,0.4184744358062744,0.44851428270339966,30.108362197875977,0.0026949397288262844,8.394715309143066,0.0,0.4184744358062744,0.44851428270339966,30.108362197875977
1514,202876,40000,8.557848930358887,9.56813819357194e-05,0.009196250699460506,8.54855728149414,0.0019018606981262565,8.358370780944824,0.0,0.41937902569770813,0.439068078994751,30.200721740722656,0.0019018606981262565,8.358370780944824,0.0,0.41937902569770813,0.439068078994751,30.200721740722656
1515,203010,40000,7.584908962249756,8.1869940913748e-05,0.004225094802677631,7.580602169036865,0.00605962797999382,6.974639415740967,0.0,0.45140159130096436,0.45845943689346313,32.26252746582031,0.00605962797999382,6.974639415740967,0.0,0.45140159130096436,0.45845943689346313,32.26252746582031
1516,203144,40000,5.59797477722168,9.806590242078528e-05,0.006169974338263273,5.5917067527771,0.0033402908593416214,5.2576775550842285,0.0,0.433292031288147,0.447243332862854,31.276256561279297,0.0033402908593416214,5.2576775550842285,0.0,0.433292031288147,0.447243332862854,31.276256561279297
1517,203278,40000,5.17434549331665,0.00013364946062210947,0.005807535257190466,5.1684041023254395,0.001321364426985383,5.0362677574157715,0.0,0.4305703043937683,0.4196677803993225,31.058095932006836,0.001321364426985383,5.0362677574157715,0.0,0.4305703043937683,0.4196677803993225,31.058095932006836
1518,203412,40000,7.854201316833496,0.00011794721649494022,0.0075238835997879505,7.846559524536133,0.005080265458673239,7.3385329246521,0.0,0.4441698491573334,0.4559400677680969,32.48760986328125,0.005080265458673239,7.3385329246521,0.0,0.4441698491573334,0.4559400677680969,32.48760986328125
1519,203546,40000,6.509384632110596,8.21284411358647e-05,0.00856055412441492,6.500741958618164,0.00711155915632844,5.789586067199707,0.0,0.44222575426101685,0.47299689054489136,32.207977294921875,0.00711155915632844,5.789586067199707,0.0,0.44222575426101685,0.47299689054489136,32.207977294921875
1520,203680,40000,6.008164405822754,9.758477244758978e-05,0.006528031080961227,6.0015387535095215,0.005577197298407555,5.443819046020508,0.0,0.4437505006790161,0.46052348613739014,32.28693771362305,0.005577197298407555,5.443819046020508,0.0,0.4437505006790161,0.46052348613739014,32.28693771362305
1521,203814,40000,7.53220272064209,0.00010382131586084142,0.0053625935688614845,7.526736259460449,0.008026259019970894,6.724110126495361,0.0,0.4467216432094574,0.47644180059432983,32.04426193237305,0.008026259019970894,6.724110126495361,0.0,0.4467216432094574,0.47644180059432983,32.04426193237305
1522,203948,40000,8.098844528198242,0.00021184123761486262,0.008177441544830799,8.090455055236816,0.007534785196185112,7.336976528167725,0.0,0.45090681314468384,0.47030848264694214,32.87178421020508,0.007534785196185112,7.336976528167725,0.0,0.45090681314468384,0.47030848264694214,32.87178421020508
1523,204082,40000,5.259135723114014,8.163091843016446e-05,0.007910575717687607,5.251143455505371,0.005683409981429577,4.682802200317383,0.0,0.43665698170661926,0.4658762216567993,31.212488174438477,0.005683409981429577,4.682802200317383,0.0,0.43665698170661926,0.4658762216567993,31.212488174438477
1524,204216,40000,6.811580657958984,0.00019943495863117278,0.012061292305588722,6.799319744110107,0.008376085199415684,5.961711406707764,0.0,0.4503108263015747,0.4764519929885864,32.675018310546875,0.008376085199415684,5.961711406707764,0.0,0.4503108263015747,0.4764519929885864,32.675018310546875
1525,204350,40000,7.48013973236084,8.666659414302558e-05,0.008520537987351418,7.471532344818115,0.004273253493010998,7.0442070960998535,0.0,0.43127790093421936,0.4574016332626343,31.270702362060547,0.004273253493010998,7.0442070960998535,0.0,0.43127790093421936,0.4574016332626343,31.270702362060547
1526,204484,40000,5.992913246154785,7.554217154392973e-05,0.00590146891772747,5.986936092376709,0.006009941920638084,5.385941982269287,0.0,0.4446541666984558,0.46337151527404785,32.045589447021484,0.006009941920638084,5.385941982269287,0.0,0.4446541666984558,0.46337151527404785,32.045589447021484
1527,204618,40000,6.5696539878845215,0.00027125366614200175,0.006479420233517885,6.56290340423584,0.006776498630642891,5.885253429412842,0.0,0.44607385993003845,0.46821802854537964,31.796239852905273,0.006776498630642891,5.885253429412842,0.0,0.44607385993003845,0.46821802854537964,31.796239852905273
1528,204752,40000,5.358467102050781,0.0001256204559467733,0.007992137223482132,5.350349426269531,0.00376131571829319,4.974217891693115,0.0,0.42989903688430786,0.45354777574539185,30.732643127441406,0.00376131571829319,4.974217891693115,0.0,0.42989903688430786,0.45354777574539185,30.732643127441406
1529,204886,40000,4.049804210662842,7.993705366970971e-05,0.008328150026500225,4.041396141052246,0.002288887510076165,3.812507390975952,0.0,0.43464142084121704,0.4329978823661804,31.127382278442383,0.002288887510076165,3.812507390975952,0.0,0.43464142084121704,0.4329978823661804,31.127382278442383
1530,205020,40000,10.45128059387207,9.146298543782905e-05,0.01015816256403923,10.441030502319336,0.0018147395458072424,10.259556770324707,0.0,0.41898614168167114,0.4381348490715027,29.905366897583008,0.0018147395458072424,10.259556770324707,0.0,0.41898614168167114,0.4381348490715027,29.905366897583008
1531,205154,40000,6.132971286773682,9.775388025445864e-05,0.006122993770986795,6.126750469207764,0.0021492894738912582,5.911821365356445,0.0,0.4322263300418854,0.43332797288894653,30.626638412475586,0.0021492894738912582,5.911821365356445,0.0,0.4322263300418854,0.43332797288894653,30.626638412475586
1532,205288,40000,6.005558967590332,7.411369006149471e-05,0.009050313383340836,5.996434688568115,0.006070996169000864,5.3893351554870605,0.0,0.4402329921722412,0.46672558784484863,31.42656707763672,0.006070996169000864,5.3893351554870605,0.0,0.4402329921722412,0.46672558784484863,31.42656707763672
1533,205422,40000,7.3474202156066895,0.00010077341721625999,0.008936484344303608,7.338382720947266,0.009671080857515335,6.371274471282959,0.0,0.45533624291419983,0.481295645236969,32.818092346191406,0.009671080857515335,6.371274471282959,0.0,0.45533624291419983,0.481295645236969,32.818092346191406
1534,205556,40000,7.11142635345459,9.527112706564367e-05,0.006579183507710695,7.104752063751221,0.004144255071878433,6.690326690673828,0.0,0.4526926875114441,0.4369829297065735,32.62133026123047,0.004144255071878433,6.690326690673828,0.0,0.4526926875114441,0.4369829297065735,32.62133026123047
1535,205690,40000,5.354714393615723,0.0002639818121679127,0.005336751230061054,5.349113464355469,0.003824457759037614,4.966667652130127,0.0,0.4341352880001068,0.4515678286552429,30.836715698242188,0.003824457759037614,4.966667652130127,0.0,0.4341352880001068,0.4515678286552429,30.836715698242188
1536,205824,40000,7.9402289390563965,9.507593495072797e-05,0.0074576158076524734,7.932676315307617,0.006153099704533815,7.317366123199463,0.0,0.45373931527137756,0.45714181661605835,32.97031784057617,0.006153099704533815,7.317366123199463,0.0,0.45373931527137756,0.45714181661605835,32.97031784057617
1537,205958,40000,6.864207744598389,0.00013559778744820505,0.00844503752887249,6.855627059936523,0.005032011307775974,6.352426052093506,0.0,0.44214674830436707,0.4570584297180176,32.39636993408203,0.005032011307775974,6.352426052093506,0.0,0.44214674830436707,0.4570584297180176,32.39636993408203
1538,206092,40000,5.229781150817871,9.453166421735659e-05,0.007428765296936035,5.2222580909729,0.006277388893067837,4.594519138336182,0.0,0.45466750860214233,0.4573485255241394,32.15923309326172,0.006277388893067837,4.594519138336182,0.0,0.45466750860214233,0.4573485255241394,32.15923309326172
1539,206226,40000,4.458955764770508,0.00022336594702210277,0.009225942194461823,4.4495062828063965,0.004313015379011631,4.018204689025879,0.0,0.4362858235836029,0.454738974571228,31.80059814453125,0.004313015379011631,4.018204689025879,0.0,0.4362858235836029,0.454738974571228,31.80059814453125
1540,206360,40000,4.5978875160217285,9.495518315816298e-05,0.006467154249548912,4.591325283050537,0.0020381298381835222,4.38751220703125,0.0,0.4232581555843353,0.4386935234069824,31.185710906982422,0.0020381298381835222,4.38751220703125,0.0,0.4232581555843353,0.4386935234069824,31.185710906982422
1541,206494,40000,7.903158664703369,0.00014099408872425556,0.007695802487432957,7.895321846008301,0.007359215058386326,7.159400463104248,0.0,0.44618716835975647,0.4722908139228821,32.447967529296875,0.007359215058386326,7.159400463104248,0.0,0.44618716835975647,0.4722908139228821,32.447967529296875
1542,206628,40000,6.09696626663208,0.00019741313008125871,0.0062707155011594296,6.090497970581055,0.0039109131321311,5.699406623840332,0.0,0.42389461398124695,0.45779240131378174,31.1676025390625,0.0039109131321311,5.699406623840332,0.0,0.42389461398124695,0.45779240131378174,31.1676025390625
1543,206762,40000,11.370223999023438,9.658623457653448e-05,0.00982013251632452,11.360307693481445,0.010363463312387466,10.32396125793457,0.0,0.46340709924697876,0.47964298725128174,33.608768463134766,0.010363463312387466,10.32396125793457,0.0,0.46340709924697876,0.47964298725128174,33.608768463134766
1544,206896,40000,4.655735015869141,7.410535909002647e-05,0.006988599430769682,4.648672103881836,0.00469258613884449,4.179413318634033,0.0,0.4421365261077881,0.4540101885795593,31.889301300048828,0.00469258613884449,4.179413318634033,0.0,0.4421365261077881,0.4540101885795593,31.889301300048828
1545,207030,40000,6.425152778625488,0.00011110552441095933,0.007353467401117086,6.417688369750977,0.004878879524767399,5.929800510406494,0.0,0.43641671538352966,0.45960456132888794,31.578157424926758,0.004878879524767399,5.929800510406494,0.0,0.43641671538352966,0.45960456132888794,31.578157424926758
1546,207164,40000,4.218173503875732,0.00010829887469299138,0.00768675934523344,4.210378646850586,0.0026889473665505648,3.941483736038208,0.0,0.42842403054237366,0.4433707594871521,30.930421829223633,0.0026889473665505648,3.941483736038208,0.0,0.42842403054237366,0.4433707594871521,30.930421829223633
1547,207298,40000,5.520903587341309,9.696634515421465e-05,0.009256664663553238,5.511549949645996,0.005365698132663965,4.974979877471924,0.0,0.44852709770202637,0.45487093925476074,32.124549865722656,0.005365698132663965,4.974979877471924,0.0,0.44852709770202637,0.45487093925476074,32.124549865722656
1548,207432,40000,5.392136096954346,0.00010789549560286105,0.005216051358729601,5.386812210083008,0.005986131727695465,4.788198947906494,0.0,0.4487451910972595,0.46008360385894775,31.875656127929688,0.005986131727695465,4.788198947906494,0.0,0.4487451910972595,0.46008360385894775,31.875656127929688
1549,207566,40000,5.053264617919922,0.00011823716340586543,0.006094229407608509,5.047052383422852,0.0017040170496329665,4.876650810241699,0.0,0.43277591466903687,0.42509496212005615,31.087940216064453,0.0017040170496329665,4.876650810241699,0.0,0.43277591466903687,0.42509496212005615,31.087940216064453
1550,207700,40000,6.511912822723389,6.559342000400648e-05,0.00623380858451128,6.505613327026367,0.005532669834792614,5.952346324920654,0.0,0.4408934414386749,0.4621320962905884,31.883459091186523,0.005532669834792614,5.952346324920654,0.0,0.4408934414386749,0.4621320962905884,31.883459091186523
1551,207834,40000,5.5300092697143555,9.514594421489164e-05,0.005383551120758057,5.524530410766602,0.0038511783350259066,5.1394124031066895,0.0,0.43621373176574707,0.4503958821296692,31.39089584350586,0.0038511783350259066,5.1394124031066895,0.0,0.43621373176574707,0.4503958821296692,31.39089584350586
1552,207968,40000,6.160247802734375,9.184140071738511e-05,0.007032373454421759,6.153123378753662,0.0049677323549985886,5.656350135803223,0.0,0.43966910243034363,0.45825886726379395,32.45075607299805,0.0049677323549985886,5.656350135803223,0.0,0.43966910243034363,0.45825886726379395,32.45075607299805
1553,208102,40000,6.5408782958984375,0.00011104098666692153,0.008839813061058521,6.531927585601807,0.007219482678920031,5.809979438781738,0.0,0.4477073550224304,0.4703099727630615,33.28911590576172,0.007219482678920031,5.809979438781738,0.0,0.4477073550224304,0.4703099727630615,33.28911590576172
1554,208236,40000,8.252806663513184,0.00015601346967741847,0.007643559947609901,8.245007514953613,0.0010823928751051426,8.136768341064453,0.0,0.4161006808280945,0.4286907911300659,29.97784423828125,0.0010823928751051426,8.136768341064453,0.0,0.4161006808280945,0.4286907911300659,29.97784423828125
1555,208370,40000,6.123978614807129,8.718315802980214e-05,0.008528640493750572,6.115362644195557,0.0018351710168644786,5.931845664978027,0.0,0.4204551875591278,0.43763983249664307,30.873998641967773,0.0018351710168644786,5.931845664978027,0.0,0.4204551875591278,0.43763983249664307,30.873998641967773
1556,208504,40000,5.942283630371094,8.371677540708333e-05,0.005525602027773857,5.936674118041992,0.00462740333750844,5.473933696746826,0.0,0.4392852187156677,0.4555344581604004,32.016658782958984,0.00462740333750844,5.473933696746826,0.0,0.4392852187156677,0.4555344581604004,32.016658782958984
1557,208638,40000,5.759291648864746,0.00042220219620503485,0.008499966003000736,5.750369548797607,0.004628343041986227,5.287535190582275,0.0,0.4395030736923218,0.4553881883621216,31.744640350341797,0.004628343041986227,5.287535190582275,0.0,0.4395030736923218,0.4553881883621216,31.744640350341797
1558,208772,40000,8.835390090942383,0.00012374776997603476,0.006705166306346655,8.828560829162598,0.00214856187812984,8.613704681396484,0.0,0.42225539684295654,0.440660297870636,30.12887954711914,0.00214856187812984,8.613704681396484,0.0,0.42225539684295654,0.440660297870636,30.12887954711914
1559,208906,40000,6.342301368713379,0.00015191183774732053,0.005419685039669275,6.336730003356934,0.008549090474843979,5.481821060180664,0.0,0.4553371071815491,0.474073588848114,32.50373840332031,0.008549090474843979,5.481821060180664,0.0,0.4553371071815491,0.474073588848114,32.50373840332031
1560,209040,40000,7.361097812652588,6.835554086137563e-05,0.006821257993578911,7.354207992553711,0.008820123039186,6.472195625305176,0.0,0.4519253075122833,0.4782552719116211,32.303253173828125,0.008820123039186,6.472195625305176,0.0,0.4519253075122833,0.4782552719116211,32.303253173828125
1561,209174,40000,5.630305290222168,0.00010277623368892819,0.006992937531322241,5.623209476470947,0.005657238885760307,5.057485580444336,0.0,0.4471639096736908,0.45859014987945557,32.76665115356445,0.005657238885760307,5.057485580444336,0.0,0.4471639096736908,0.45859014987945557,32.76665115356445
1562,209308,40000,5.949676036834717,0.00017708264931570739,0.008230840787291527,5.941267967224121,0.0010262345895171165,5.838644504547119,0.0,0.42171379923820496,0.4235530495643616,30.641357421875,0.0010262345895171165,5.838644504547119,0.0,0.42171379923820496,0.4235530495643616,30.641357421875
1563,209442,40000,4.7619524002075195,8.233192056650296e-05,0.008537794463336468,4.753332138061523,0.005979904904961586,4.155341625213623,0.0,0.44809842109680176,0.4605512022972107,32.454322814941406,0.005979904904961586,4.155341625213623,0.0,0.44809842109680176,0.4605512022972107,32.454322814941406
1564,209576,40000,5.122586727142334,0.0001106390482163988,0.008090432733297348,5.114385604858398,0.0018901609582826495,4.925369739532471,0.0,0.432716965675354,0.4286314845085144,31.43151092529297,0.0018901609582826495,4.925369739532471,0.0,0.432716965675354,0.4286314845085144,31.43151092529297
1565,209710,40000,5.3476738929748535,0.0001225024607265368,0.007008206099271774,5.340543270111084,0.0052111768163740635,4.819425582885742,0.0,0.44150158762931824,0.4590660333633423,31.07852554321289,0.0052111768163740635,4.819425582885742,0.0,0.44150158762931824,0.4590660333633423,31.07852554321289
1566,209844,40000,9.116857528686523,8.469122258247808e-05,0.005585860460996628,9.111186981201172,0.00020935294742230326,9.090251922607422,0.0,0.4139939844608307,0.40367716550827026,29.78473472595215,0.00020935294742230326,9.090251922607422,0.0,0.4139939844608307,0.40367716550827026,29.78473472595215
1567,209978,40000,9.110014915466309,0.00011471688776509836,0.006737176328897476,9.10316276550293,0.00020211869559716433,9.082950592041016,0.0,0.41275346279144287,0.40628236532211304,29.7305908203125,0.00020211869559716433,9.082950592041016,0.0,0.41275346279144287,0.40628236532211304,29.7305908203125
1568,210112,40000,6.740859031677246,7.894486043369398e-05,0.005680235568434,6.735099792480469,0.005719373002648354,6.163162708282471,0.0,0.4372420012950897,0.4658210277557373,32.04936218261719,0.005719373002648354,6.163162708282471,0.0,0.4372420012950897,0.4658210277557373,32.04936218261719
1569,210246,40000,7.628139972686768,0.00013701675925403833,0.006241991650313139,7.621760845184326,0.004430938512086868,7.178667068481445,0.0,0.43491727113723755,0.4566720724105835,31.984519958496094,0.004430938512086868,7.178667068481445,0.0,0.43491727113723755,0.4566720724105835,31.984519958496094
1570,210380,40000,6.773919582366943,0.00012541687465272844,0.00872068665921688,6.765073299407959,0.0015045171603560448,6.614621639251709,0.0,0.42484065890312195,0.4297902584075928,30.885927200317383,0.0015045171603560448,6.614621639251709,0.0,0.42484065890312195,0.4297902584075928,30.885927200317383
1571,210514,40000,5.537336826324463,0.00017610819486435503,0.006721514277160168,5.530439376831055,0.004740731790661812,5.056366443634033,0.0,0.4340265989303589,0.4598575234413147,31.342073440551758,0.004740731790661812,5.056366443634033,0.0,0.4340265989303589,0.4598575234413147,31.342073440551758
1572,210648,40000,7.660758018493652,7.202731649158522e-05,0.006650642026215792,7.654035568237305,0.001944141462445259,7.459621429443359,0.0,0.42731890082359314,0.4346095323562622,30.491596221923828,0.001944141462445259,7.459621429443359,0.0,0.42731890082359314,0.4346095323562622,30.491596221923828
1573,210782,40000,4.6899733543396,0.00027482453151606023,0.008083588443696499,4.681614875793457,0.0032671289518475533,4.3549017906188965,0.0,0.42373552918434143,0.45199763774871826,31.255517959594727,0.0032671289518475533,4.3549017906188965,0.0,0.42373552918434143,0.45199763774871826,31.255517959594727
1574,210916,40000,4.717248916625977,0.00014192009984981269,0.006393745541572571,4.7107133865356445,0.0027327784337103367,4.437435626983643,0.0,0.42811667919158936,0.4440707564353943,31.125659942626953,0.0027327784337103367,4.437435626983643,0.0,0.42811667919158936,0.4440707564353943,31.125659942626953
1575,211050,40000,6.033018112182617,0.00020528949971776456,0.007236625999212265,6.025576114654541,0.0035941177047789097,5.666164398193359,0.0,0.430169939994812,0.45180630683898926,31.566059112548828,0.0035941177047789097,5.666164398193359,0.0,0.430169939994812,0.45180630683898926,31.566059112548828
1576,211184,40000,33.51847839355469,0.0001961422967724502,0.00715004513040185,33.511131286621094,0.0010333895916119218,33.40779113769531,0.0,0.36949053406715393,0.41012728214263916,26.520017623901367,0.0010333895916119218,33.40779113769531,0.0,0.36949053406715393,0.41012728214263916,26.520017623901367
1577,211318,40000,7.087897300720215,8.594900282332674e-05,0.006993620190769434,7.080817699432373,0.000450513674877584,7.035766124725342,0.0,0.41928979754447937,0.4088553786277771,30.060321807861328,0.000450513674877584,7.035766124725342,0.0,0.41928979754447937,0.4088553786277771,30.060321807861328
1578,211452,40000,5.693598747253418,0.00012235170288477093,0.01022304780781269,5.683253288269043,0.0026535624638199806,5.4178972244262695,0.0,0.4337478280067444,0.43891847133636475,31.715503692626953,0.0026535624638199806,5.4178972244262695,0.0,0.4337478280067444,0.43891847133636475,31.715503692626953
1579,211586,40000,8.51898193359375,0.00015376646479126066,0.008937116712331772,8.509891510009766,0.0068417880684137344,7.82571268081665,0.0,0.45318540930747986,0.46334904432296753,32.98904800415039,0.0068417880684137344,7.82571268081665,0.0,0.45318540930747986,0.46334904432296753,32.98904800415039
1580,211720,40000,8.683753967285156,0.00012885808246210217,0.007728859782218933,8.675896644592285,0.005369873717427254,8.138909339904785,0.0,0.4464603364467621,0.4566684365272522,32.60966873168945,0.005369873717427254,8.138909339904785,0.0,0.4464603364467621,0.4566684365272522,32.60966873168945
1581,211854,40000,5.470053195953369,8.18075131974183e-05,0.006403808016330004,5.463567733764648,0.003539904486387968,5.109577178955078,0.0,0.4402036964893341,0.4438585042953491,31.848615646362305,0.003539904486387968,5.109577178955078,0.0,0.4402036964893341,0.4438585042953491,31.848615646362305
1582,211988,40000,7.352737903594971,8.080940460786223e-05,0.008400297723710537,7.34425687789917,0.006441568955779076,6.700099945068359,0.0,0.4474925696849823,0.46469950675964355,32.513248443603516,0.006441568955779076,6.700099945068359,0.0,0.4474925696849823,0.46469950675964355,32.513248443603516
1583,212122,40000,5.919480323791504,0.00010462929640198126,0.009450034238398075,5.90992546081543,0.0023757475428283215,5.672350883483887,0.0,0.4267617464065552,0.44073766469955444,31.076845169067383,0.0023757475428283215,5.672350883483887,0.0,0.4267617464065552,0.44073766469955444,31.076845169067383
1584,212256,40000,6.010969161987305,9.476891136728227e-05,0.006790801417082548,6.004083633422852,0.005251622758805752,5.478921413421631,0.0,0.43470150232315063,0.4636194109916687,31.598827362060547,0.005251622758805752,5.478921413421631,0.0,0.43470150232315063,0.4636194109916687,31.598827362060547
1585,212390,40000,6.268489360809326,0.0001262828300241381,0.007060400675982237,6.261302471160889,0.0026683006435632706,5.994472503662109,0.0,0.42195942997932434,0.446755588054657,30.748266220092773,0.0026683006435632706,5.994472503662109,0.0,0.42195942997932434,0.446755588054657,30.748266220092773
1586,212524,40000,4.789376735687256,0.0002743397781159729,0.00635388121008873,4.782748699188232,0.004990798886865377,4.2836689949035645,0.0,0.4353446960449219,0.46116822957992554,31.34494400024414,0.004990798886865377,4.2836689949035645,0.0,0.4353446960449219,0.46116822957992554,31.34494400024414
1587,212658,40000,7.431748867034912,0.0001179200189653784,0.0072363195940852165,7.424394607543945,0.007628371939063072,6.661557674407959,0.0,0.4492088258266449,0.47215861082077026,32.726234436035156,0.007628371939063072,6.661557674407959,0.0,0.4492088258266449,0.47215861082077026,32.726234436035156
1588,212792,40000,5.680943012237549,8.086646266747266e-05,0.007913479581475258,5.672948837280273,0.002067863941192627,5.46616268157959,0.0,0.42097267508506775,0.44034862518310547,31.398191452026367,0.002067863941192627,5.46616268157959,0.0,0.42097267508506775,0.44034862518310547,31.398191452026367
1589,212926,40000,4.913906097412109,9.852069342741743e-05,0.00715101882815361,4.906656742095947,0.0013036041054874659,4.776296138763428,0.0,0.4251226782798767,0.42593175172805786,31.152816772460938,0.0013036041054874659,4.776296138763428,0.0,0.4251226782798767,0.42593175172805786,31.152816772460938
1590,213060,40000,5.892260551452637,9.166470408672467e-05,0.0071220677345991135,5.88504695892334,0.004831078927963972,5.4019389152526855,0.0,0.4370996654033661,0.45877665281295776,32.166019439697266,0.004831078927963972,5.4019389152526855,0.0,0.4370996654033661,0.45877665281295776,32.166019439697266
1591,213194,40000,5.828639507293701,7.057392213027924e-05,0.0056658643297851086,5.822903156280518,0.0010278024710714817,5.720122814178467,0.0,0.42675796151161194,0.417658269405365,30.985742568969727,0.0010278024710714817,5.720122814178467,0.0,0.42675796151161194,0.417658269405365,30.985742568969727
1592,213328,40000,5.393221378326416,0.00015412694483529776,0.00929816160351038,5.3837690353393555,0.007324003614485264,4.651368618011475,0.0,0.44553035497665405,0.4724637269973755,32.22502136230469,0.007324003614485264,4.651368618011475,0.0,0.44553035497665405,0.4724637269973755,32.22502136230469
1593,213462,40000,4.476935386657715,0.00040060310857370496,0.005013289395719767,4.471521377563477,0.0016138509381562471,4.310136318206787,0.0,0.4298419952392578,0.4268943667411804,31.19491958618164,0.0016138509381562471,4.310136318206787,0.0,0.4298419952392578,0.4268943667411804,31.19491958618164
1594,213596,40000,6.583816051483154,0.00028238247614353895,0.006711965426802635,6.576821804046631,0.004699910990893841,6.106830596923828,0.0,0.43976524472236633,0.4558447599411011,31.840822219848633,0.004699910990893841,6.106830596923828,0.0,0.43976524472236633,0.4558447599411011,31.840822219848633
1595,213730,40000,5.498148441314697,0.00017404234677087516,0.009578840807080269,5.488395690917969,0.005330451298505068,4.955350399017334,0.0,0.4344097375869751,0.4643927216529846,31.991811752319336,0.005330451298505068,4.955350399017334,0.0,0.4344097375869751,0.4643927216529846,31.991811752319336
1596,213864,40000,7.514943599700928,0.00021716307674068958,0.008069628849625587,7.506656646728516,0.001160879503004253,7.390568733215332,0.0,0.41387996077537537,0.43111634254455566,29.995075225830078,0.001160879503004253,7.390568733215332,0.0,0.41387996077537537,0.43111634254455566,29.995075225830078
1597,213998,40000,4.992589473724365,0.00019861165492329746,0.006608311552554369,4.985782623291016,0.003391331061720848,4.646649360656738,0.0,0.43778088688850403,0.4443163275718689,32.041019439697266,0.003391331061720848,4.646649360656738,0.0,0.43778088688850403,0.4443163275718689,32.041019439697266
1598,214132,40000,9.482465744018555,0.00022422541223932058,0.006790041457861662,9.475451469421387,0.0005031990585848689,9.425131797790527,0.0,0.4113364517688751,0.4193567633628845,30.029830932617188,0.0005031990585848689,9.425131797790527,0.0,0.4113364517688751,0.4193567633628845,30.029830932617188
1599,214266,40000,5.782395362854004,8.85649787960574e-05,0.005548413842916489,5.776758193969727,0.002502339892089367,5.526524066925049,0.0,0.43556827306747437,0.4351744055747986,32.08641052246094,0.002502339892089367,5.526524066925049,0.0,0.43556827306747437,0.4351744055747986,32.08641052246094
1600,214400,40000,6.1400556564331055,0.0002453029446769506,0.007873116061091423,6.131937026977539,0.004705139435827732,5.661423206329346,0.0,0.4418325424194336,0.45436155796051025,32.07274627685547,0.004705139435827732,5.661423206329346,0.0,0.4418325424194336,0.45436155796051025,32.07274627685547
1601,214534,40000,6.528088092803955,0.0004305410839151591,0.005509853363037109,6.5221476554870605,0.0037735640071332455,6.144791126251221,0.0,0.4394432306289673,0.44709348678588867,31.75497055053711,0.0037735640071332455,6.144791126251221,0.0,0.4394432306289673,0.44709348678588867,31.75497055053711
1602,214668,40000,6.403110504150391,0.0001175947836600244,0.008209416642785072,6.3947834968566895,0.0005626025376841426,6.3385233879089355,0.0,0.4185040295124054,0.4148392677307129,30.704530715942383,0.0005626025376841426,6.3385233879089355,0.0,0.4185040295124054,0.4148392677307129,30.704530715942383
1603,214802,40000,6.59647274017334,0.00010470853158039972,0.010230227373540401,6.586137771606445,0.007713203318417072,5.814817428588867,0.0,0.45392319560050964,0.46932166814804077,32.522064208984375,0.007713203318417072,5.814817428588867,0.0,0.45392319560050964,0.46932166814804077,32.522064208984375
1604,214936,40000,6.700558185577393,8.465084101771936e-05,0.007962841540575027,6.692510604858398,0.008054950274527073,5.887015342712402,0.0,0.44999638199806213,0.47453397512435913,32.310691833496094,0.008054950274527073,5.887015342712402,0.0,0.44999638199806213,0.47453397512435913,32.310691833496094
1605,215070,40000,6.4923319816589355,9.097740257857367e-05,0.006967972032725811,6.4852728843688965,0.003117209766060114,6.1735520362854,0.0,0.43163466453552246,0.4460049867630005,31.340839385986328,0.003117209766060114,6.1735520362854,0.0,0.43163466453552246,0.4460049867630005,31.340839385986328
1606,215204,40000,6.099087715148926,7.546374399680644e-05,0.006233823951333761,6.092778205871582,0.0008188568172045052,6.010892391204834,0.0,0.42149361968040466,0.4188913106918335,30.967514038085938,0.0008188568172045052,6.010892391204834,0.0,0.42149361968040466,0.4188913106918335,30.967514038085938
1607,215338,40000,5.9297709465026855,0.00019981175137218088,0.007472287863492966,5.922098636627197,0.0018579976167529821,5.73629903793335,0.0,0.4192483425140381,0.438568115234375,30.994665145874023,0.0018579976167529821,5.73629903793335,0.0,0.4192483425140381,0.438568115234375,30.994665145874023
1608,215472,40000,6.061234474182129,0.000197466928511858,0.006561232265084982,6.054475784301758,0.002300976077094674,5.82437801361084,0.0,0.4332941174507141,0.4345322847366333,31.171030044555664,0.002300976077094674,5.82437801361084,0.0,0.4332941174507141,0.4345322847366333,31.171030044555664
1609,215606,40000,11.20868968963623,9.558119927532971e-05,0.006980580743402243,11.201613426208496,0.011037820018827915,10.097831726074219,0.0,0.4637655019760132,0.4834972023963928,33.686912536621094,0.011037820018827915,10.097831726074219,0.0,0.4637655019760132,0.4834972023963928,33.686912536621094
1610,215740,40000,5.452548980712891,0.00011338618787704036,0.006892058998346329,5.4455437660217285,0.002737254137173295,5.171818256378174,0.0,0.43235573172569275,0.44111400842666626,31.3182373046875,0.002737254137173295,5.171818256378174,0.0,0.43235573172569275,0.44111400842666626,31.3182373046875
1611,215874,40000,5.113790988922119,0.00010663778812158853,0.00998181663453579,5.103702545166016,0.0018731490708887577,4.916387557983398,0.0,0.42564627528190613,0.4348628520965576,30.87590789794922,0.0018731490708887577,4.916387557983398,0.0,0.42564627528190613,0.4348628520965576,30.87590789794922
1612,216008,40000,3.9738657474517822,0.00012022897863062099,0.004831246100366116,3.968914270401001,0.003130578901618719,3.6558563709259033,0.0,0.4337380528450012,0.44463545083999634,31.57134437561035,0.003130578901618719,3.6558563709259033,0.0,0.4337380528450012,0.44463545083999634,31.57134437561035
1613,216142,40000,6.4792304039001465,0.00013639184180647135,0.006970997899770737,6.472123146057129,0.002351525239646435,6.2369704246521,0.0,0.4307248294353485,0.43751680850982666,30.65943145751953,0.002351525239646435,6.2369704246521,0.0,0.4307248294353485,0.43751680850982666,30.65943145751953
1614,216276,40000,4.979653358459473,0.00013140978990122676,0.0059069180861115456,4.9736151695251465,0.003375816624611616,4.636033535003662,0.0,0.43606436252593994,0.44555413722991943,31.614852905273438,0.003375816624611616,4.636033535003662,0.0,0.43606436252593994,0.44555413722991943,31.614852905273438
1615,216410,40000,7.56517219543457,0.00012908308417536318,0.0051618097350001335,7.559881210327148,0.007008822169154882,6.858999252319336,0.0,0.45000144839286804,0.46714669466018677,32.90243148803711,0.007008822169154882,6.858999252319336,0.0,0.45000144839286804,0.46714669466018677,32.90243148803711
1616,216544,40000,6.521069049835205,0.00013544841203838587,0.0072874510660767555,6.513646125793457,0.006193063221871853,5.894339561462402,0.0,0.4421566128730774,0.46645212173461914,32.30417251586914,0.006193063221871853,5.894339561462402,0.0,0.4421566128730774,0.46645212173461914,32.30417251586914
1617,216678,40000,6.905757427215576,7.519016799051315e-05,0.009847506880760193,6.895834922790527,0.005313878878951073,6.364447116851807,0.0,0.4454785883426666,0.4569699764251709,32.75847625732422,0.005313878878951073,6.364447116851807,0.0,0.4454785883426666,0.4569699764251709,32.75847625732422
1618,216812,40000,5.220396041870117,0.0001518945791758597,0.006230572238564491,5.214013576507568,0.0023903658147901297,4.974977016448975,0.0,0.4339125454425812,0.4352179765701294,31.364910125732422,0.0023903658147901297,4.974977016448975,0.0,0.4339125454425812,0.4352179765701294,31.364910125732422
1619,216946,40000,6.4910078048706055,0.00010395197023171932,0.007164669688791037,6.483739376068115,0.0016773665556684136,6.31600284576416,0.0,0.4230146110057831,0.4338776469230652,30.709693908691406,0.0016773665556684136,6.31600284576416,0.0,0.4230146110057831,0.4338776469230652,30.709693908691406
1620,217080,40000,6.141233444213867,0.00012018012785119936,0.004513788502663374,6.136599540710449,0.0006186362588778138,6.07473611831665,0.0,0.41840121150016785,0.41673415899276733,30.475820541381836,0.0006186362588778138,6.07473611831665,0.0,0.41840121150016785,0.41673415899276733,30.475820541381836
1621,217214,40000,7.58311653137207,0.00012269669969100505,0.007498926483094692,7.575494766235352,0.0019181064562872052,7.383684158325195,0.0,0.4157223105430603,0.440876841545105,30.048837661743164,0.0019181064562872052,7.383684158325195,0.0,0.4157223105430603,0.440876841545105,30.048837661743164
1622,217348,40000,4.768269062042236,0.00011055842333007604,0.008065209724009037,4.7600932121276855,0.0025404440239071846,4.506048679351807,0.0,0.4265637993812561,0.44283467531204224,31.09841537475586,0.0025404440239071846,4.506048679351807,0.0,0.4265637993812561,0.44283467531204224,31.09841537475586
1623,217482,40000,4.556979179382324,0.00011468143202364445,0.007614532019942999,4.54925012588501,0.004571061581373215,4.092144012451172,0.0,0.44488316774368286,0.4505624771118164,31.727262496948242,0.004571061581373215,4.092144012451172,0.0,0.44488316774368286,0.4505624771118164,31.727262496948242
1624,217616,40000,9.166133880615234,0.00021985969215165824,0.007569062057882547,9.158345222473145,0.011126047931611538,8.045740127563477,0.0,0.4601205587387085,0.48666930198669434,33.3919792175293,0.011126047931611538,8.045740127563477,0.0,0.4601205587387085,0.48666930198669434,33.3919792175293
1625,217750,40000,9.380369186401367,0.00011428547441028059,0.005615112371742725,9.374639511108398,0.002001749351620674,9.174464225769043,0.0,0.4088800847530365,0.4438508152961731,30.015426635742188,0.002001749351620674,9.174464225769043,0.0,0.4088800847530365,0.4438508152961731,30.015426635742188
1626,217884,40000,7.348944187164307,0.0007441593916155398,0.007068911101669073,7.341131210327148,0.003032408654689789,7.037890434265137,0.0,0.4318126142024994,0.4449484944343567,31.646421432495117,0.003032408654689789,7.037890434265137,0.0,0.4318126142024994,0.4449484944343567,31.646421432495117
1627,218018,40000,9.20657730102539,0.0001205745356855914,0.007022658362984657,9.199434280395508,0.005592125467956066,8.64022159576416,0.0,0.4425720274448395,0.46147966384887695,33.25908279418945,0.005592125467956066,8.64022159576416,0.0,0.4425720274448395,0.46147966384887695,33.25908279418945
1628,218152,40000,6.854955673217773,0.00010308739001629874,0.007039157673716545,6.847813606262207,0.0028911891859024763,6.558694839477539,0.0,0.43197113275527954,0.44323235750198364,31.525590896606445,0.0028911891859024763,6.558694839477539,0.0,0.43197113275527954,0.44323235750198364,31.525590896606445
1629,218286,40000,7.201083183288574,0.00010012451821239665,0.005384721327573061,7.195598125457764,0.0041397130116820335,6.7816267013549805,0.0,0.43313539028167725,0.45515215396881104,31.765857696533203,0.0041397130116820335,6.7816267013549805,0.0,0.43313539028167725,0.45515215396881104,31.765857696533203
1630,218420,40000,6.747946262359619,0.00041236638207919896,0.005811518058180809,6.741722583770752,0.0027214023284614086,6.469582557678223,0.0,0.43284353613853455,0.44053030014038086,31.737991333007812,0.0027214023284614086,6.469582557678223,0.0,0.43284353613853455,0.44053030014038086,31.737991333007812
1631,218554,40000,6.155282974243164,0.0002124251623172313,0.009715781547129154,6.145354747772217,0.0027236095629632473,5.8729939460754395,0.0,0.42335033416748047,0.44667303562164307,31.125690460205078,0.0027236095629632473,5.8729939460754395,0.0,0.42335033416748047,0.44667303562164307,31.125690460205078
1632,218688,40000,7.190913677215576,0.00014777336036786437,0.007528144866228104,7.183237552642822,0.0022106023970991373,6.962177276611328,0.0,0.42078861594200134,0.44217151403427124,30.234312057495117,0.0022106023970991373,6.962177276611328,0.0,0.42078861594200134,0.44217151403427124,30.234312057495117
1633,218822,40000,6.702780246734619,9.284222323913127e-05,0.007653716020286083,6.695033550262451,0.00626895809546113,6.0681376457214355,0.0,0.449102520942688,0.4621120095252991,32.696861267089844,0.00626895809546113,6.0681376457214355,0.0,0.449102520942688,0.4621120095252991,32.696861267089844
1634,218956,40000,5.832777500152588,7.023128273431212e-05,0.008140729740262032,5.82456636428833,0.006198853254318237,5.204680919647217,0.0,0.43813541531562805,0.46888065338134766,31.328706741333008,0.006198853254318237,5.204680919647217,0.0,0.43813541531562805,0.46888065338134766,31.328706741333008
1635,219090,40000,6.218153953552246,9.433726518182084e-05,0.00945056602358818,6.208609104156494,0.006410994101315737,5.567509651184082,0.0,0.44436725974082947,0.46665239334106445,32.18228530883789,0.006410994101315737,5.567509651184082,0.0,0.44436725974082947,0.46665239334106445,32.18228530883789
1636,219224,40000,5.106860160827637,0.00019022707419935614,0.009494095109403133,5.0971760749816895,0.0006805927841924131,5.029116630554199,0.0,0.42125147581100464,0.41513168811798096,31.00857162475586,0.0006805927841924131,5.029116630554199,0.0,0.42125147581100464,0.41513168811798096,31.00857162475586
1637,219358,40000,12.724349021911621,0.0004385199281387031,0.007681054063141346,12.716229438781738,0.010723443701863289,11.643884658813477,0.0,0.46323445439338684,0.48200517892837524,33.78423309326172,0.010723443701863289,11.643884658813477,0.0,0.46323445439338684,0.48200517892837524,33.78423309326172
1638,219492,40000,8.476587295532227,0.00010269191261613742,0.00629839301109314,8.470186233520508,0.0029075436759740114,8.179431915283203,0.0,0.41889089345932007,0.45050424337387085,29.834413528442383,0.0029075436759740114,8.179431915283203,0.0,0.41889089345932007,0.45050424337387085,29.834413528442383
1639,219626,40000,12.89002513885498,0.0001316871785093099,0.009130045771598816,12.880763053894043,0.0003629974089562893,12.844463348388672,0.0,0.4084095060825348,0.4170961380004883,28.778139114379883,0.0003629974089562893,12.844463348388672,0.0,0.4084095060825348,0.4170961380004883,28.778139114379883
1640,219760,40000,6.0640082359313965,0.00015641145000699908,0.008179415948688984,6.055672645568848,0.0006958033191040158,5.9860920906066895,0.0,0.4177093803882599,0.41954946517944336,30.55585289001465,0.0006958033191040158,5.9860920906066895,0.0,0.4177093803882599,0.41954946517944336,30.55585289001465
1641,219894,40000,7.052934169769287,0.00018419031403027475,0.0056549799628555775,7.047094821929932,0.007154647260904312,6.331630229949951,0.0,0.45330989360809326,0.465671181678772,32.48678207397461,0.007154647260904312,6.331630229949951,0.0,0.45330989360809326,0.465671181678772,32.48678207397461
1642,220028,40000,7.276870250701904,6.44321771687828e-05,0.007114897482097149,7.269690990447998,0.0075506484135985374,6.5146260261535645,0.0,0.45451197028160095,0.4676690101623535,33.23228454589844,0.0075506484135985374,6.5146260261535645,0.0,0.45451197028160095,0.4676690101623535,33.23228454589844
1643,220162,40000,5.826134204864502,0.00025885895593091846,0.008192140609025955,5.817683219909668,0.0015247422270476818,5.66520881652832,0.0,0.42875194549560547,0.42642098665237427,31.412382125854492,0.0015247422270476818,5.66520881652832,0.0,0.42875194549560547,0.42642098665237427,31.412382125854492
1644,220296,40000,6.155819892883301,0.00031529326224699616,0.009208345785737038,6.14629602432251,0.0045085991732776165,5.695436000823975,0.0,0.43065741658210754,0.4597387909889221,31.985275268554688,0.0045085991732776165,5.695436000823975,0.0,0.43065741658210754,0.4597387909889221,31.985275268554688
1645,220430,40000,13.161231994628906,0.0002080181729979813,0.006764465477317572,13.15425968170166,0.010405340231955051,12.113725662231445,0.0,0.4658087193965912,0.4779394268989563,34.298526763916016,0.010405340231955051,12.113725662231445,0.0,0.4658087193965912,0.4779394268989563,34.298526763916016
1646,220564,40000,7.076316833496094,0.00018420953711029142,0.007118967827409506,7.069013595581055,0.003793246578425169,6.6896891593933105,0.0,0.43091386556625366,0.45326894521713257,30.884033203125,0.003793246578425169,6.6896891593933105,0.0,0.43091386556625366,0.45326894521713257,30.884033203125
1647,220698,40000,6.843782424926758,7.554234616691247e-05,0.006905157584697008,6.836801528930664,0.0019986943807452917,6.636931896209717,0.0,0.4283025860786438,0.43460720777511597,30.866676330566406,0.0019986943807452917,6.636931896209717,0.0,0.4283025860786438,0.43460720777511597,30.866676330566406
1648,220832,40000,6.252643585205078,0.00015767943114042282,0.006734538823366165,6.24575138092041,0.005002700723707676,5.745481491088867,0.0,0.44276517629623413,0.4563368558883667,32.2296257019043,0.005002700723707676,5.745481491088867,0.0,0.44276517629623413,0.4563368558883667,32.2296257019043
1649,220966,40000,5.349157810211182,6.904645852046087e-05,0.0057748667895793915,5.343313694000244,0.003130789380520582,5.0302348136901855,0.0,0.43087515234947205,0.44666385650634766,31.442190170288086,0.003130789380520582,5.0302348136901855,0.0,0.43087515234947205,0.44666385650634766,31.442190170288086
1650,221100,40000,5.6077704429626465,0.0001051360959536396,0.01031395886093378,5.597351551055908,0.0042646536603569984,5.170886039733887,0.0,0.43157726526260376,0.4571623206138611,31.072792053222656,0.0042646536603569984,5.170886039733887,0.0,0.43157726526260376,0.4571623206138611,31.072792053222656
1651,221234,40000,6.734809398651123,0.00010535588808124885,0.006135231349617243,6.728569030761719,0.0003120764740742743,6.697361469268799,0.0,0.4176441431045532,0.399127721786499,30.2592830657959,0.0003120764740742743,6.697361469268799,0.0,0.4176441431045532,0.399127721786499,30.2592830657959
1652,221368,40000,5.605337142944336,0.0005097741377539933,0.007910136133432388,5.596917152404785,0.004704611841589212,5.126455783843994,0.0,0.4410995543003082,0.45491302013397217,32.00804138183594,0.004704611841589212,5.126455783843994,0.0,0.4410995543003082,0.45491302013397217,32.00804138183594
1653,221502,40000,5.3709893226623535,0.00015960834571160376,0.006108545232564211,5.364721298217773,0.0011175014078617096,5.252971172332764,0.0,0.4202525317668915,0.4265958070755005,30.76592254638672,0.0011175014078617096,5.252971172332764,0.0,0.4202525317668915,0.4265958070755005,30.76592254638672
1654,221636,40000,4.803863525390625,0.00015081994934007525,0.007175367325544357,4.796537399291992,0.004328831564635038,4.363654136657715,0.0,0.4280048906803131,0.45953619480133057,31.225879669189453,0.004328831564635038,4.363654136657715,0.0,0.4280048906803131,0.45953619480133057,31.225879669189453
1655,221770,40000,5.328239440917969,0.0001036123649100773,0.006682016886770725,5.321454048156738,0.002388500841334462,5.082603931427002,0.0,0.43239110708236694,0.43659669160842896,31.977651596069336,0.002388500841334462,5.082603931427002,0.0,0.43239110708236694,0.43659669160842896,31.977651596069336
1656,221904,40000,4.722995281219482,0.00012368676834739745,0.005918322596698999,4.716953277587891,0.001807085471227765,4.536244869232178,0.0,0.4289429485797882,0.43113505840301514,30.900592803955078,0.001807085471227765,4.536244869232178,0.0,0.4289429485797882,0.43113505840301514,30.900592803955078
1657,222038,40000,7.262024879455566,7.032498979242519e-05,0.008773496374487877,7.253180980682373,0.0011877302313223481,7.134407997131348,0.0,0.42140689492225647,0.42700880765914917,30.362092971801758,0.0011877302313223481,7.134407997131348,0.0,0.42140689492225647,0.42700880765914917,30.362092971801758
1658,222172,40000,5.703857898712158,9.657647751737386e-05,0.005924431141465902,5.697836875915527,0.0013839229941368103,5.559444427490234,0.0,0.4274515211582184,0.4251065254211426,30.70464324951172,0.0013839229941368103,5.559444427490234,0.0,0.4274515211582184,0.4251065254211426,30.70464324951172
1659,222306,40000,6.5748114585876465,0.00010345238843001425,0.007075242232531309,6.567632675170898,0.003006430808454752,6.266989707946777,0.0,0.42974555492401123,0.4460611939430237,30.86164093017578,0.003006430808454752,6.266989707946777,0.0,0.42974555492401123,0.4460611939430237,30.86164093017578
1660,222440,40000,4.562843322753906,9.799688996281475e-05,0.008455563336610794,4.554289817810059,0.005014797672629356,4.052810192108154,0.0,0.4415951371192932,0.45731180906295776,31.92657470703125,0.005014797672629356,4.052810192108154,0.0,0.4415951371192932,0.45731180906295776,31.92657470703125
1661,222574,40000,5.532983779907227,0.00016308440535794944,0.010771038942039013,5.522049427032471,0.002293845871463418,5.292665004730225,0.0,0.4159248173236847,0.4451690912246704,31.332355499267578,0.002293845871463418,5.292665004730225,0.0,0.4159248173236847,0.4451690912246704,31.332355499267578
1662,222708,40000,7.133669376373291,8.83338725543581e-05,0.007626976352185011,7.1259541511535645,0.004633914679288864,6.662562847137451,0.0,0.44295355677604675,0.4528101086616516,32.22826385498047,0.004633914679288864,6.662562847137451,0.0,0.44295355677604675,0.4528101086616516,32.22826385498047
1663,222842,40000,4.955168724060059,8.506859740009531e-05,0.0075756860896945,4.947507858276367,0.00386239355430007,4.561268329620361,0.0,0.43480539321899414,0.45148766040802,31.566722869873047,0.00386239355430007,4.561268329620361,0.0,0.43480539321899414,0.45148766040802,31.566722869873047
1664,222976,40000,6.559072494506836,0.00022602180251851678,0.006151874549686909,6.552694797515869,0.008225604891777039,5.7301344871521,0.0,0.4490531086921692,0.4762849807739258,32.39155578613281,0.008225604891777039,5.7301344871521,0.0,0.4490531086921692,0.4762849807739258,32.39155578613281
1665,223110,40000,7.572011947631836,8.015929779503495e-05,0.006497634574770927,7.565433979034424,0.0010568653233349323,7.459747314453125,0.0,0.4183011054992676,0.42686885595321655,30.20604705810547,0.0010568653233349323,7.459747314453125,0.0,0.4183011054992676,0.42686885595321655,30.20604705810547
1666,223244,40000,6.366738796234131,0.00013952775043435395,0.007773871533572674,6.358825206756592,0.006259196437895298,5.732905387878418,0.0,0.44180551171302795,0.4671676754951477,32.4458122253418,0.006259196437895298,5.732905387878418,0.0,0.44180551171302795,0.4671676754951477,32.4458122253418
1667,223378,40000,6.277353763580322,0.00029654978425242007,0.008033356629312038,6.269023895263672,0.001867686747573316,6.0822553634643555,0.0,0.4200393855571747,0.4382898211479187,30.86365509033203,0.001867686747573316,6.0822553634643555,0.0,0.4200393855571747,0.4382898211479187,30.86365509033203
1668,223512,40000,7.0476298332214355,8.633741526864469e-05,0.00818686280399561,7.039356708526611,0.00898138340562582,6.141218185424805,0.0,0.45554277300834656,0.4767879247665405,33.09317398071289,0.00898138340562582,6.141218185424805,0.0,0.45554277300834656,0.4767879247665405,33.09317398071289
1669,223646,40000,5.856586456298828,0.00010491943976376206,0.008663784712553024,5.847817897796631,0.0021194634027779102,5.635871410369873,0.0,0.4256894290447235,0.4382036328315735,30.55141830444336,0.0021194634027779102,5.635871410369873,0.0,0.4256894290447235,0.4382036328315735,30.55141830444336
1670,223780,40000,15.103787422180176,9.681328083388507e-05,0.006655405275523663,15.09703540802002,0.011765668168663979,13.9204683303833,0.0,0.46358242630958557,0.48788028955459595,34.46932601928711,0.011765668168663979,13.9204683303833,0.0,0.46358242630958557,0.48788028955459595,34.46932601928711
1671,223914,40000,7.180543422698975,0.00011678453302010894,0.0070590851828455925,7.173367500305176,0.00677147414535284,6.496220111846924,0.0,0.44753628969192505,0.46716976165771484,32.642738342285156,0.00677147414535284,6.496220111846924,0.0,0.44753628969192505,0.46716976165771484,32.642738342285156
1672,224048,40000,7.337601661682129,0.0001597765804035589,0.006732376758009195,7.330709457397461,0.00492754066362977,6.837955474853516,0.0,0.43308714032173157,0.4619094729423523,30.84328842163086,0.00492754066362977,6.837955474853516,0.0,0.43308714032173157,0.4619094729423523,30.84328842163086
1673,224182,40000,5.734164714813232,0.00012237840564921498,0.007572290953248739,5.726469993591309,0.004309776239097118,5.295492172241211,0.0,0.42940130829811096,0.45869702100753784,31.074790954589844,0.004309776239097118,5.295492172241211,0.0,0.42940130829811096,0.45869702100753784,31.074790954589844
1674,224316,40000,5.838161468505859,0.0004464311932679266,0.008501539006829262,5.829213619232178,0.0011615369003266096,5.713059902191162,0.0,0.4265053868293762,0.42142432928085327,31.191137313842773,0.0011615369003266096,5.713059902191162,0.0,0.4265053868293762,0.42142432928085327,31.191137313842773
1675,224450,40000,7.289353370666504,9.881890582619235e-05,0.007519170641899109,7.281735420227051,0.003137662773951888,6.967968940734863,0.0,0.42169907689094543,0.4516412019729614,30.400951385498047,0.003137662773951888,6.967968940734863,0.0,0.42169907689094543,0.4516412019729614,30.400951385498047
1676,224584,40000,6.39139461517334,0.00014320973423309624,0.007265574764460325,6.383985996246338,0.003928650636225939,5.9911208152771,0.0,0.42727282643318176,0.456434428691864,30.69011688232422,0.003928650636225939,5.9911208152771,0.0,0.42727282643318176,0.456434428691864,30.69011688232422
1677,224718,40000,7.936983585357666,0.00013927207328379154,0.009376001544296741,7.927468299865723,0.0007346563506871462,7.854002475738525,0.0,0.4171513020992279,0.4209878444671631,29.873933792114258,0.0007346563506871462,7.854002475738525,0.0,0.4171513020992279,0.4209878444671631,29.873933792114258
1678,224852,40000,7.072813034057617,8.449652523268014e-05,0.0061945440247654915,7.066534042358398,0.001582534285262227,6.908280849456787,0.0,0.42564254999160767,0.43041372299194336,30.262672424316406,0.001582534285262227,6.908280849456787,0.0,0.42564254999160767,0.43041372299194336,30.262672424316406
1679,224986,40000,6.012812614440918,9.396346285939217e-05,0.009109674952924252,6.0036091804504395,0.0018438955303281546,5.819219589233398,0.0,0.42521601915359497,0.4347569942474365,31.073505401611328,0.0018438955303281546,5.819219589233398,0.0,0.42521601915359497,0.4347569942474365,31.073505401611328
1680,225120,40000,5.614480495452881,0.00011213164543733001,0.007259087171405554,5.607109069824219,0.002795418258756399,5.327567100524902,0.0,0.4373597502708435,0.4374121427536011,31.485280990600586,0.002795418258756399,5.327567100524902,0.0,0.4373597502708435,0.4374121427536011,31.485280990600586
1681,225254,40000,6.075385570526123,0.00015566227375529706,0.007479590829461813,6.067750453948975,0.0043886397033929825,5.628886699676514,0.0,0.4324692189693451,0.45774418115615845,31.304086685180664,0.0043886397033929825,5.628886699676514,0.0,0.4324692189693451,0.45774418115615845,31.304086685180664
1682,225388,40000,5.267062187194824,7.806250505382195e-05,0.008088571019470692,5.258895397186279,0.003283936530351639,4.930501937866211,0.0,0.4387111961841583,0.4422537684440613,32.08541488647461,0.003283936530351639,4.930501937866211,0.0,0.4387111961841583,0.4422537684440613,32.08541488647461
1683,225522,40000,5.417533874511719,0.00019330278155393898,0.008287345990538597,5.409053325653076,0.005244931671768427,4.8845601081848145,0.0,0.44617795944213867,0.45579004287719727,32.283287048339844,0.005244931671768427,4.8845601081848145,0.0,0.44617795944213867,0.45579004287719727,32.283287048339844
1684,225656,40000,5.306185722351074,0.00010692275827750564,0.007063965313136578,5.299015045166016,0.004864195361733437,4.812595367431641,0.0,0.44304561614990234,0.45487505197525024,31.880762100219727,0.004864195361733437,4.812595367431641,0.0,0.44304561614990234,0.45487505197525024,31.880762100219727
1685,225790,40000,7.6934123039245605,9.732521721161902e-05,0.006951889954507351,7.686363220214844,0.001948492368683219,7.491514205932617,0.0,0.41376185417175293,0.44194167852401733,30.137451171875,0.001948492368683219,7.491514205932617,0.0,0.41376185417175293,0.44194167852401733,30.137451171875
1686,225924,40000,6.856332302093506,0.0001846597297117114,0.008083576336503029,6.848063945770264,0.0038607579190284014,6.4619879722595215,0.0,0.42620885372161865,0.45633697509765625,31.119226455688477,0.0038607579190284014,6.4619879722595215,0.0,0.42620885372161865,0.45633697509765625,31.119226455688477
1687,226058,40000,5.835636138916016,0.0001373989653075114,0.008270452730357647,5.82722806930542,0.005119902081787586,5.315237998962402,0.0,0.4435342252254486,0.45678621530532837,31.736839294433594,0.005119902081787586,5.315237998962402,0.0,0.4435342252254486,0.45678621530532837,31.736839294433594
1688,226192,40000,5.253498554229736,9.583761857356876e-05,0.005034105386584997,5.248368740081787,0.0017478258814662695,5.0735859870910645,0.0,0.4331837296485901,0.42542964220046997,31.99578094482422,0.0017478258814662695,5.0735859870910645,0.0,0.4331837296485901,0.42542964220046997,31.99578094482422
1689,226326,40000,7.151187896728516,8.719890320207924e-05,0.007914798334240913,7.143186092376709,0.006866845302283764,6.456501483917236,0.0,0.44802364706993103,0.46753203868865967,32.63235855102539,0.006866845302283764,6.456501483917236,0.0,0.44802364706993103,0.46753203868865967,32.63235855102539
1690,226460,40000,5.780663967132568,0.00010658628161763772,0.006514451000839472,5.774043083190918,0.000426960556069389,5.73134708404541,0.0,0.4206622242927551,0.40018248558044434,30.93561553955078,0.000426960556069389,5.73134708404541,0.0,0.4206622242927551,0.40018248558044434,30.93561553955078
1691,226594,40000,4.828977584838867,0.00017559374100528657,0.008468213491141796,4.820333957672119,0.0035942515823990107,4.460908889770508,0.0,0.4271939992904663,0.4534297585487366,31.266647338867188,0.0035942515823990107,4.460908889770508,0.0,0.4271939992904663,0.4534297585487366,31.266647338867188
1692,226728,40000,5.733200550079346,7.730023207841441e-05,0.005900457035750151,5.727222919464111,0.0008703144849278033,5.640191555023193,0.0,0.427608847618103,0.4103955030441284,31.022550582885742,0.0008703144849278033,5.640191555023193,0.0,0.427608847618103,0.4103955030441284,31.022550582885742
1693,226862,40000,5.5209760665893555,0.000201313232537359,0.005329000763595104,5.515445709228516,0.001175631652586162,5.397882461547852,0.0,0.430785208940506,0.4150964617729187,31.207626342773438,0.001175631652586162,5.397882461547852,0.0,0.430785208940506,0.4150964617729187,31.207626342773438
1694,226996,40000,6.38177490234375,9.033545211423188e-05,0.008060192689299583,6.373624324798584,0.004480020143091679,5.925622463226318,0.0,0.4371700882911682,0.4556633234024048,31.457748413085938,0.004480020143091679,5.925622463226318,0.0,0.4371700882911682,0.4556633234024048,31.457748413085938
1695,227130,40000,6.222116470336914,7.499563798774034e-05,0.006609645672142506,6.2154316902160645,0.004763685166835785,5.739063262939453,0.0,0.43503373861312866,0.45946699380874634,32.08175277709961,0.004763685166835785,5.739063262939453,0.0,0.43503373861312866,0.45946699380874634,32.08175277709961
1696,227264,40000,7.432945251464844,0.00011581755097722635,0.00923739280551672,7.4235920906066895,0.004320893902331591,6.99150276184082,0.0,0.4340697228908539,0.4562152028083801,31.6636962890625,0.004320893902331591,6.99150276184082,0.0,0.4340697228908539,0.4562152028083801,31.6636962890625
1697,227398,40000,5.657387733459473,7.041032222332433e-05,0.005907461512833834,5.65140962600708,0.0037540276534855366,5.276006698608398,0.0,0.44104892015457153,0.4454864263534546,32.07402801513672,0.0037540276534855366,5.276006698608398,0.0,0.44104892015457153,0.4454864263534546,32.07402801513672
1698,227532,40000,6.241700172424316,8.890046592568979e-05,0.008323327638208866,6.233287811279297,0.003901300486177206,5.843157768249512,0.0,0.43464362621307373,0.4519723057746887,31.944257736206055,0.003901300486177206,5.843157768249512,0.0,0.43464362621307373,0.4519723057746887,31.944257736206055
1699,227666,40000,4.76516580581665,0.00014385978283826262,0.009475934319198132,4.7555460929870605,0.00386508135125041,4.369038105010986,0.0,0.44012120366096497,0.44749075174331665,31.741069793701172,0.00386508135125041,4.369038105010986,0.0,0.44012120366096497,0.44749075174331665,31.741069793701172
1700,227800,40000,6.6655988693237305,0.0002257907181046903,0.006325218826532364,6.659048080444336,0.003286970779299736,6.330350875854492,0.0,0.44442903995513916,0.43623578548431396,32.699337005615234,0.003286970779299736,6.330350875854492,0.0,0.44442903995513916,0.43623578548431396,32.699337005615234
1701,227934,40000,6.836719989776611,8.455583883915097e-05,0.006239734124392271,6.830395698547363,0.0003860921133309603,6.7917866706848145,0.0,0.41895991563796997,0.4051588773727417,30.073579788208008,0.0003860921133309603,6.7917866706848145,0.0,0.41895991563796997,0.4051588773727417,30.073579788208008
1702,228068,40000,6.565820693969727,0.00037175219040364027,0.008524970151484013,6.556923866271973,0.0019931478891521692,6.357609272003174,0.0,0.42626217007637024,0.43610328435897827,31.325876235961914,0.0019931478891521692,6.357609272003174,0.0,0.42626217007637024,0.43610328435897827,31.325876235961914
1703,228202,40000,5.996759414672852,0.00016614969354122877,0.007878100499510765,5.988715171813965,0.004868803080171347,5.501834869384766,0.0,0.44198131561279297,0.45573484897613525,31.792407989501953,0.004868803080171347,5.501834869384766,0.0,0.44198131561279297,0.45573484897613525,31.792407989501953
1704,228336,40000,7.294814586639404,0.00010527577251195908,0.007281573489308357,7.28742790222168,0.00579433050006628,6.7079949378967285,0.0,0.4317735433578491,0.46917206048965454,30.783771514892578,0.00579433050006628,6.7079949378967285,0.0,0.4317735433578491,0.46917206048965454,30.783771514892578
1705,228470,40000,6.5770063400268555,0.0001372903643641621,0.007261461578309536,6.569607734680176,0.009175827726721764,5.652024745941162,0.0,0.4507225453853607,0.48125916719436646,32.47529602050781,0.009175827726721764,5.652024745941162,0.0,0.4507225453853607,0.48125916719436646,32.47529602050781
1706,228604,40000,6.627609729766846,0.0001007994360406883,0.006176341325044632,6.62133264541626,0.0035666590556502342,6.264666557312012,0.0,0.4353362023830414,0.4481457471847534,32.194000244140625,0.0035666590556502342,6.264666557312012,0.0,0.4353362023830414,0.4481457471847534,32.194000244140625
1707,228738,40000,4.663442611694336,0.0006351076299324632,0.005771528463810682,4.657035827636719,0.0017188331112265587,4.485152721405029,0.0,0.4308059513568878,0.4277457594871521,31.444475173950195,0.0017188331112265587,4.485152721405029,0.0,0.4308059513568878,0.4277457594871521,31.444475173950195
1708,228872,40000,10.115482330322266,0.0002675106516107917,0.008261664770543575,10.106953620910645,0.003280831966549158,9.778870582580566,0.0,0.4255389869213104,0.45126980543136597,30.465791702270508,0.003280831966549158,9.778870582580566,0.0,0.4255389869213104,0.45126980543136597,30.465791702270508
1709,229006,40000,5.144329071044922,0.00010838815796887502,0.005881286691874266,5.138339519500732,0.0029549584724009037,4.842843532562256,0.0,0.4419868588447571,0.434526264667511,32.55370330810547,0.0029549584724009037,4.842843532562256,0.0,0.4419868588447571,0.434526264667511,32.55370330810547
1710,229140,40000,6.217994213104248,0.00022180404630489647,0.0075331819243729115,6.210239410400391,0.004467926919460297,5.763446807861328,0.0,0.44249749183654785,0.4515935182571411,32.14421081542969,0.004467926919460297,5.763446807861328,0.0,0.44249749183654785,0.4515935182571411,32.14421081542969
1711,229274,40000,7.313094615936279,0.0001489106798544526,0.007453734055161476,7.305491924285889,0.003186295973137021,6.9868621826171875,0.0,0.42427659034729004,0.4509602189064026,30.747570037841797,0.003186295973137021,6.9868621826171875,0.0,0.42427659034729004,0.4509602189064026,30.747570037841797
1712,229408,40000,6.357871055603027,0.0001252361835213378,0.0067568253725767136,6.350988864898682,0.003138807835057378,6.037107944488525,0.0,0.4230790138244629,0.45105063915252686,30.919004440307617,0.003138807835057378,6.037107944488525,0.0,0.4230790138244629,0.45105063915252686,30.919004440307617
1713,229542,40000,8.30213737487793,0.00023837781918700784,0.009608357213437557,8.292290687561035,0.0012360913679003716,8.168681144714355,0.0,0.410688579082489,0.433493971824646,30.158615112304688,0.0012360913679003716,8.168681144714355,0.0,0.410688579082489,0.433493971824646,30.158615112304688
1714,229676,40000,7.102316856384277,0.00010167369327973574,0.007308154832571745,7.094906806945801,0.0022615198977291584,6.868754863739014,0.0,0.41321590542793274,0.445682168006897,29.9715633392334,0.0022615198977291584,6.868754863739014,0.0,0.41321590542793274,0.445682168006897,29.9715633392334
1715,229810,40000,6.5423359870910645,8.618392166681588e-05,0.008682571351528168,6.533567428588867,0.002019961131736636,6.331571102142334,0.0,0.41196152567863464,0.443323016166687,30.458293914794922,0.002019961131736636,6.331571102142334,0.0,0.41196152567863464,0.443323016166687,30.458293914794922
1716,229944,40000,4.311861038208008,0.00011987300240434706,0.007124223280698061,4.304616928100586,0.0032732379622757435,3.977293014526367,0.0,0.4292047619819641,0.4491967558860779,31.057222366333008,0.0032732379622757435,3.977293014526367,0.0,0.4292047619819641,0.4491967558860779,31.057222366333008
1717,230078,40000,6.7403764724731445,0.0001291288062930107,0.007391694001853466,6.732855796813965,0.007764044217765331,5.956451416015625,0.0,0.44458261132240295,0.47600287199020386,31.71639633178711,0.007764044217765331,5.956451416015625,0.0,0.44458261132240295,0.47600287199020386,31.71639633178711
1718,230212,40000,5.667007923126221,0.00010149512672796845,0.007593241520226002,5.659313201904297,0.00536467507481575,5.122845649719238,0.0,0.4367038309574127,0.4633837938308716,31.983375549316406,0.00536467507481575,5.122845649719238,0.0,0.4367038309574127,0.4633837938308716,31.983375549316406
1719,230346,40000,7.036581516265869,9.56536823650822e-05,0.008334148675203323,7.028151512145996,0.007899411022663116,6.238210678100586,0.0,0.4488382935523987,0.4742578864097595,33.164451599121094,0.007899411022663116,6.238210678100586,0.0,0.4488382935523987,0.4742578864097595,33.164451599121094
1720,230480,40000,7.7484893798828125,0.00013970333384349942,0.007596121635288,7.740753650665283,0.008813036605715752,6.859449863433838,0.0,0.4464377462863922,0.48158782720565796,33.04828643798828,0.008813036605715752,6.859449863433838,0.0,0.4464377462863922,0.48158782720565796,33.04828643798828
1721,230614,40000,5.957276344299316,8.698513556737453e-05,0.0058982837945222855,5.951291084289551,0.0031989277340471745,5.6313982009887695,0.0,0.432528018951416,0.4462693929672241,31.5537109375,0.0031989277340471745,5.6313982009887695,0.0,0.432528018951416,0.4462693929672241,31.5537109375
1722,230748,40000,6.832376956939697,7.132950122468174e-05,0.011437850072979927,6.820868015289307,0.009880579076707363,5.832809925079346,0.0,0.45737606287002563,0.48116999864578247,33.1121826171875,0.009880579076707363,5.832809925079346,0.0,0.45737606287002563,0.48116999864578247,33.1121826171875
1723,230882,40000,7.222447395324707,9.936007700162008e-05,0.0081156175583601,7.214232444763184,0.0029755181167274714,6.916680812835693,0.0,0.4293910562992096,0.4459530711174011,31.027185440063477,0.0029755181167274714,6.916680812835693,0.0,0.4293910562992096,0.4459530711174011,31.027185440063477
1724,231016,40000,7.272893905639648,7.303414167836308e-05,0.006734226364642382,7.266086578369141,0.0004909349954687059,7.2169928550720215,0.0,0.4151594042778015,0.38384056091308594,30.329086303710938,0.0004909349954687059,7.2169928550720215,0.0,0.4151594042778015,0.38384056091308594,30.329086303710938
1725,231150,40000,5.494655132293701,9.93974317680113e-05,0.009719007648527622,5.484836578369141,0.002641682978719473,5.220668315887451,0.0,0.4330888092517853,0.4393295645713806,31.507610321044922,0.002641682978719473,5.220668315887451,0.0,0.4330888092517853,0.4393295645713806,31.507610321044922
1726,231284,40000,5.028459548950195,8.880958193913102e-05,0.008692188188433647,5.019678592681885,0.003480152226984501,4.671663284301758,0.0,0.43510669469833374,0.44740962982177734,31.060749053955078,0.003480152226984501,4.671663284301758,0.0,0.43510669469833374,0.44740962982177734,31.060749053955078
1727,231418,40000,5.911557197570801,9.509469236945733e-05,0.005267581902444363,5.906194686889648,0.0035236359108239412,5.553831100463867,0.0,0.4282722473144531,0.4521949887275696,31.403257369995117,0.0035236359108239412,5.553831100463867,0.0,0.4282722473144531,0.4521949887275696,31.403257369995117
1728,231552,40000,7.250879764556885,0.0002237459848402068,0.007174747530370951,7.243481159210205,0.0025530364364385605,6.988177299499512,0.0,0.4203418493270874,0.4462519884109497,30.22662353515625,0.0025530364364385605,6.988177299499512,0.0,0.4203418493270874,0.4462519884109497,30.22662353515625
1729,231686,40000,5.969735622406006,0.00010503858356969431,0.00608036806806922,5.963550090789795,0.003419572487473488,5.621592998504639,0.0,0.43251100182533264,0.4486066699028015,31.411911010742188,0.003419572487473488,5.621592998504639,0.0,0.43251100182533264,0.4486066699028015,31.411911010742188
1730,231820,40000,4.677289962768555,0.00025238111265935004,0.006845297757536173,4.670192241668701,0.0035146186128258705,4.318730354309082,0.0,0.4365488588809967,0.44667762517929077,31.688030242919922,0.0035146186128258705,4.318730354309082,0.0,0.4365488588809967,0.44667762517929077,31.688030242919922
1731,231954,40000,5.434586048126221,9.188524563796818e-05,0.0088104959577322,5.425683498382568,0.0019989460706710815,5.2257890701293945,0.0,0.4303959310054779,0.4327877163887024,31.647069931030273,0.0019989460706710815,5.2257890701293945,0.0,0.4303959310054779,0.4327877163887024,31.647069931030273
1732,232088,40000,6.1761393547058105,0.00012078981671947986,0.006334906909614801,6.169683456420898,0.0019975919276475906,5.969924449920654,0.0,0.4166572391986847,0.44147443771362305,30.534992218017578,0.0019975919276475906,5.969924449920654,0.0,0.4166572391986847,0.44147443771362305,30.534992218017578
1733,232222,40000,6.643768787384033,0.00013895287702325732,0.007274859584867954,6.636354923248291,0.005950313527137041,6.041323661804199,0.0,0.448294997215271,0.46014904975891113,32.023311614990234,0.005950313527137041,6.041323661804199,0.0,0.448294997215271,0.46014904975891113,32.023311614990234
1734,232356,40000,11.322957038879395,0.00030704864184372127,0.00840518157929182,11.314245223999023,0.010546412318944931,10.259603500366211,0.0,0.4596796929836273,0.4835748076438904,33.521507263183594,0.010546412318944931,10.259603500366211,0.0,0.4596796929836273,0.4835748076438904,33.521507263183594
1735,232490,40000,6.545284271240234,9.553434210829437e-05,0.009995151311159134,6.53519344329834,0.0030681388452649117,6.228379726409912,0.0,0.426932692527771,0.44840216636657715,30.695816040039062,0.0030681388452649117,6.228379726409912,0.0,0.426932692527771,0.44840216636657715,30.695816040039062
1736,232624,40000,6.598673343658447,0.0001156971775344573,0.006472378503531218,6.592085361480713,0.003280334174633026,6.264051914215088,0.0,0.4289287030696869,0.4494314193725586,31.599742889404297,0.003280334174633026,6.264051914215088,0.0,0.4289287030696869,0.4494314193725586,31.599742889404297
1737,232758,40000,6.050850868225098,0.0003563858917914331,0.007800400257110596,6.042694091796875,0.005376958288252354,5.504998207092285,0.0,0.44255951046943665,0.45971304178237915,31.97783660888672,0.005376958288252354,5.504998207092285,0.0,0.44255951046943665,0.45971304178237915,31.97783660888672
1738,232892,40000,6.1152753829956055,9.814513759920374e-05,0.008206413127481937,6.10697078704834,0.007838510908186436,5.323119640350342,0.0,0.4507414400577545,0.47255218029022217,32.75774002075195,0.007838510908186436,5.323119640350342,0.0,0.4507414400577545,0.47255218029022217,32.75774002075195
1739,233026,40000,5.724364280700684,0.00011781330977100879,0.005767236929386854,5.718479156494141,0.004177645780146122,5.300714492797852,0.0,0.4432706832885742,0.4480134844779968,31.440752029418945,0.004177645780146122,5.300714492797852,0.0,0.4432706832885742,0.4480134844779968,31.440752029418945
1740,233160,40000,4.59216833114624,0.0002599598083179444,0.009197253733873367,4.582711219787598,0.0021981247700750828,4.362898826599121,0.0,0.43506303429603577,0.43112409114837646,31.931344985961914,0.0021981247700750828,4.362898826599121,0.0,0.43506303429603577,0.43112409114837646,31.931344985961914
1741,233294,40000,4.751384735107422,0.00026000841171480715,0.008943871594965458,4.742180824279785,0.0031928298994898796,4.422897815704346,0.0,0.43838346004486084,0.4414673447608948,31.989229202270508,0.0031928298994898796,4.422897815704346,0.0,0.43838346004486084,0.4414673447608948,31.989229202270508
1742,233428,40000,7.3606038093566895,0.00013799738371744752,0.00591040076687932,7.354555606842041,0.007065912708640099,6.6479644775390625,0.0,0.4545895457267761,0.4639210104942322,32.75254821777344,0.007065912708640099,6.6479644775390625,0.0,0.4545895457267761,0.4639210104942322,32.75254821777344
1743,233562,40000,7.080212116241455,0.00021580727479886264,0.005517825949937105,7.074478626251221,0.0029482226818799973,6.779656410217285,0.0,0.43339890241622925,0.4428104758262634,31.76913833618164,0.0029482226818799973,6.779656410217285,0.0,0.43339890241622925,0.4428104758262634,31.76913833618164
1744,233696,40000,6.009150505065918,0.00018649135017767549,0.006871106568723917,6.0020928382873535,0.004910391755402088,5.511053562164307,0.0,0.44229891896247864,0.4558676481246948,31.988882064819336,0.004910391755402088,5.511053562164307,0.0,0.44229891896247864,0.4558676481246948,31.988882064819336
1745,233830,40000,5.90520715713501,8.021030225791037e-05,0.0055170520208776,5.8996100425720215,0.002144196769222617,5.685190200805664,0.0,0.4260668158531189,0.4382716417312622,31.740161895751953,0.002144196769222617,5.685190200805664,0.0,0.4260668158531189,0.4382716417312622,31.740161895751953
1746,233964,40000,5.232375144958496,0.00027075366233475506,0.006760130636394024,5.225344181060791,0.0015405007870867848,5.07129430770874,0.0,0.4312449097633362,0.42375409603118896,31.256860733032227,0.0015405007870867848,5.07129430770874,0.0,0.4312449097633362,0.42375409603118896,31.256860733032227
1747,234098,40000,7.592336177825928,0.0002428604639135301,0.00650889053940773,7.58558464050293,0.0016692690551280975,7.4186577796936035,0.0,0.4267197549343109,0.43090832233428955,30.49976348876953,0.0016692690551280975,7.4186577796936035,0.0,0.4267197549343109,0.43090832233428955,30.49976348876953
1748,234232,40000,5.639562606811523,0.0001172545671579428,0.007010400760918856,5.632434844970703,0.000583607004955411,5.5740742683410645,0.0,0.4183315336704254,0.41573411226272583,30.691261291503906,0.000583607004955411,5.5740742683410645,0.0,0.4183315336704254,0.41573411226272583,30.691261291503906
1749,234366,40000,6.228005886077881,9.985973156290129e-05,0.007323171943426132,6.220582962036133,0.00572012085467577,5.648571014404297,0.0,0.4413423240184784,0.463331937789917,32.29600524902344,0.00572012085467577,5.648571014404297,0.0,0.4413423240184784,0.463331937789917,32.29600524902344
1750,234500,40000,5.211832046508789,0.00012026311742374673,0.008051877841353416,5.203660011291504,0.004908297210931778,4.712830543518066,0.0,0.4363587200641632,0.4598860740661621,31.389375686645508,0.004908297210931778,4.712830543518066,0.0,0.4363587200641632,0.4598860740661621,31.389375686645508
1751,234634,40000,4.256895542144775,0.00016674035578034818,0.006825032643973827,4.249903678894043,0.0022234157659113407,4.027562141418457,0.0,0.4277437925338745,0.43812739849090576,32.20316696166992,0.0022234157659113407,4.027562141418457,0.0,0.4277437925338745,0.43812739849090576,32.20316696166992
1752,234768,40000,6.732324123382568,0.0001178100865217857,0.009167286567389965,6.723039150238037,0.0027628131210803986,6.446757793426514,0.0,0.43561235070228577,0.4386597275733948,31.373821258544922,0.0027628131210803986,6.446757793426514,0.0,0.43561235070228577,0.4386597275733948,31.373821258544922
1753,234902,40000,4.9400248527526855,7.385812932625413e-05,0.0062982989475131035,4.933652877807617,0.0009452271624468267,4.83912992477417,0.0,0.4236224293708801,0.41967761516571045,30.910566329956055,0.0009452271624468267,4.83912992477417,0.0,0.4236224293708801,0.41967761516571045,30.910566329956055
1754,235036,40000,4.999780178070068,0.0003682658716570586,0.0063804448582232,4.9930315017700195,0.004514453466981649,4.541586399078369,0.0,0.4381580650806427,0.4553029537200928,31.988473892211914,0.004514453466981649,4.541586399078369,0.0,0.4381580650806427,0.4553029537200928,31.988473892211914
1755,235170,40000,6.825565814971924,0.00012693391181528568,0.009080068208277225,6.816359043121338,0.003488951362669468,6.467463970184326,0.0,0.43751320242881775,0.44562578201293945,31.73404312133789,0.003488951362669468,6.467463970184326,0.0,0.43751320242881775,0.44562578201293945,31.73404312133789
1756,235304,40000,7.799968242645264,6.712348113069311e-05,0.008143249899148941,7.791758060455322,0.006597220432013273,7.132036209106445,0.0,0.4402391314506531,0.4705551862716675,32.3189582824707,0.006597220432013273,7.132036209106445,0.0,0.4402391314506531,0.4705551862716675,32.3189582824707
1757,235438,40000,10.822946548461914,9.859359124675393e-05,0.007740437518805265,10.815107345581055,0.00893652904778719,9.921454429626465,0.0,0.4601176083087921,0.47295480966567993,33.616573333740234,0.00893652904778719,9.921454429626465,0.0,0.4601176083087921,0.47295480966567993,33.616573333740234
1758,235572,40000,6.0992751121521,8.579546556575224e-05,0.006313357502222061,6.092875957489014,0.005020298529416323,5.590846061706543,0.0,0.4385981261730194,0.4594178795814514,31.738218307495117,0.005020298529416323,5.590846061706543,0.0,0.4385981261730194,0.4594178795814514,31.738218307495117
1759,235706,40000,8.186034202575684,0.00012776556832250208,0.00844735000282526,8.177458763122559,0.005740715656429529,7.603387355804443,0.0,0.4497140049934387,0.45717722177505493,33.0770149230957,0.005740715656429529,7.603387355804443,0.0,0.4497140049934387,0.45717722177505493,33.0770149230957
1760,235840,40000,6.1269402503967285,0.00010283270239597186,0.007322666700929403,6.1195149421691895,0.003664804855361581,5.753034591674805,0.0,0.43048620223999023,0.452301025390625,31.396102905273438,0.003664804855361581,5.753034591674805,0.0,0.43048620223999023,0.452301025390625,31.396102905273438
1761,235974,40000,6.066854000091553,0.00012378896644804627,0.007668917998671532,6.059061527252197,0.007735047955065966,5.285556793212891,0.0,0.4464455544948578,0.47468507289886475,32.58308029174805,0.007735047955065966,5.285556793212891,0.0,0.4464455544948578,0.47468507289886475,32.58308029174805
1762,236108,40000,5.518128395080566,0.0001615472574485466,0.00724053243175149,5.510726451873779,0.0018507190980017185,5.32565450668335,0.0,0.41956624388694763,0.43831294775009155,30.438365936279297,0.0018507190980017185,5.32565450668335,0.0,0.41956624388694763,0.43831294775009155,30.438365936279297
1763,236242,40000,6.663783073425293,0.00012972200056537986,0.006432359106838703,6.657220840454102,0.00777142308652401,5.880078315734863,0.0,0.4577999413013458,0.4665626883506775,32.7205924987793,0.00777142308652401,5.880078315734863,0.0,0.4577999413013458,0.4665626883506775,32.7205924987793
1764,236376,40000,6.135201454162598,7.453640864696354e-05,0.007566648535430431,6.127560138702393,0.004683512728661299,5.65920877456665,0.0,0.4374305009841919,0.4572928547859192,32.008113861083984,0.004683512728661299,5.65920877456665,0.0,0.4374305009841919,0.4572928547859192,32.008113861083984
1765,236510,40000,5.653733730316162,0.00012611346028279513,0.006594828329980373,5.647012710571289,0.003919549752026796,5.2550578117370605,0.0,0.43660858273506165,0.45078742504119873,32.208045959472656,0.003919549752026796,5.2550578117370605,0.0,0.43660858273506165,0.45078742504119873,32.208045959472656
1766,236644,40000,5.241717338562012,0.00031067163217812777,0.007791079115122557,5.233615398406982,0.0042414492927491665,4.8094706535339355,0.0,0.4408177435398102,0.4507480263710022,32.028499603271484,0.0042414492927491665,4.8094706535339355,0.0,0.4408177435398102,0.4507480263710022,32.028499603271484
1767,236778,40000,8.129863739013672,9.404565207660198e-05,0.00923248939216137,8.120536804199219,0.0017027559224516153,7.950261116027832,0.0,0.4188578426837921,0.4367033839225769,29.935182571411133,0.0017027559224516153,7.950261116027832,0.0,0.4188578426837921,0.4367033839225769,29.935182571411133
1768,236912,40000,4.850831985473633,8.366307156393304e-05,0.006845714524388313,4.843902587890625,0.004592100158333778,4.384692668914795,0.0,0.4374084770679474,0.45650404691696167,31.31234359741211,0.004592100158333778,4.384692668914795,0.0,0.4374084770679474,0.45650404691696167,31.31234359741211
1769,237046,40000,6.091501712799072,5.890113243367523e-05,0.006510931998491287,6.08493185043335,0.005215729121118784,5.563358783721924,0.0,0.4438306391239166,0.4573986530303955,32.494850158691406,0.005215729121118784,5.563358783721924,0.0,0.4438306391239166,0.4573986530303955,32.494850158691406
1770,237180,40000,6.987549781799316,0.00046725000720471144,0.007359893526881933,6.979722499847412,0.0033143700566142797,6.648285388946533,0.0,0.42810502648353577,0.4502441883087158,30.59670639038086,0.0033143700566142797,6.648285388946533,0.0,0.42810502648353577,0.4502441883087158,30.59670639038086
1771,237314,40000,8.050552368164062,0.00011260731116635725,0.006156414281576872,8.044282913208008,0.0016892747953534126,7.8753557205200195,0.0,0.42052727937698364,0.4356076717376709,30.257558822631836,0.0016892747953534126,7.8753557205200195,0.0,0.42052727937698364,0.4356076717376709,30.257558822631836
1772,237448,40000,4.371692657470703,0.0001013498185784556,0.008792731910943985,4.362798690795898,0.005062905140221119,3.856508255004883,0.0,0.4423890709877014,0.45714956521987915,31.80807876586914,0.005062905140221119,3.856508255004883,0.0,0.4423890709877014,0.45714956521987915,31.80807876586914
1773,237582,40000,5.326261520385742,0.00017882458632811904,0.006258170586079359,5.319824695587158,0.003106385003775358,5.009186267852783,0.0,0.44047144055366516,0.4383203387260437,31.81884765625,0.003106385003775358,5.009186267852783,0.0,0.44047144055366516,0.4383203387260437,31.81884765625
1774,237716,40000,6.421783447265625,8.517195237800479e-05,0.008535299450159073,6.413163185119629,0.0043584736995399,5.977315902709961,0.0,0.4295036792755127,0.45905935764312744,31.516504287719727,0.0043584736995399,5.977315902709961,0.0,0.4295036792755127,0.45905935764312744,31.516504287719727
1775,237850,40000,7.077066421508789,9.777164814295247e-05,0.0074727488681674,7.069495677947998,0.005117872729897499,6.557708263397217,0.0,0.44554078578948975,0.4551716446876526,32.6053466796875,0.005117872729897499,6.557708263397217,0.0,0.44554078578948975,0.4551716446876526,32.6053466796875
1776,237984,40000,4.68825626373291,0.0002102797880070284,0.00590516859665513,4.682140827178955,0.002829671837389469,4.399173736572266,0.0,0.42975756525993347,0.44409263134002686,31.067838668823242,0.002829671837389469,4.399173736572266,0.0,0.42975756525993347,0.44409263134002686,31.067838668823242
1777,238118,40000,8.211426734924316,0.0001097601925721392,0.006942099425941706,8.204375267028809,0.0006806172314099967,8.136313438415527,0.0,0.4162085950374603,0.4204425811767578,30.047147750854492,0.0006806172314099967,8.136313438415527,0.0,0.4162085950374603,0.4204425811767578,30.047147750854492
1778,238252,40000,6.611918926239014,9.795078949537128e-05,0.00640102569013834,6.605420112609863,0.007788555230945349,5.826564788818359,0.0,0.4489564597606659,0.47342902421951294,32.38448715209961,0.007788555230945349,5.826564788818359,0.0,0.4489564597606659,0.47342902421951294,32.38448715209961
1779,238386,40000,5.819353103637695,0.0001465414243284613,0.007888277992606163,5.811318397521973,0.005911602173000574,5.220158100128174,0.0,0.44364485144615173,0.4632987380027771,32.35784149169922,0.005911602173000574,5.220158100128174,0.0,0.44364485144615173,0.4632987380027771,32.35784149169922
1780,238520,40000,8.399157524108887,0.00010206550359725952,0.006557065062224865,8.392498016357422,0.008529696613550186,7.5395283699035645,0.0,0.45262306928634644,0.47589802742004395,33.02373504638672,0.008529696613550186,7.5395283699035645,0.0,0.45262306928634644,0.47589802742004395,33.02373504638672
1781,238654,40000,6.735172748565674,0.00011650792293949053,0.00705961836501956,6.727996826171875,0.004080849699676037,6.319911956787109,0.0,0.431085467338562,0.4558081030845642,31.308210372924805,0.004080849699676037,6.319911956787109,0.0,0.431085467338562,0.4558081030845642,31.308210372924805
1782,238788,40000,6.139686584472656,0.00016067411343101412,0.008392560295760632,6.131133556365967,0.002387865912169218,5.8923468589782715,0.0,0.42784449458122253,0.44015657901763916,31.043750762939453,0.002387865912169218,5.8923468589782715,0.0,0.42784449458122253,0.44015657901763916,31.043750762939453
1783,238922,40000,11.075342178344727,8.148107735905796e-05,0.006941145285964012,11.068319320678711,0.011362859979271889,9.93203353881836,0.0,0.4612888693809509,0.48721545934677124,33.772125244140625,0.011362859979271889,9.93203353881836,0.0,0.4612888693809509,0.48721545934677124,33.772125244140625
1784,239056,40000,4.42664909362793,9.446564217796549e-05,0.005906735081225634,4.420648097991943,0.002919636433944106,4.1286845207214355,0.0,0.4425908327102661,0.43325144052505493,32.063812255859375,0.002919636433944106,4.1286845207214355,0.0,0.4425908327102661,0.43325144052505493,32.063812255859375
1785,239190,40000,6.188247203826904,0.00012107781367376447,0.01133683416992426,6.176789283752441,0.007694387808442116,5.407350540161133,0.0,0.4475344121456146,0.47372156381607056,32.256988525390625,0.007694387808442116,5.407350540161133,0.0,0.4475344121456146,0.47372156381607056,32.256988525390625
1786,239324,40000,4.882163047790527,0.00018519281002227217,0.007743477821350098,4.874234199523926,0.0038878724444657564,4.485446929931641,0.0,0.4295791685581207,0.45489031076431274,31.641977310180664,0.0038878724444657564,4.485446929931641,0.0,0.4295791685581207,0.45489031076431274,31.641977310180664
1787,239458,40000,7.223381996154785,0.00010297337576048449,0.00753081263974309,7.215748310089111,0.0018550248350948095,7.030245780944824,0.0,0.4276757836341858,0.43300116062164307,30.782703399658203,0.0018550248350948095,7.030245780944824,0.0,0.4276757836341858,0.43300116062164307,30.782703399658203
1788,239592,40000,8.834759712219238,9.132955892710015e-05,0.006645826157182455,8.828022956848145,0.002219363348558545,8.606086730957031,0.0,0.4154393672943115,0.44450831413269043,30.075952529907227,0.002219363348558545,8.606086730957031,0.0,0.4154393672943115,0.44450831413269043,30.075952529907227
1789,239726,40000,6.279057025909424,0.00012935919221490622,0.006906426046043634,6.272021293640137,0.002718095201998949,6.000211715698242,0.0,0.4313468635082245,0.44165897369384766,30.958017349243164,0.002718095201998949,6.000211715698242,0.0,0.4313468635082245,0.44165897369384766,30.958017349243164
1790,239860,40000,6.257074356079102,0.00021689025743398815,0.005296632181853056,6.251560688018799,0.0055236355401575565,5.699197292327881,0.0,0.4420425295829773,0.461286723613739,31.74230194091797,0.0055236355401575565,5.699197292327881,0.0,0.4420425295829773,0.461286723613739,31.74230194091797
1791,239994,40000,5.970942497253418,0.00014012855535838753,0.005768871866166592,5.965033531188965,0.004406645894050598,5.524368762969971,0.0,0.4347594380378723,0.456554651260376,31.091821670532227,0.004406645894050598,5.524368762969971,0.0,0.4347594380378723,0.456554651260376,31.091821670532227
1792,240128,40000,5.311398506164551,7.71232953411527e-05,0.006897985469549894,5.3044233322143555,0.002691530156880617,5.0352702140808105,0.0,0.4325641691684723,0.44038695096969604,31.30514907836914,0.002691530156880617,5.0352702140808105,0.0,0.4325641691684723,0.44038695096969604,31.30514907836914
1793,240262,40000,6.761458396911621,8.321693894686177e-05,0.00989491492509842,6.7514801025390625,0.003207611618563533,6.430718898773193,0.0,0.41959747672080994,0.4531370997428894,30.613183975219727,0.003207611618563533,6.430718898773193,0.0,0.41959747672080994,0.4531370997428894,30.613183975219727
1794,240396,40000,7.840104103088379,0.00012159055768279359,0.006511088460683823,7.833471298217773,0.004780113697052002,7.355459690093994,0.0,0.44053027033805847,0.4560126066207886,31.840194702148438,0.004780113697052002,7.355459690093994,0.0,0.44053027033805847,0.4560126066207886,31.840194702148438
1795,240530,40000,5.396878242492676,0.00013575327466242015,0.0068220351822674274,5.389920234680176,0.0019881706684827805,5.191102981567383,0.0,0.43298667669296265,0.43000084161758423,31.67218589782715,0.0019881706684827805,5.191102981567383,0.0,0.43298667669296265,0.43000084161758423,31.67218589782715
1796,240664,40000,6.0660295486450195,0.00010487353574717417,0.007729093544185162,6.0581955909729,0.00447792699560523,5.610403060913086,0.0,0.4307941496372223,0.4594108462333679,31.99480628967285,0.00447792699560523,5.610403060913086,0.0,0.4307941496372223,0.4594108462333679,31.99480628967285
1797,240798,40000,11.338440895080566,0.00011845072003779933,0.005945850163698196,11.332376480102539,0.006983151659369469,10.634060859680176,0.0,0.45462533831596375,0.4632394313812256,33.843563079833984,0.006983151659369469,10.634060859680176,0.0,0.45462533831596375,0.4632394313812256,33.843563079833984
1798,240932,40000,4.28134822845459,0.00010621360706863925,0.006780310999602079,4.27446174621582,0.0023185033351182938,4.042611598968506,0.0,0.4347117841243744,0.43337059020996094,31.35525894165039,0.0023185033351182938,4.042611598968506,0.0,0.4347117841243744,0.43337059020996094,31.35525894165039
1799,241066,40000,6.92921257019043,0.00010161099635297433,0.00947299599647522,6.919638156890869,0.005276953335851431,6.391942977905273,0.0,0.4427279531955719,0.4587475657463074,32.391578674316406,0.005276953335851431,6.391942977905273,0.0,0.4427279531955719,0.4587475657463074,32.391578674316406
1800,241200,40000,6.2096147537231445,0.00012769325985573232,0.00612129969522357,6.203365802764893,0.004748030565679073,5.728562831878662,0.0,0.43595442175865173,0.458781898021698,31.040813446044922,0.004748030565679073,5.728562831878662,0.0,0.43595442175865173,0.458781898021698,31.040813446044922
1801,241334,40000,5.659740447998047,8.831675222609192e-05,0.007969317026436329,5.6516828536987305,0.003475410398095846,5.304141998291016,0.0,0.4362821877002716,0.4464651942253113,31.197715759277344,0.003475410398095846,5.304141998291016,0.0,0.4362821877002716,0.4464651942253113,31.197715759277344
1802,241468,40000,6.165085315704346,7.45906145311892e-05,0.006602572277188301,6.158408164978027,0.0019332842202857137,5.9650797843933105,0.0,0.4352375268936157,0.4262983202934265,31.56589126586914,0.0019332842202857137,5.9650797843933105,0.0,0.4352375268936157,0.4262983202934265,31.56589126586914
1803,241602,40000,6.3950066566467285,6.072066389606334e-05,0.007934818044304848,6.3870110511779785,0.0026234383694827557,6.124667167663574,0.0,0.43522530794143677,0.43718355894088745,31.116931915283203,0.0026234383694827557,6.124667167663574,0.0,0.43522530794143677,0.43718355894088745,31.116931915283203
1804,241736,40000,7.827376365661621,8.386981789954007e-05,0.006286762189120054,7.821005821228027,0.0075582824647426605,7.0651774406433105,0.0,0.4451354146003723,0.4743039608001709,32.45351791381836,0.0075582824647426605,7.0651774406433105,0.0,0.4451354146003723,0.4743039608001709,32.45351791381836
1805,241870,40000,5.12654447555542,0.00020869426953140646,0.007008110173046589,5.119327545166016,0.003986520227044821,4.720675468444824,0.0,0.44550251960754395,0.4437726140022278,32.07026290893555,0.003986520227044821,4.720675468444824,0.0,0.44550251960754395,0.4437726140022278,32.07026290893555
1806,242004,40000,5.3697686195373535,0.0002558632695581764,0.007823504507541656,5.36168909072876,0.004189980681985617,4.942690849304199,0.0,0.44269806146621704,0.4486503601074219,32.27916717529297,0.004189980681985617,4.942690849304199,0.0,0.44269806146621704,0.4486503601074219,32.27916717529297
1807,242138,40000,8.904792785644531,6.736286741215736e-05,0.006631079129874706,8.898094177246094,0.00035256153205409646,8.862837791442871,0.0,0.4074714183807373,0.4172261357307434,29.700332641601562,0.00035256153205409646,8.862837791442871,0.0,0.4074714183807373,0.4172261357307434,29.700332641601562
1808,242272,40000,6.211087703704834,0.00012037591659463942,0.007464218884706497,6.203503131866455,0.0011827365960925817,6.085229396820068,0.0,0.42642009258270264,0.4220162630081177,30.797517776489258,0.0011827365960925817,6.085229396820068,0.0,0.42642009258270264,0.4220162630081177,30.797517776489258
1809,242406,40000,7.454842567443848,0.00019211805192753673,0.00670252088457346,7.447947978973389,0.0052430154755711555,6.923646450042725,0.0,0.4414675235748291,0.45935875177383423,32.160316467285156,0.0052430154755711555,6.923646450042725,0.0,0.4414675235748291,0.45935875177383423,32.160316467285156
1810,242540,40000,5.835066795349121,0.00012067961506545544,0.01049194484949112,5.824454307556152,0.0028271726332604885,5.541737079620361,0.0,0.4377842843532562,0.4374101758003235,31.7280216217041,0.0028271726332604885,5.541737079620361,0.0,0.4377842843532562,0.4374101758003235,31.7280216217041
1811,242674,40000,4.818364143371582,0.00018487552006263286,0.007187392562627792,4.8109917640686035,0.0021501081064343452,4.595981121063232,0.0,0.4373795986175537,0.42743855714797974,31.002626419067383,0.0021501081064343452,4.595981121063232,0.0,0.4373795986175537,0.42743855714797974,31.002626419067383
1812,242808,40000,4.251344680786133,9.016070544021204e-05,0.0052785929292440414,4.245975971221924,0.00361620937474072,3.884354829788208,0.0,0.4359022378921509,0.4482414722442627,31.406309127807617,0.00361620937474072,3.884354829788208,0.0,0.4359022378921509,0.4482414722442627,31.406309127807617
1813,242942,40000,5.658159255981445,0.00018830211774911731,0.007127351127564907,5.650843620300293,0.0036782079841941595,5.283022880554199,0.0,0.4260413646697998,0.4547727704048157,30.642969131469727,0.0036782079841941595,5.283022880554199,0.0,0.4260413646697998,0.4547727704048157,30.642969131469727
1814,243076,40000,5.404494762420654,0.00011537200771272182,0.006892974954098463,5.397486209869385,0.0032660712022334337,5.070878982543945,0.0,0.43178510665893555,0.4474950432777405,31.353282928466797,0.0032660712022334337,5.070878982543945,0.0,0.43178510665893555,0.4474950432777405,31.353282928466797
1815,243210,40000,6.617175579071045,9.330698230769485e-05,0.006937419064342976,6.61014461517334,0.0014254784910008311,6.467596530914307,0.0,0.4248674213886261,0.4284093379974365,31.002878189086914,0.0014254784910008311,6.467596530914307,0.0,0.4248674213886261,0.4284093379974365,31.002878189086914
1816,243344,40000,8.765856742858887,0.00010372242104494944,0.006675102282315493,8.759078025817871,0.008065183646976948,7.952559947967529,0.0,0.4533545672893524,0.47223901748657227,32.82801818847656,0.008065183646976948,7.952559947967529,0.0,0.4533545672893524,0.47223901748657227,32.82801818847656
1817,243478,40000,4.629505634307861,8.49290081532672e-05,0.00840320810675621,4.6210174560546875,0.005140748806297779,4.106942653656006,0.0,0.4410368502140045,0.4587939381599426,32.182987213134766,0.005140748806297779,4.106942653656006,0.0,0.4410368502140045,0.4587939381599426,32.182987213134766
1818,243612,40000,5.411702632904053,0.00018555560382083058,0.007566658779978752,5.403950214385986,0.003005560487508774,5.103394031524658,0.0,0.422730952501297,0.44988852739334106,30.74028778076172,0.003005560487508774,5.103394031524658,0.0,0.422730952501297,0.44988852739334106,30.74028778076172
1819,243746,40000,6.952273368835449,9.477473213337362e-05,0.008952567353844643,6.943225860595703,0.008872484788298607,6.0559773445129395,0.0,0.45171812176704407,0.4787256121635437,32.27041244506836,0.008872484788298607,6.0559773445129395,0.0,0.45171812176704407,0.4787256121635437,32.27041244506836
1820,243880,40000,7.6793532371521,6.642554217251018e-05,0.0077761150896549225,7.671510696411133,0.0061443401500582695,7.057076454162598,0.0,0.4526364803314209,0.4580839276313782,33.04948425292969,0.0061443401500582695,7.057076454162598,0.0,0.4526364803314209,0.4580839276313782,33.04948425292969
1821,244014,40000,5.966755390167236,8.432927279500291e-05,0.008167991414666176,5.958503246307373,0.004093781113624573,5.5491251945495605,0.0,0.43071475625038147,0.4561282992362976,31.039344787597656,0.004093781113624573,5.5491251945495605,0.0,0.43071475625038147,0.4561282992362976,31.039344787597656
1822,244148,40000,6.833811283111572,7.196365186246112e-05,0.006972832139581442,6.826766490936279,0.00225431309081614,6.601335048675537,0.0,0.4235745072364807,0.44121354818344116,30.65377426147461,0.00225431309081614,6.601335048675537,0.0,0.4235745072364807,0.44121354818344116,30.65377426147461
1823,244282,40000,7.035608291625977,0.0001203862193506211,0.007957156747579575,7.027530670166016,0.0059710233472287655,6.430428504943848,0.0,0.44362497329711914,0.4637799859046936,31.946924209594727,0.0059710233472287655,6.430428504943848,0.0,0.44362497329711914,0.4637799859046936,31.946924209594727
1824,244416,40000,4.888945579528809,0.00010736795957200229,0.006802788935601711,4.882035255432129,0.003916184883564711,4.490416526794434,0.0,0.43662023544311523,0.4507458806037903,31.510208129882812,0.003916184883564711,4.490416526794434,0.0,0.43662023544311523,0.4507458806037903,31.510208129882812
1825,244550,40000,5.090726375579834,9.154035069514066e-05,0.006971604190766811,5.083663463592529,0.002000853419303894,4.883578300476074,0.0,0.432996928691864,0.4302002787590027,31.658592224121094,0.002000853419303894,4.883578300476074,0.0,0.432996928691864,0.4302002787590027,31.658592224121094
1826,244684,40000,4.977589130401611,0.00014011630264576524,0.007131403777748346,4.970317840576172,0.0027735824696719646,4.692959785461426,0.0,0.4314010441303253,0.44227951765060425,31.46514129638672,0.0027735824696719646,4.692959785461426,0.0,0.4314010441303253,0.44227951765060425,31.46514129638672
1827,244818,40000,6.912823677062988,0.00016168273577932268,0.006037482526153326,6.9066243171691895,0.004510229453444481,6.455601215362549,0.0,0.4459104537963867,0.44901490211486816,32.30519104003906,0.004510229453444481,6.455601215362549,0.0,0.4459104537963867,0.44901490211486816,32.30519104003906
1828,244952,40000,5.507320880889893,8.646963397040963e-05,0.008677172474563122,5.498557090759277,0.0011808620765805244,5.3804707527160645,0.0,0.4209637939929962,0.42722833156585693,31.169939041137695,0.0011808620765805244,5.3804707527160645,0.0,0.4209637939929962,0.42722833156585693,31.169939041137695
1829,245086,40000,5.711056709289551,0.0002958156110253185,0.006097610108554363,5.704663276672363,0.0029126806184649467,5.413395404815674,0.0,0.43074682354927063,0.44435441493988037,31.687427520751953,0.0029126806184649467,5.413395404815674,0.0,0.43074682354927063,0.44435441493988037,31.687427520751953
1830,245220,40000,7.1159210205078125,0.0001826185907702893,0.008206608705222607,7.107532024383545,0.00014184662722982466,7.093347549438477,0.0,0.41023632884025574,0.40608805418014526,30.421314239501953,0.00014184662722982466,7.093347549438477,0.0,0.41023632884025574,0.40608805418014526,30.421314239501953
1831,245354,40000,6.958731651306152,0.0001119984153774567,0.006935575045645237,6.95168399810791,0.005062018521130085,6.44548225402832,0.0,0.4482623338699341,0.4522758722305298,32.65415954589844,0.005062018521130085,6.44548225402832,0.0,0.4482623338699341,0.4522758722305298,32.65415954589844
1832,245488,40000,6.301172733306885,0.0001381042820867151,0.006919650360941887,6.29411506652832,0.0014311685226857662,6.150998115539551,0.0,0.4305175244808197,0.42235732078552246,31.664384841918945,0.0014311685226857662,6.150998115539551,0.0,0.4305175244808197,0.42235732078552246,31.664384841918945
1833,245622,40000,5.730767250061035,7.768509385641664e-05,0.007205014117062092,5.723484516143799,0.006691190414130688,5.054365634918213,0.0,0.4450991153717041,0.46824413537979126,32.481754302978516,0.006691190414130688,5.054365634918213,0.0,0.4450991153717041,0.46824413537979126,32.481754302978516
1834,245756,40000,4.804086685180664,0.00010651247430359945,0.006699803285300732,4.797280311584473,0.0032347869127988815,4.473801612854004,0.0,0.4313761591911316,0.447437584400177,31.21570587158203,0.0032347869127988815,4.473801612854004,0.0,0.4313761591911316,0.447437584400177,31.21570587158203
1835,245890,40000,5.84507417678833,8.869996963767335e-05,0.008951068855822086,5.836034297943115,0.003963680937886238,5.439666271209717,0.0,0.43177101016044617,0.45435333251953125,31.90829849243164,0.003963680937886238,5.439666271209717,0.0,0.43177101016044617,0.45435333251953125,31.90829849243164
1836,246024,40000,5.527950286865234,6.9808003900107e-05,0.007095494773238897,5.520784854888916,0.002906859153881669,5.230098724365234,0.0,0.42879098653793335,0.44558441638946533,31.434680938720703,0.002906859153881669,5.230098724365234,0.0,0.42879098653793335,0.44558441638946533,31.434680938720703
1837,246158,40000,6.531420707702637,0.00013955360918771476,0.0069718388840556145,6.524309158325195,0.005271061323583126,5.9972028732299805,0.0,0.4499090313911438,0.45272713899612427,32.49076461791992,0.005271061323583126,5.9972028732299805,0.0,0.4499090313911438,0.45272713899612427,32.49076461791992
1838,246292,40000,5.347846984863281,0.00014403036038856953,0.009979838505387306,5.337723255157471,0.003618648974224925,4.975858211517334,0.0,0.43114516139030457,0.45146483182907104,31.127391815185547,0.003618648974224925,4.975858211517334,0.0,0.43114516139030457,0.45146483182907104,31.127391815185547
1839,246426,40000,4.913702487945557,7.107765122782439e-05,0.006945890374481678,4.9066853523254395,0.004158347845077515,4.490850448608398,0.0,0.4383118748664856,0.45187050104141235,31.6572322845459,0.004158347845077515,4.490850448608398,0.0,0.4383118748664856,0.45187050104141235,31.6572322845459
1840,246560,40000,6.347832202911377,0.00012419087579473853,0.00812153797596693,6.33958625793457,0.005349999293684959,5.804586410522461,0.0,0.438835471868515,0.4619823098182678,32.329017639160156,0.005349999293684959,5.804586410522461,0.0,0.438835471868515,0.4619823098182678,32.329017639160156
1841,246694,40000,6.639797687530518,0.0001310172665398568,0.006589733529835939,6.633077144622803,0.005230278708040714,6.110049247741699,0.0,0.4422382712364197,0.45870441198349,32.3532600402832,0.005230278708040714,6.110049247741699,0.0,0.4422382712364197,0.45870441198349,32.3532600402832
1842,246828,40000,9.322153091430664,0.00014393628225661814,0.007970500737428665,9.314038276672363,0.005606211256235838,8.753417015075684,0.0,0.44746050238609314,0.45791125297546387,32.822662353515625,0.005606211256235838,8.753417015075684,0.0,0.44746050238609314,0.45791125297546387,32.822662353515625
1843,246962,40000,7.912528991699219,0.00025906049995683134,0.005146468058228493,7.907123565673828,0.004772297106683254,7.429893970489502,0.0,0.433210551738739,0.4605752229690552,30.87166976928711,0.004772297106683254,7.429893970489502,0.0,0.433210551738739,0.4605752229690552,30.87166976928711
1844,247096,40000,6.612636089324951,9.678885544417426e-05,0.006502419710159302,6.60603666305542,0.0022184618283063173,6.384190559387207,0.0,0.41863659024238586,0.443256676197052,30.44403648376465,0.0022184618283063173,6.384190559387207,0.0,0.41863659024238586,0.443256676197052,30.44403648376465
1845,247230,40000,6.149582862854004,0.00013434608990792185,0.007087009958922863,6.142361640930176,0.0027947735507041216,5.862884521484375,0.0,0.4268900454044342,0.4455159306526184,31.464706420898438,0.0027947735507041216,5.862884521484375,0.0,0.4268900454044342,0.4455159306526184,31.464706420898438
1846,247364,40000,6.9346923828125,0.00018990856187883765,0.00839252583682537,6.926109790802002,0.004230858292430639,6.503024101257324,0.0,0.4348445534706116,0.45492464303970337,32.1861457824707,0.004230858292430639,6.503024101257324,0.0,0.4348445534706116,0.45492464303970337,32.1861457824707
1847,247498,40000,5.02480936050415,0.0002203997428296134,0.008865424431860447,5.015723705291748,0.002944847336038947,4.72123908996582,0.0,0.42648983001708984,0.4473617672920227,31.489782333374023,0.002944847336038947,4.72123908996582,0.0,0.42648983001708984,0.4473617672920227,31.489782333374023
1848,247632,40000,6.806977272033691,0.00019432269618846476,0.006985904183238745,6.799797058105469,0.005626847967505455,6.237112045288086,0.0,0.43968451023101807,0.4636552333831787,32.03207778930664,0.005626847967505455,6.237112045288086,0.0,0.43968451023101807,0.4636552333831787,32.03207778930664
1849,247766,40000,6.552797794342041,0.0001170206451206468,0.0072707366198301315,6.54541015625,0.0047149211168289185,6.073917865753174,0.0,0.4398542046546936,0.4559156894683838,31.944091796875,0.0047149211168289185,6.073917865753174,0.0,0.4398542046546936,0.4559156894683838,31.944091796875
1850,247900,40000,5.9758830070495605,8.465709106530994e-05,0.009248532354831696,5.966549873352051,0.002708445070311427,5.695705413818359,0.0,0.43043893575668335,0.4422127604484558,31.412378311157227,0.002708445070311427,5.695705413818359,0.0,0.43043893575668335,0.4422127604484558,31.412378311157227
1851,248034,40000,8.936688423156738,0.0001312655076617375,0.006692004855722189,8.929864883422852,0.00767900375649333,8.161964416503906,0.0,0.46110647916793823,0.4628092646598816,33.361717224121094,0.00767900375649333,8.161964416503906,0.0,0.46110647916793823,0.4628092646598816,33.361717224121094
1852,248168,40000,6.156136512756348,6.242449308047071e-05,0.007481476292014122,6.148592472076416,0.0038215932436287403,5.766433238983154,0.0,0.4394342005252838,0.44760817289352417,31.576505661010742,0.0038215932436287403,5.766433238983154,0.0,0.4394342005252838,0.44760817289352417,31.576505661010742
1853,248302,40000,4.372403621673584,0.0001778927253326401,0.005650200881063938,4.366575717926025,0.0018405977170914412,4.182516098022461,0.0,0.43035122752189636,0.4303216338157654,31.449684143066406,0.0018405977170914412,4.182516098022461,0.0,0.43035122752189636,0.4303216338157654,31.449684143066406
1854,248436,40000,7.67117977142334,0.000280170381302014,0.005985555704683065,7.664914131164551,0.007478039246052504,6.917109966278076,0.0,0.4480951726436615,0.4718672037124634,32.75481033325195,0.007478039246052504,6.917109966278076,0.0,0.4480951726436615,0.4718672037124634,32.75481033325195
1855,248570,40000,10.075119972229004,0.00019109640561509877,0.00737973116338253,10.067548751831055,0.000316947785904631,10.03585433959961,0.0,0.40688666701316833,0.41641712188720703,29.444353103637695,0.000316947785904631,10.03585433959961,0.0,0.40688666701316833,0.41641712188720703,29.444353103637695
1856,248704,40000,6.588978290557861,0.00012121958570787683,0.008814620785415173,6.580042362213135,0.0030073896050453186,6.279303550720215,0.0,0.43505844473838806,0.44216984510421753,31.295888900756836,0.0030073896050453186,6.279303550720215,0.0,0.43505844473838806,0.44216984510421753,31.295888900756836
1857,248838,40000,5.747590065002441,0.00011855230695800856,0.0062880199402570724,5.741183280944824,0.002754651475697756,5.4657182693481445,0.0,0.4243980944156647,0.44646918773651123,30.749109268188477,0.002754651475697756,5.4657182693481445,0.0,0.4243980944156647,0.44646918773651123,30.749109268188477
1858,248972,40000,4.511032581329346,9.210134885506704e-05,0.006322747562080622,4.504617691040039,0.002154970308765769,4.289120674133301,0.0,0.43281498551368713,0.4328351616859436,31.733436584472656,0.002154970308765769,4.289120674133301,0.0,0.43281498551368713,0.4328351616859436,31.733436584472656
1859,249106,40000,8.368577003479004,0.00011280590842943639,0.005823309998959303,8.362641334533691,0.0006304091075435281,8.299600601196289,0.0,0.41524457931518555,0.4199502468109131,30.03316879272461,0.0006304091075435281,8.299600601196289,0.0,0.41524457931518555,0.4199502468109131,30.03316879272461
1860,249240,40000,4.785926818847656,7.320250006159768e-05,0.006002585403621197,4.779850959777832,0.005835669580847025,4.19628381729126,0.0,0.4395420253276825,0.4653612971305847,31.901456832885742,0.005835669580847025,4.19628381729126,0.0,0.4395420253276825,0.4653612971305847,31.901456832885742
1861,249374,40000,5.055209159851074,0.00010114506585523486,0.0075157866813242435,5.0475921630859375,0.0038725677877664566,4.660335540771484,0.0,0.44580838084220886,0.4421207904815674,32.27421569824219,0.0038725677877664566,4.660335540771484,0.0,0.44580838084220886,0.4421207904815674,32.27421569824219
1862,249508,40000,5.716113567352295,9.500435407971963e-05,0.0072251842357218266,5.7087931632995605,0.0016935606254264712,5.539437294006348,0.0,0.4240868389606476,0.43336743116378784,30.533239364624023,0.0016935606254264712,5.539437294006348,0.0,0.4240868389606476,0.43336743116378784,30.533239364624023
1863,249642,40000,5.674353122711182,0.00017365848179906607,0.006141063757240772,5.668038368225098,0.0017498284578323364,5.49305534362793,0.0,0.43233826756477356,0.4265342354774475,30.955120086669922,0.0017498284578323364,5.49305534362793,0.0,0.43233826756477356,0.4265342354774475,30.955120086669922
1864,249776,40000,4.966071128845215,8.711640111869201e-05,0.005944835487753153,4.960039138793945,0.004992777947336435,4.460761547088623,0.0,0.441623330116272,0.4570988416671753,32.1192626953125,0.004992777947336435,4.460761547088623,0.0,0.441623330116272,0.4570988416671753,32.1192626953125
1865,249910,40000,4.912052154541016,0.00018722568347584456,0.006288127973675728,4.905576705932617,0.002421597484499216,4.663416862487793,0.0,0.43161922693252563,0.4377070665359497,30.968605041503906,0.002421597484499216,4.663416862487793,0.0,0.43161922693252563,0.4377070665359497,30.968605041503906
1866,250044,40000,5.816418647766113,0.00011164955503772944,0.006900800857692957,5.809406280517578,0.0067513687536120415,5.1342692375183105,0.0,0.44849875569343567,0.4663267731666565,32.387454986572266,0.0067513687536120415,5.1342692375183105,0.0,0.44849875569343567,0.4663267731666565,32.387454986572266
1867,250178,40000,5.806387424468994,0.00036951288348063827,0.008052000775933266,5.797966003417969,0.0010788766667246819,5.690078258514404,0.0,0.4248400032520294,0.42149072885513306,30.86511993408203,0.0010788766667246819,5.690078258514404,0.0,0.4248400032520294,0.42149072885513306,30.86511993408203
1868,250312,40000,5.674595832824707,0.00013121875235810876,0.007398173678666353,5.66706657409668,0.0026765416841953993,5.399412155151367,0.0,0.42091575264930725,0.4473188519477844,30.700944900512695,0.0026765416841953993,5.399412155151367,0.0,0.42091575264930725,0.4473188519477844,30.700944900512695
1869,250446,40000,5.377295970916748,8.451780013274401e-05,0.008112591691315174,5.369098663330078,0.0015080460580065846,5.218294143676758,0.0,0.43085476756095886,0.4235802888870239,31.704015731811523,0.0015080460580065846,5.218294143676758,0.0,0.43085476756095886,0.4235802888870239,31.704015731811523
1870,250580,40000,4.856821537017822,8.330999116878957e-05,0.007315727416425943,4.849422454833984,0.00270113255828619,4.579308986663818,0.0,0.4373837411403656,0.43610525131225586,32.170413970947266,0.00270113255828619,4.579308986663818,0.0,0.4373837411403656,0.43610525131225586,32.170413970947266
1871,250714,40000,4.175014019012451,6.424527964554727e-05,0.00617473479360342,4.1687750816345215,0.0014293468557298183,4.0258402824401855,0.0,0.4335686266422272,0.417392373085022,31.9556827545166,0.0014293468557298183,4.0258402824401855,0.0,0.4335686266422272,0.417392373085022,31.9556827545166
1872,250848,40000,7.4009199142456055,0.00033073153463192284,0.007269283756613731,7.393320083618164,0.0026017415802925825,7.133145809173584,0.0,0.42407146096229553,0.4449700713157654,30.343210220336914,0.0026017415802925825,7.133145809173584,0.0,0.42407146096229553,0.4449700713157654,30.343210220336914
1873,250982,40000,5.9823503494262695,9.664065146353096e-05,0.006439766380935907,5.975813865661621,0.002142843557521701,5.761529445648193,0.0,0.4289396405220032,0.43612951040267944,30.821470260620117,0.002142843557521701,5.761529445648193,0.0,0.4289396405220032,0.43612951040267944,30.821470260620117
1874,251116,40000,6.061903953552246,0.00011077603994635865,0.008050315082073212,6.0537428855896,0.004791594110429287,5.574583530426025,0.0,0.44107580184936523,0.45571690797805786,32.000431060791016,0.004791594110429287,5.574583530426025,0.0,0.44107580184936523,0.45571690797805786,32.000431060791016
1875,251250,40000,7.675848960876465,0.00022932561114430428,0.007241896353662014,7.668377876281738,0.005107336677610874,7.157644271850586,0.0,0.4348880350589752,0.46237117052078247,31.583677291870117,0.005107336677610874,7.157644271850586,0.0,0.4348880350589752,0.46237117052078247,31.583677291870117
1876,251384,40000,7.929434299468994,9.160795889329165e-05,0.008563289418816566,7.920779228210449,0.008940589614212513,7.02672004699707,0.0,0.45065125823020935,0.4798438549041748,33.08922576904297,0.008940589614212513,7.02672004699707,0.0,0.45065125823020935,0.4798438549041748,33.08922576904297
1877,251518,40000,8.753006935119629,0.00013269764895085245,0.007752368226647377,8.745121955871582,0.0013157755602151155,8.613544464111328,0.0,0.4186212718486786,0.4311291575431824,30.220687866210938,0.0013157755602151155,8.613544464111328,0.0,0.4186212718486786,0.4311291575431824,30.220687866210938
1878,251652,40000,6.268872261047363,9.21245664358139e-05,0.00635201670229435,6.262428283691406,0.006581997498869896,5.604228496551514,0.0,0.4494369924068451,0.4643271565437317,32.83366394042969,0.006581997498869896,5.604228496551514,0.0,0.4494369924068451,0.4643271565437317,32.83366394042969
1879,251786,40000,8.070075035095215,8.901146065909415e-05,0.006506491452455521,8.06347942352295,0.00669628381729126,7.393851280212402,0.0,0.45037126541137695,0.46449047327041626,32.99281311035156,0.00669628381729126,7.393851280212402,0.0,0.45037126541137695,0.46449047327041626,32.99281311035156
1880,251920,40000,4.179873943328857,6.726084393449128e-05,0.008481994271278381,4.171324729919434,0.00256069703027606,3.915255069732666,0.0,0.43561670184135437,0.4359464645385742,31.920669555664062,0.00256069703027606,3.915255069732666,0.0,0.43561670184135437,0.4359464645385742,31.920669555664062
1881,252054,40000,6.036503314971924,0.00018547786748968065,0.0064209806732833385,6.0298967361450195,0.004647284280508757,5.565168380737305,0.0,0.43937283754348755,0.45565128326416016,31.916095733642578,0.004647284280508757,5.565168380737305,0.0,0.43937283754348755,0.45565128326416016,31.916095733642578
1882,252188,40000,5.387450218200684,7.62621930334717e-05,0.00904204323887825,5.378332138061523,0.005303398706018925,4.847992420196533,0.0,0.4379167854785919,0.4621748924255371,31.629209518432617,0.005303398706018925,4.847992420196533,0.0,0.4379167854785919,0.4621748924255371,31.629209518432617
1883,252322,40000,8.216054916381836,0.00017236778512597084,0.005682975519448519,8.210199356079102,0.0011125609744340181,8.098943710327148,0.0,0.4139922261238098,0.43027836084365845,30.034912109375,0.0011125609744340181,8.098943710327148,0.0,0.4139922261238098,0.43027836084365845,30.034912109375
1884,252456,40000,6.683593273162842,0.0005777106271125376,0.006985751446336508,6.676029682159424,0.001766774570569396,6.49935245513916,0.0,0.4265986680984497,0.4325466752052307,30.857206344604492,0.001766774570569396,6.49935245513916,0.0,0.4265986680984497,0.4325466752052307,30.857206344604492
1885,252590,40000,6.646037578582764,0.00010289475903846323,0.007348990999162197,6.638585567474365,0.002271185629069805,6.4114670753479,0.0,0.428646981716156,0.4380859136581421,30.140710830688477,0.002271185629069805,6.4114670753479,0.0,0.428646981716156,0.4380859136581421,30.140710830688477
1886,252724,40000,5.035843372344971,7.322078454308212e-05,0.007114383392035961,5.028656005859375,0.0028511665295809507,4.743539333343506,0.0,0.4260377883911133,0.44661760330200195,31.361825942993164,0.0028511665295809507,4.743539333343506,0.0,0.4260377883911133,0.44661760330200195,31.361825942993164
1887,252858,40000,4.734238147735596,0.00013720871356781572,0.0074834199622273445,4.726617336273193,0.002177922520786524,4.508825302124023,0.0,0.43905311822891235,0.4255495071411133,31.282712936401367,0.002177922520786524,4.508825302124023,0.0,0.43905311822891235,0.4255495071411133,31.282712936401367
1888,252992,40000,5.966969013214111,9.364352445118129e-05,0.00757561344653368,5.959299564361572,0.0052101947367191315,5.43828010559082,0.0,0.435706228017807,0.46273165941238403,31.929176330566406,0.0052101947367191315,5.43828010559082,0.0,0.435706228017807,0.46273165941238403,31.929176330566406
1889,253126,40000,7.4992876052856445,0.00011691771214827895,0.007186682429164648,7.491983890533447,0.0068100327625870705,6.810980796813965,0.0,0.44908565282821655,0.46633726358413696,32.510108947753906,0.0068100327625870705,6.810980796813965,0.0,0.44908565282821655,0.46633726358413696,32.510108947753906
1890,253260,40000,5.86329984664917,0.00011047687439713627,0.0073244934901595116,5.855865001678467,0.0012116970028728247,5.7346954345703125,0.0,0.4247802197933197,0.42444664239883423,30.939132690429688,0.0012116970028728247,5.7346954345703125,0.0,0.4247802197933197,0.42444664239883423,30.939132690429688
1891,253394,40000,6.283508777618408,0.00011220270971534774,0.006701381411403418,6.276695251464844,0.003501618281006813,5.926533222198486,0.0,0.4458739161491394,0.4373791813850403,32.454105377197266,0.003501618281006813,5.926533222198486,0.0,0.4458739161491394,0.4373791813850403,32.454105377197266
1892,253528,40000,5.368689060211182,7.642390119144693e-05,0.005904319230467081,5.36270809173584,0.0015898070996627212,5.2037272453308105,0.0,0.4292566776275635,0.42708975076675415,31.637229919433594,0.0015898070996627212,5.2037272453308105,0.0,0.4292566776275635,0.42708975076675415,31.637229919433594
1893,253662,40000,5.114246368408203,0.00014981083222664893,0.006671687588095665,5.107424736022949,0.0020045414566993713,4.906970500946045,0.0,0.43072354793548584,0.43256694078445435,31.299020767211914,0.0020045414566993713,4.906970500946045,0.0,0.43072354793548584,0.43256694078445435,31.299020767211914
1894,253796,40000,5.203904628753662,0.00010654720244929194,0.007174404803663492,5.196623802185059,0.0024244505912065506,4.954178810119629,0.0,0.43717896938323975,0.4322827458381653,32.1750602722168,0.0024244505912065506,4.954178810119629,0.0,0.43717896938323975,0.4322827458381653,32.1750602722168
1895,253930,40000,7.022552490234375,0.00013446375669445843,0.006063849199563265,7.016354084014893,0.005524716340005398,6.4638824462890625,0.0,0.4409612715244293,0.4620233178138733,31.929855346679688,0.005524716340005398,6.4638824462890625,0.0,0.4409612715244293,0.4620233178138733,31.929855346679688
1896,254064,40000,7.116957664489746,0.0001392905687680468,0.00693740788847208,7.1098809242248535,0.007529410067945719,6.356939792633057,0.0,0.4522152245044708,0.46930354833602905,32.74990463256836,0.007529410067945719,6.356939792633057,0.0,0.4522152245044708,0.46930354833602905,32.74990463256836
1897,254198,40000,7.229208469390869,0.0003879799332935363,0.010097630321979523,7.218722820281982,0.0022898963652551174,6.9897332191467285,0.0,0.42194804549217224,0.44252270460128784,30.489362716674805,0.0022898963652551174,6.9897332191467285,0.0,0.42194804549217224,0.44252270460128784,30.489362716674805
1898,254332,40000,6.119436264038086,9.924583719111979e-05,0.007313119247555733,6.112023830413818,0.003956519067287445,5.716372013092041,0.0,0.42666947841644287,0.45696717500686646,30.8791561126709,0.003956519067287445,5.716372013092041,0.0,0.42666947841644287,0.45696717500686646,30.8791561126709
1899,254466,40000,7.062665939331055,7.730396464467049e-05,0.006868770346045494,7.05571985244751,0.005682014860212803,6.487518310546875,0.0,0.4511261284351349,0.4553907513618469,32.72776412963867,0.005682014860212803,6.487518310546875,0.0,0.4511261284351349,0.4553907513618469,32.72776412963867
1900,254600,40000,6.509977340698242,7.496467151213437e-05,0.006064966320991516,6.503837585449219,0.0018684100359678268,6.3169965744018555,0.0,0.42431530356407166,0.43573760986328125,31.0482234954834,0.0018684100359678268,6.3169965744018555,0.0,0.42431530356407166,0.43573760986328125,31.0482234954834
1901,254734,40000,6.858875751495361,0.00015014373639132828,0.00909322127699852,6.849632263183594,0.0030575052369385958,6.543881893157959,0.0,0.4295838475227356,0.4467151165008545,31.468711853027344,0.0030575052369385958,6.543881893157959,0.0,0.4295838475227356,0.4467151165008545,31.468711853027344
1902,254868,40000,5.459115982055664,8.109295595204458e-05,0.007647255435585976,5.451387405395508,0.005602802615612745,4.891107082366943,0.0,0.4444294273853302,0.4602397680282593,31.805532455444336,0.005602802615612745,4.891107082366943,0.0,0.4444294273853302,0.4602397680282593,31.805532455444336
1903,255002,40000,5.484621047973633,9.323855920229107e-05,0.006514362059533596,5.478013515472412,0.003618034301325679,5.116209983825684,0.0,0.43996044993400574,0.4449577331542969,32.03977584838867,0.003618034301325679,5.116209983825684,0.0,0.43996044993400574,0.4449577331542969,32.03977584838867
1904,255136,40000,6.139647483825684,0.0001152758122771047,0.00834086537361145,6.131191253662109,0.004609978292137384,5.670193672180176,0.0,0.43708547949790955,0.45687395334243774,31.265729904174805,0.004609978292137384,5.670193672180176,0.0,0.43708547949790955,0.45687395334243774,31.265729904174805
1905,255270,40000,5.085768699645996,0.00012276144116185606,0.006794510874897242,5.078851222991943,0.002239090856164694,4.854942321777344,0.0,0.4313439428806305,0.4354492425918579,31.33981704711914,0.002239090856164694,4.854942321777344,0.0,0.4313439428806305,0.4354492425918579,31.33981704711914
1906,255404,40000,5.006072998046875,0.00027877549291588366,0.009042412042617798,4.99675178527832,0.005420011002570391,4.4547505378723145,0.0,0.4408794343471527,0.4612281322479248,31.658184051513672,0.005420011002570391,4.4547505378723145,0.0,0.4408794343471527,0.4612281322479248,31.658184051513672
1907,255538,40000,5.7788496017456055,0.00014828499115537852,0.008435419760644436,5.770266056060791,0.003478423925116658,5.422423839569092,0.0,0.43323469161987305,0.4487224817276001,31.4619197845459,0.003478423925116658,5.422423839569092,0.0,0.43323469161987305,0.4487224817276001,31.4619197845459
1908,255672,40000,6.213032245635986,0.0001018377733998932,0.006718265358358622,6.206212043762207,0.002940207254141569,5.912191390991211,0.0,0.4354552924633026,0.441025972366333,31.70123863220215,0.002940207254141569,5.912191390991211,0.0,0.4354552924633026,0.441025972366333,31.70123863220215
1909,255806,40000,5.160839557647705,0.00017829232092481107,0.007219887338578701,5.153441429138184,0.004417681135237217,4.711673259735107,0.0,0.43888360261917114,0.45390498638153076,31.923242568969727,0.004417681135237217,4.711673259735107,0.0,0.43888360261917114,0.45390498638153076,31.923242568969727
1910,255940,40000,6.494607448577881,0.0001535035844426602,0.009004919789731503,6.485448837280273,0.004803761839866638,6.005072593688965,0.0,0.4338362216949463,0.46048861742019653,31.82575225830078,0.004803761839866638,6.005072593688965,0.0,0.4338362216949463,0.46048861742019653,31.82575225830078
1911,256074,40000,4.079864025115967,0.00010427636152599007,0.006742432247847319,4.073017120361328,0.0029305857606232166,3.779958724975586,0.0,0.43414297699928284,0.4420100450515747,31.67182159423828,0.0029305857606232166,3.779958724975586,0.0,0.43414297699928284,0.4420100450515747,31.67182159423828
1912,256208,40000,5.413217067718506,0.00011095635272795334,0.00534554198384285,5.4077606201171875,0.0031682506669312716,5.090935707092285,0.0,0.43228739500045776,0.4461061358451843,31.499670028686523,0.0031682506669312716,5.090935707092285,0.0,0.43228739500045776,0.4461061358451843,31.499670028686523
1913,256342,40000,6.93286657333374,0.0001798086304916069,0.006344461347907782,6.926342487335205,0.003343074582517147,6.592034816741943,0.0,0.42413660883903503,0.45254045724868774,30.761882781982422,0.003343074582517147,6.592034816741943,0.0,0.42413660883903503,0.45254045724868774,30.761882781982422
1914,256476,40000,5.6201701164245605,9.446125477552414e-05,0.007213058415800333,5.612862586975098,0.00551160704344511,5.061701774597168,0.0,0.44223448634147644,0.4610561728477478,32.40701675415039,0.00551160704344511,5.061701774597168,0.0,0.44223448634147644,0.4610561728477478,32.40701675415039
1915,256610,40000,6.27783203125,0.00013001184561289847,0.005300375632941723,6.272401809692383,0.004168281797319651,5.855573654174805,0.0,0.4435630142688751,0.4476502537727356,32.260398864746094,0.004168281797319651,5.855573654174805,0.0,0.4435630142688751,0.4476502537727356,32.260398864746094
1916,256744,40000,5.725113868713379,0.00010785115591716021,0.008061351254582405,5.716944694519043,0.005591602995991707,5.157784461975098,0.0,0.440456748008728,0.46288764476776123,32.061439514160156,0.005591602995991707,5.157784461975098,0.0,0.440456748008728,0.46288764476776123,32.061439514160156
1917,256878,40000,5.0384979248046875,0.00010068983101518825,0.009075501933693886,5.029321670532227,0.006056548561900854,4.423666954040527,0.0,0.44726836681365967,0.46182435750961304,32.374183654785156,0.006056548561900854,4.423666954040527,0.0,0.44726836681365967,0.46182435750961304,32.374183654785156
1918,257012,40000,6.379550933837891,6.649047281825915e-05,0.0072741578333079815,6.372210502624512,0.008500102907419205,5.522200107574463,0.0,0.45235374569892883,0.47588932514190674,32.987037658691406,0.008500102907419205,5.522200107574463,0.0,0.45235374569892883,0.47588932514190674,32.987037658691406
1919,257146,40000,5.532201766967773,0.00012767066073138267,0.005854848772287369,5.526219367980957,0.0022095427848398685,5.305264949798584,0.0,0.43279656767845154,0.4336738586425781,31.258562088012695,0.0022095427848398685,5.305264949798584,0.0,0.43279656767845154,0.4336738586425781,31.258562088012695
1920,257280,40000,4.603912830352783,6.910081719979644e-05,0.0057882219552993774,4.598055362701416,0.001293106353841722,4.46874475479126,0.0,0.4236822724342346,0.42706024646759033,31.189250946044922,0.001293106353841722,4.46874475479126,0.0,0.4236822724342346,0.42706024646759033,31.189250946044922
1921,257414,40000,7.487868309020996,8.080378756858408e-05,0.007402225863188505,7.4803853034973145,0.002222135430201888,7.258171558380127,0.0,0.41961249709129333,0.44286590814590454,30.673534393310547,0.002222135430201888,7.258171558380127,0.0,0.41961249709129333,0.44286590814590454,30.673534393310547
1922,257548,40000,5.598535060882568,0.0003868228232022375,0.007107915822416544,5.591040134429932,0.006367884110659361,4.954251766204834,0.0,0.4434871971607208,0.4669085144996643,32.23162841796875,0.006367884110659361,4.954251766204834,0.0,0.4434871971607208,0.4669085144996643,32.23162841796875
1923,257682,40000,6.439422130584717,7.356137211900204e-05,0.007455619052052498,6.4318928718566895,0.0036711946595460176,6.0647735595703125,0.0,0.43067941069602966,0.45224910974502563,31.5223445892334,0.0036711946595460176,6.0647735595703125,0.0,0.43067941069602966,0.45224910974502563,31.5223445892334
1924,257816,40000,5.8511152267456055,0.00017496901273261756,0.007391391322016716,5.843548774719238,0.005218780133873224,5.3216705322265625,0.0,0.44529250264167786,0.4562793970108032,32.472354888916016,0.005218780133873224,5.3216705322265625,0.0,0.44529250264167786,0.4562793970108032,32.472354888916016
1925,257950,40000,5.958132266998291,0.0001671024801908061,0.008819266222417355,5.949145793914795,0.004994026850908995,5.449743270874023,0.0,0.4412703216075897,0.45736539363861084,32.3185920715332,0.004994026850908995,5.449743270874023,0.0,0.4412703216075897,0.45736539363861084,32.3185920715332
1926,258084,40000,6.319867134094238,0.0002015831123571843,0.009308845736086369,6.310356616973877,0.00627712719142437,5.682643890380859,0.0,0.4429442882537842,0.4665801525115967,32.315948486328125,0.00627712719142437,5.682643890380859,0.0,0.4429442882537842,0.4665801525115967,32.315948486328125
1927,258218,40000,4.342346668243408,0.00011326595995342359,0.006517371162772179,4.335716247558594,0.002146072220057249,4.1211090087890625,0.0,0.4261484146118164,0.4382404685020447,30.971620559692383,0.002146072220057249,4.1211090087890625,0.0,0.4261484146118164,0.4382404685020447,30.971620559692383
1928,258352,40000,7.975620269775391,0.00010058616317110136,0.005703581962734461,7.969816207885742,0.007369078695774078,7.232908248901367,0.0,0.4473206400871277,0.47162288427352905,32.452308654785156,0.007369078695774078,7.232908248901367,0.0,0.4473206400871277,0.47162288427352905,32.452308654785156
1929,258486,40000,4.096627235412598,0.0005187337519600987,0.006298280321061611,4.089810371398926,0.0030135991983115673,3.788450241088867,0.0,0.4343665838241577,0.4428081512451172,31.682693481445312,0.0030135991983115673,3.788450241088867,0.0,0.4343665838241577,0.4428081512451172,31.682693481445312
1930,258620,40000,6.228034019470215,8.688402158441022e-05,0.006586614064872265,6.221360683441162,0.004806111101061106,5.740749359130859,0.0,0.440653920173645,0.45615488290786743,32.069114685058594,0.004806111101061106,5.740749359130859,0.0,0.440653920173645,0.45615488290786743,32.069114685058594
1931,258754,40000,6.665544509887695,0.00028312363428995013,0.006595399230718613,6.658666133880615,0.004350113682448864,6.223654747009277,0.0,0.43979233503341675,0.45259928703308105,32.34856414794922,0.004350113682448864,6.223654747009277,0.0,0.43979233503341675,0.45259928703308105,32.34856414794922
1932,258888,40000,6.2807817459106445,7.177297084126621e-05,0.007191849406808615,6.273518085479736,0.0036452023778110743,5.908998012542725,0.0,0.43555203080177307,0.44879812002182007,31.837963104248047,0.0036452023778110743,5.908998012542725,0.0,0.43555203080177307,0.44879812002182007,31.837963104248047
1933,259022,40000,4.601893901824951,0.00010952015145448968,0.006838771514594555,4.594945430755615,0.001314487773925066,4.463496685028076,0.0,0.4239259362220764,0.42724037170410156,31.13007354736328,0.001314487773925066,4.463496685028076,0.0,0.4239259362220764,0.42724037170410156,31.13007354736328
1934,259156,40000,4.789027690887451,0.00011289750545984134,0.006570460274815559,4.782344341278076,0.0016149778384715319,4.620846748352051,0.0,0.4232877492904663,0.43275147676467896,31.4987735748291,0.0016149778384715319,4.620846748352051,0.0,0.4232877492904663,0.43275147676467896,31.4987735748291
1935,259290,40000,8.111702919006348,9.733645129017532e-05,0.007270692382007837,8.104334831237793,0.005604974925518036,7.543837070465088,0.0,0.4472687542438507,0.4580572247505188,32.83253479003906,0.005604974925518036,7.543837070465088,0.0,0.4472687542438507,0.4580572247505188,32.83253479003906
1936,259424,40000,5.4322381019592285,6.941038009244949e-05,0.007245894521474838,5.424922943115234,0.0031898377928882837,5.105938911437988,0.0,0.43768545985221863,0.44206714630126953,31.548561096191406,0.0031898377928882837,5.105938911437988,0.0,0.43768545985221863,0.44206714630126953,31.548561096191406
1937,259558,40000,5.437876224517822,0.00010433299758005887,0.0050622629933059216,5.432709693908691,0.0021742149256169796,5.215288162231445,0.0,0.4222699999809265,0.4409666061401367,31.371782302856445,0.0021742149256169796,5.215288162231445,0.0,0.4222699999809265,0.4409666061401367,31.371782302856445
1938,259692,40000,6.402231216430664,0.00011018021905329078,0.0074081746861338615,6.394712924957275,0.0028956453315913677,6.1051483154296875,0.0,0.42715850472450256,0.4464549422264099,31.483850479125977,0.0028956453315913677,6.1051483154296875,0.0,0.42715850472450256,0.4464549422264099,31.483850479125977
1939,259826,40000,6.304023742675781,9.432512160856277e-05,0.0061166356317698956,6.2978129386901855,0.0024527437053620815,6.0525383949279785,0.0,0.42318159341812134,0.4437648057937622,30.54458999633789,0.0024527437053620815,6.0525383949279785,0.0,0.42318159341812134,0.4437648057937622,30.54458999633789
1940,259960,40000,4.9269819259643555,0.0001940304646268487,0.006036276929080486,4.920751571655273,0.004692611284554005,4.45149040222168,0.0,0.43767786026000977,0.45721006393432617,31.409046173095703,0.004692611284554005,4.45149040222168,0.0,0.43767786026000977,0.45721006393432617,31.409046173095703
1941,260094,40000,3.991391897201538,8.65627735038288e-05,0.007060211151838303,3.9842450618743896,0.0028846170753240585,3.6957833766937256,0.0,0.43037569522857666,0.444293737411499,31.277990341186523,0.0028846170753240585,3.6957833766937256,0.0,0.43037569522857666,0.444293737411499,31.277990341186523
1942,260228,40000,5.941151142120361,0.0001467253314331174,0.008549263700842857,5.932455062866211,0.0015669611748307943,5.775758743286133,0.0,0.42929592728614807,0.42662161588668823,30.757667541503906,0.0015669611748307943,5.775758743286133,0.0,0.42929592728614807,0.42662161588668823,30.757667541503906
1943,260362,40000,6.45080041885376,8.611085650045425e-05,0.006564573850482702,6.444149971008301,0.004394279792904854,6.0047221183776855,0.0,0.4394287168979645,0.4532884359359741,32.330223083496094,0.004394279792904854,6.0047221183776855,0.0,0.4394287168979645,0.4532884359359741,32.330223083496094
1944,260496,40000,7.140995979309082,8.607925701653585e-05,0.008896845392882824,7.132012844085693,0.004372820723801851,6.694730758666992,0.0,0.43001049757003784,0.4589253067970276,31.005563735961914,0.004372820723801851,6.694730758666992,0.0,0.43001049757003784,0.4589253067970276,31.005563735961914
1945,260630,40000,4.6262664794921875,9.018449782161042e-05,0.006375116761773825,4.619801044464111,0.0034429216757416725,4.275508880615234,0.0,0.4352618157863617,0.4468991160392761,31.8686466217041,0.0034429216757416725,4.275508880615234,0.0,0.4352618157863617,0.4468991160392761,31.8686466217041
1946,260764,40000,4.899536609649658,0.0001116575876949355,0.007001708261668682,4.892423152923584,0.0027903299778699875,4.61338996887207,0.0,0.4244326651096344,0.4468334913253784,31.20303726196289,0.0027903299778699875,4.61338996887207,0.0,0.4244326651096344,0.4468334913253784,31.20303726196289
1947,260898,40000,6.502003192901611,0.0001772661489667371,0.0070903124287724495,6.4947357177734375,0.0004689459747169167,6.447841167449951,0.0,0.41983336210250854,0.40869390964508057,30.233644485473633,0.0004689459747169167,6.447841167449951,0.0,0.41983336210250854,0.40869390964508057,30.233644485473633
1948,261032,40000,7.0929365158081055,9.982191841118038e-05,0.0057073067873716354,7.087129592895508,0.0049412911757826805,6.593000411987305,0.0,0.4532080590724945,0.4459368586540222,32.83455276489258,0.0049412911757826805,6.593000411987305,0.0,0.4532080590724945,0.4459368586540222,32.83455276489258
1949,261166,40000,5.198614120483398,0.00010066796676255763,0.007371200248599052,5.1911420822143555,0.004117270931601524,4.779415130615234,0.0,0.4386123716831207,0.4512479901313782,32.17549133300781,0.004117270931601524,4.779415130615234,0.0,0.4386123716831207,0.4512479901313782,32.17549133300781
1950,261300,40000,5.861665725708008,9.535329445498064e-05,0.007394202519208193,5.854176044464111,0.0040954831056296825,5.44462776184082,0.0,0.4451631009578705,0.44534069299697876,32.39519119262695,0.0040954831056296825,5.44462776184082,0.0,0.4451631009578705,0.44534069299697876,32.39519119262695
1951,261434,40000,5.7262468338012695,9.82999408734031e-05,0.005902010947465897,5.720246315002441,0.0029143155552446842,5.428814888000488,0.0,0.43066513538360596,0.44442933797836304,31.33648109436035,0.0029143155552446842,5.428814888000488,0.0,0.43066513538360596,0.44442933797836304,31.33648109436035
1952,261568,40000,5.556586742401123,0.00017024099361151457,0.007481389679014683,5.5489349365234375,0.0036593819968402386,5.18299674987793,0.0,0.4391934871673584,0.4460787773132324,31.83892822265625,0.0036593819968402386,5.18299674987793,0.0,0.4391934871673584,0.4460787773132324,31.83892822265625
1953,261702,40000,6.802210807800293,7.115936023183167e-05,0.006554213352501392,6.795585632324219,0.00025657546939328313,6.769927978515625,0.0,0.41556572914123535,0.40377938747406006,30.588027954101562,0.00025657546939328313,6.769927978515625,0.0,0.41556572914123535,0.40377938747406006,30.588027954101562
1954,261836,40000,5.295792102813721,0.00010457679309183732,0.004559122491627932,5.291128635406494,0.001169762690551579,5.174152374267578,0.0,0.425303190946579,0.4230111241340637,30.993793487548828,0.001169762690551579,5.174152374267578,0.0,0.425303190946579,0.4230111241340637,30.993793487548828
1955,261970,40000,5.734305381774902,8.318891923408955e-05,0.007506838068366051,5.726715564727783,0.0016759878490120173,5.559116840362549,0.0,0.4257063567638397,0.4318617582321167,31.080381393432617,0.0016759878490120173,5.559116840362549,0.0,0.4257063567638397,0.4318617582321167,31.080381393432617
1956,262104,40000,5.827366352081299,0.00018203427316620946,0.00647215498611331,5.820712089538574,0.001615765388123691,5.659135341644287,0.0,0.42184242606163025,0.43374425172805786,31.10717010498047,0.001615765388123691,5.659135341644287,0.0,0.42184242606163025,0.43374425172805786,31.10717010498047
1957,262238,40000,6.568606376647949,0.00021601257321890444,0.006902466993778944,6.561487674713135,0.0035604191944003105,6.205445766448975,0.0,0.4324173033237457,0.4500952959060669,31.183090209960938,0.0035604191944003105,6.205445766448975,0.0,0.4324173033237457,0.4500952959060669,31.183090209960938
1958,262372,40000,6.022761821746826,0.00029521703254431486,0.006401889957487583,6.016064643859863,0.0016064154915511608,5.8554229736328125,0.0,0.42518940567970276,0.43117547035217285,31.616313934326172,0.0016064154915511608,5.8554229736328125,0.0,0.42518940567970276,0.43117547035217285,31.616313934326172
1959,262506,40000,6.149426460266113,0.0005110017955303192,0.008647027425467968,6.140268325805664,0.004022348206490278,5.738033294677734,0.0,0.44508200883865356,0.44460898637771606,32.60054016113281,0.004022348206490278,5.738033294677734,0.0,0.44508200883865356,0.44460898637771606,32.60054016113281
1960,262640,40000,5.206734657287598,0.00011828327842522413,0.007893037050962448,5.198723316192627,0.00613071583211422,4.585651874542236,0.0,0.4460071325302124,0.463356614112854,32.280311584472656,0.00613071583211422,4.585651874542236,0.0,0.4460071325302124,0.463356614112854,32.280311584472656
1961,262774,40000,7.43743371963501,0.000302572560030967,0.007158287800848484,7.4299726486206055,0.0033725746907293797,7.092715263366699,0.0,0.4283190071582794,0.45070117712020874,30.704526901245117,0.0033725746907293797,7.092715263366699,0.0,0.4283190071582794,0.45070117712020874,30.704526901245117
1962,262908,40000,9.170948028564453,0.00021403103892225772,0.006635099183768034,9.164098739624023,0.00027745869010686874,9.1363525390625,0.0,0.4103088974952698,0.4130837917327881,29.5132999420166,0.00027745869010686874,9.1363525390625,0.0,0.4103088974952698,0.4130837917327881,29.5132999420166
1963,263042,40000,5.000829696655273,8.264523785328493e-05,0.007613263092935085,4.993134021759033,0.005262948572635651,4.46683931350708,0.0,0.4391982853412628,0.4610446095466614,31.871318817138672,0.005262948572635651,4.46683931350708,0.0,0.4391982853412628,0.4610446095466614,31.871318817138672
1964,263176,40000,5.168437480926514,0.00023080117534846067,0.007722560781985521,5.160484313964844,0.00429248483851552,4.731235980987549,0.0,0.4383605420589447,0.4531126618385315,32.24625778198242,0.00429248483851552,4.731235980987549,0.0,0.4383605420589447,0.4531126618385315,32.24625778198242
1965,263310,40000,3.9811933040618896,8.961655112216249e-05,0.005909918341785669,3.975193738937378,0.0021992106921970844,3.755272626876831,0.0,0.44064268469810486,0.4233962297439575,31.556211471557617,0.0021992106921970844,3.755272626876831,0.0,0.44064268469810486,0.4233962297439575,31.556211471557617
1966,263444,40000,6.286064624786377,0.00018085839110426605,0.0060993945226073265,6.279784202575684,0.0031437778379768133,5.96540641784668,0.0,0.4320855140686035,0.445981502532959,31.437236785888672,0.0031437778379768133,5.96540641784668,0.0,0.4320855140686035,0.445981502532959,31.437236785888672
1967,263578,40000,6.543887138366699,9.49394961935468e-05,0.00435638427734375,6.539435863494873,0.00019208595040254295,6.520227432250977,0.0,0.412080317735672,0.4067935347557068,30.258434295654297,0.00019208595040254295,6.520227432250977,0.0,0.412080317735672,0.4067935347557068,30.258434295654297
1968,263712,40000,5.9752583503723145,0.00011282038758508861,0.007095084059983492,5.968050479888916,0.006214185152202845,5.34663200378418,0.0,0.4382491409778595,0.46892887353897095,32.034393310546875,0.006214185152202845,5.34663200378418,0.0,0.4382491409778595,0.46892887353897095,32.034393310546875
1969,263846,40000,5.561359882354736,0.0001174360077129677,0.005183019209653139,5.55605936050415,0.0013609409797936678,5.4199652671813965,0.0,0.42691344022750854,0.42523109912872314,30.870637893676758,0.0013609409797936678,5.4199652671813965,0.0,0.42691344022750854,0.42523109912872314,30.870637893676758
1970,263980,40000,6.83869743347168,9.939996380126104e-05,0.007426799740642309,6.831171035766602,0.006820037495344877,6.149167537689209,0.0,0.4466436505317688,0.46814990043640137,32.63322448730469,0.006820037495344877,6.149167537689209,0.0,0.4466436505317688,0.46814990043640137,32.63322448730469
1971,264114,40000,4.950809001922607,0.00010750901856226847,0.006698193959891796,4.944003105163574,0.0023886598646640778,4.705137252807617,0.0,0.42351168394088745,0.44284695386886597,31.00670623779297,0.0023886598646640778,4.705137252807617,0.0,0.42351168394088745,0.44284695386886597,31.00670623779297
1972,264248,40000,6.157639980316162,9.860620775725693e-05,0.005783716216683388,6.151757717132568,0.0060980236157774925,5.541955471038818,0.0,0.44591352343559265,0.4631662368774414,32.449581146240234,0.0060980236157774925,5.541955471038818,0.0,0.44591352343559265,0.4631662368774414,32.449581146240234
1973,264382,40000,5.839559555053711,0.00012006374163320288,0.005440243985503912,5.833999156951904,0.0064849816262722015,5.1855010986328125,0.0,0.449170857667923,0.4637746810913086,32.27865219116211,0.0064849816262722015,5.1855010986328125,0.0,0.449170857667923,0.4637746810913086,32.27865219116211
1974,264516,40000,5.599548816680908,0.00010151805327041075,0.006493046879768372,5.592954158782959,0.0039022646378725767,5.202727794647217,0.0,0.43652546405792236,0.45067697763442993,32.02012634277344,0.0039022646378725767,5.202727794647217,0.0,0.43652546405792236,0.45067697763442993,32.02012634277344
1975,264650,40000,5.393922805786133,8.103390428004786e-05,0.0065866499207913876,5.3872551918029785,0.002195399720221758,5.167715072631836,0.0,0.4299529194831848,0.43603086471557617,31.317333221435547,0.002195399720221758,5.167715072631836,0.0,0.4299529194831848,0.43603086471557617,31.317333221435547
1976,264784,40000,5.6884236335754395,0.00011616972187766805,0.005556656047701836,5.682750701904297,0.002708793617784977,5.411871433258057,0.0,0.435495525598526,0.43806391954421997,31.695274353027344,0.002708793617784977,5.411871433258057,0.0,0.435495525598526,0.43806391954421997,31.695274353027344
1977,264918,40000,11.038668632507324,8.904532296583056e-05,0.00769072538241744,11.030888557434082,0.009564682841300964,10.074419975280762,0.0,0.46102336049079895,0.4764253497123718,33.78327941894531,0.009564682841300964,10.074419975280762,0.0,0.46102336049079895,0.4764253497123718,33.78327941894531
1978,265052,40000,5.886285305023193,8.080081170191988e-05,0.0051273442804813385,5.881077289581299,0.003988109529018402,5.482266426086426,0.0,0.43859612941741943,0.44998449087142944,32.228599548339844,0.003988109529018402,5.482266426086426,0.0,0.43859612941741943,0.44998449087142944,32.228599548339844
1979,265186,40000,5.847716331481934,7.421732880175114e-05,0.0073500932194292545,5.840291976928711,0.0031857420690357685,5.521717548370361,0.0,0.438109815120697,0.441633939743042,32.090946197509766,0.0031857420690357685,5.521717548370361,0.0,0.438109815120697,0.441633939743042,32.090946197509766
1980,265320,40000,5.218348503112793,7.191796612460166e-05,0.006163999903947115,5.2121124267578125,0.005840861238539219,4.628026485443115,0.0,0.43939080834388733,0.4654921889305115,32.495323181152344,0.005840861238539219,4.628026485443115,0.0,0.43939080834388733,0.4654921889305115,32.495323181152344
1981,265454,40000,5.353775978088379,8.997095574159175e-05,0.0077230497263371944,5.345963001251221,0.002571282209828496,5.088834762573242,0.0,0.42553141713142395,0.443811297416687,31.272768020629883,0.002571282209828496,5.088834762573242,0.0,0.42553141713142395,0.443811297416687,31.272768020629883
1982,265588,40000,6.347934722900391,5.106155731482431e-05,0.00820440985262394,6.33967924118042,0.0038753997068852186,5.952139377593994,0.0,0.43173903226852417,0.45355403423309326,30.488269805908203,0.0038753997068852186,5.952139377593994,0.0,0.43173903226852417,0.45355403423309326,30.488269805908203
1983,265722,40000,6.550543785095215,8.442271791864187e-05,0.00782598927617073,6.542633533477783,0.0027019481640309095,6.2724385261535645,0.0,0.43798166513442993,0.43548721075057983,32.202171325683594,0.0027019481640309095,6.2724385261535645,0.0,0.43798166513442993,0.43548721075057983,32.202171325683594
1984,265856,40000,3.8579869270324707,0.00014302901399787515,0.007239997386932373,3.8506038188934326,0.003899343777447939,3.46066951751709,0.0,0.44042709469795227,0.44759196043014526,31.617389678955078,0.003899343777447939,3.46066951751709,0.0,0.44042709469795227,0.44759196043014526,31.617389678955078
1985,265990,40000,6.356500148773193,8.207879000110552e-05,0.007011954672634602,6.3494062423706055,0.004921416752040386,5.857264518737793,0.0,0.4395875334739685,0.4579158425331116,32.097694396972656,0.004921416752040386,5.857264518737793,0.0,0.4395875334739685,0.4579158425331116,32.097694396972656
1986,266124,40000,5.309821605682373,9.18925361474976e-05,0.007677046116441488,5.3020524978637695,0.004888890311121941,4.8131632804870605,0.0,0.44941475987434387,0.44946789741516113,32.06394958496094,0.004888890311121941,4.8131632804870605,0.0,0.44941475987434387,0.44946789741516113,32.06394958496094
1987,266258,40000,6.991309642791748,0.0001611820625839755,0.0086225476115942,6.982525825500488,0.007820051163434982,6.2005205154418945,0.0,0.450970858335495,0.4722635746002197,33.045249938964844,0.007820051163434982,6.2005205154418945,0.0,0.450970858335495,0.4722635746002197,33.045249938964844
1988,266392,40000,6.214913845062256,0.00019533750310074538,0.006594184786081314,6.208124160766602,0.0006487296777777374,6.143251419067383,0.0,0.4129655361175537,0.4219231605529785,30.359094619750977,0.0006487296777777374,6.143251419067383,0.0,0.4129655361175537,0.4219231605529785,30.359094619750977
1989,266526,40000,7.045987606048584,6.187317194417119e-05,0.007853048853576183,7.03807258605957,0.001715746708214283,6.866497993469238,0.0,0.42359209060668945,0.4340464472770691,30.550670623779297,0.001715746708214283,6.866497993469238,0.0,0.42359209060668945,0.4340464472770691,30.550670623779297
1990,266660,40000,4.236532688140869,0.00010561264207353815,0.006373919080942869,4.230052947998047,0.002298595616593957,4.0001935958862305,0.0,0.4395861327648163,0.42704689502716064,31.828868865966797,0.002298595616593957,4.0001935958862305,0.0,0.4395861327648163,0.42704689502716064,31.828868865966797
1991,266794,40000,6.145088195800781,8.382991654798388e-05,0.006337661761790514,6.13866662979126,0.0007687963079661131,6.061787128448486,0.0,0.4187718629837036,0.4204062223434448,30.756793975830078,0.0007687963079661131,6.061787128448486,0.0,0.4187718629837036,0.4204062223434448,30.756793975830078
1992,266928,40000,9.815828323364258,0.00017491761536803097,0.005761474370956421,9.809891700744629,0.0004188482998870313,9.768007278442383,0.0,0.4111410975456238,0.4171675443649292,29.54401397705078,0.0004188482998870313,9.768007278442383,0.0,0.4111410975456238,0.4171675443649292,29.54401397705078
1993,267062,40000,7.510662078857422,0.0005607858183793724,0.009600763209164143,7.500500679016113,0.0013301598373800516,7.3674845695495605,0.0,0.4188300669193268,0.4312344193458557,30.375816345214844,0.0013301598373800516,7.3674845695495605,0.0,0.4188300669193268,0.4312344193458557,30.375816345214844
1994,267196,40000,6.400937080383301,9.249003778677434e-05,0.0072973440401256084,6.393547058105469,0.003942432347685099,5.999303817749023,0.0,0.43260738253593445,0.4536581039428711,32.24126434326172,0.003942432347685099,5.999303817749023,0.0,0.43260738253593445,0.4536581039428711,32.24126434326172
1995,267330,40000,6.342894554138184,0.0004077610792592168,0.007216189987957478,6.335270404815674,0.004922099877148867,5.843060493469238,0.0,0.4407900869846344,0.45708125829696655,32.3094367980957,0.004922099877148867,5.843060493469238,0.0,0.4407900869846344,0.45708125829696655,32.3094367980957
1996,267464,40000,4.733058452606201,9.363030403619632e-05,0.006528396625071764,4.726436614990234,0.0038714392576366663,4.339292526245117,0.0,0.4419032335281372,0.4459952116012573,31.954870223999023,0.0038714392576366663,4.339292526245117,0.0,0.4419032335281372,0.4459952116012573,31.954870223999023
1997,267598,40000,6.582878589630127,0.00017522436974104494,0.005551499780267477,6.577151775360107,0.0029625080060213804,6.280900955200195,0.0,0.443848192691803,0.4322466254234314,32.02273941040039,0.0029625080060213804,6.280900955200195,0.0,0.443848192691803,0.4322466254234314,32.02273941040039
1998,267732,40000,4.738448143005371,0.0002732113644015044,0.006400770973414183,4.73177433013916,0.004622400272637606,4.269534111022949,0.0,0.4418413043022156,0.4535883069038391,32.248573303222656,0.004622400272637606,4.269534111022949,0.0,0.4418413043022156,0.4535883069038391,32.248573303222656
1999,267866,40000,4.496792316436768,0.00013913468865212053,0.006516094785183668,4.490137100219727,0.004307756200432777,4.059361457824707,0.0,0.43324944376945496,0.4565882682800293,31.645584106445312,0.004307756200432777,4.059361457824707,0.0,0.43324944376945496,0.4565882682800293,31.645584106445312
2000,268000,40000,6.178393840789795,0.00015022416482679546,0.00893437396734953,6.169309139251709,0.004371684975922108,5.73214054107666,0.0,0.4397193491458893,0.4528588652610779,32.18389892578125,0.004371684975922108,5.73214054107666,0.0,0.4397193491458893,0.4528588652610779,32.18389892578125
2001,268134,40000,4.613123416900635,9.897478594211861e-05,0.007917224429547787,4.605107307434082,0.004300373140722513,4.175069808959961,0.0,0.44436028599739075,0.44829636812210083,32.19749450683594,0.004300373140722513,4.175069808959961,0.0,0.44436028599739075,0.44829636812210083,32.19749450683594
2002,268268,40000,5.491739273071289,0.0001102158785215579,0.006159241311252117,5.485469818115234,0.0017639014404267073,5.309079647064209,0.0,0.42544835805892944,0.4334108233451843,31.335006713867188,0.0017639014404267073,5.309079647064209,0.0,0.42544835805892944,0.4334108233451843,31.335006713867188
2003,268402,40000,7.748779296875,0.00013311501243151724,0.007331105414777994,7.741314888000488,0.0028946110978722572,7.4518537521362305,0.0,0.4260323941707611,0.4470842480659485,31.108722686767578,0.0028946110978722572,7.4518537521362305,0.0,0.4260323941707611,0.4470842480659485,31.108722686767578
2004,268536,40000,5.597170829772949,0.00016596235218457878,0.0059376792050898075,5.591067314147949,0.0027486253529787064,5.316205024719238,0.0,0.4299701452255249,0.4430164694786072,31.689611434936523,0.0027486253529787064,5.316205024719238,0.0,0.4299701452255249,0.4430164694786072,31.689611434936523
2005,268670,40000,6.3826904296875,0.00012146627705078572,0.005694532301276922,6.3768744468688965,0.0030314389150589705,6.07373046875,0.0,0.4317759573459625,0.44496363401412964,31.586021423339844,0.0030314389150589705,6.07373046875,0.0,0.4317759573459625,0.44496363401412964,31.586021423339844
2006,268804,40000,5.012123107910156,5.069675898994319e-05,0.006203117780387402,5.005869388580322,0.0010536552872508764,4.900503635406494,0.0,0.4264424741268158,0.4188268780708313,30.925107955932617,0.0010536552872508764,4.900503635406494,0.0,0.4264424741268158,0.4188268780708313,30.925107955932617
2007,268938,40000,4.324985980987549,0.00010550062143011019,0.0073568858206272125,4.31752347946167,0.0037434715777635574,3.94317626953125,0.0,0.43918296694755554,0.4469911456108093,31.938020706176758,0.0037434715777635574,3.94317626953125,0.0,0.43918296694755554,0.4469911456108093,31.938020706176758
2008,269072,40000,4.955140590667725,7.152317994041368e-05,0.007881333120167255,4.947187900543213,0.002626769244670868,4.684511184692383,0.0,0.43380579352378845,0.4385219216346741,31.709230422973633,0.002626769244670868,4.684511184692383,0.0,0.43380579352378845,0.4385219216346741,31.709230422973633
2009,269206,40000,5.929652690887451,8.667001384310424e-05,0.006870971992611885,5.922695159912109,0.0013579248916357756,5.78690242767334,0.0,0.4189130961894989,0.43162626028060913,30.663270950317383,0.0013579248916357756,5.78690242767334,0.0,0.4189130961894989,0.43162626028060913,30.663270950317383
2010,269340,40000,5.43081521987915,6.624958768952638e-05,0.007954679429531097,5.422794342041016,0.0046552689746022224,4.9572672843933105,0.0,0.44022002816200256,0.45511460304260254,32.36982727050781,0.0046552689746022224,4.9572672843933105,0.0,0.44022002816200256,0.45511460304260254,32.36982727050781
2011,269474,40000,6.797865390777588,0.0001265451282961294,0.005885438993573189,6.791853427886963,0.00583205372095108,6.208648204803467,0.0,0.448093444108963,0.4593217968940735,32.188697814941406,0.00583205372095108,6.208648204803467,0.0,0.448093444108963,0.4593217968940735,32.188697814941406
2012,269608,40000,6.020632743835449,0.00013685085286851972,0.007711532525718212,6.012784481048584,0.004538353066891432,5.558948993682861,0.0,0.43641477823257446,0.45667731761932373,31.698564529418945,0.004538353066891432,5.558948993682861,0.0,0.43641477823257446,0.45667731761932373,31.698564529418945
2013,269742,40000,6.3408002853393555,0.00011931127664865926,0.009297327138483524,6.33138370513916,0.003936135210096836,5.937770366668701,0.0,0.43639427423477173,0.45110374689102173,31.169723510742188,0.003936135210096836,5.937770366668701,0.0,0.43639427423477173,0.45110374689102173,31.169723510742188
2014,269876,40000,4.849417686462402,0.0001151708493125625,0.009016300551593304,4.8402862548828125,0.004485397133976221,4.391746520996094,0.0,0.43658703565597534,0.45609623193740845,31.89659881591797,0.004485397133976221,4.391746520996094,0.0,0.43658703565597534,0.45609623193740845,31.89659881591797
2015,270010,40000,5.650757312774658,0.0001808659581001848,0.006837955676019192,5.643738269805908,0.0007936577312648296,5.564372539520264,0.0,0.41584035754203796,0.42329680919647217,30.934755325317383,0.0007936577312648296,5.564372539520264,0.0,0.41584035754203796,0.42329680919647217,30.934755325317383
2016,270144,40000,5.389183044433594,8.479702955810353e-05,0.00895681232213974,5.380141258239746,0.002087763976305723,5.171364784240723,0.0,0.4323231279850006,0.43229520320892334,31.30919647216797,0.002087763976305723,5.171364784240723,0.0,0.4323231279850006,0.43229520320892334,31.30919647216797
2017,270278,40000,4.627072334289551,9.201126522384584e-05,0.007179164793342352,4.619801044464111,0.002389071974903345,4.380893707275391,0.0,0.4344433844089508,0.43468034267425537,30.93270492553711,0.002389071974903345,4.380893707275391,0.0,0.4344433844089508,0.43468034267425537,30.93270492553711
2018,270412,40000,4.773891925811768,7.005197403486818e-05,0.006643040105700493,4.767179012298584,0.001986309653148055,4.568548202514648,0.0,0.43575045466423035,0.42661231756210327,32.027923583984375,0.001986309653148055,4.568548202514648,0.0,0.43575045466423035,0.42661231756210327,32.027923583984375
2019,270546,40000,7.403128623962402,8.763624646235257e-05,0.006633983924984932,7.396407127380371,0.00803077220916748,6.593329906463623,0.0,0.4490639567375183,0.47499001026153564,32.94047164916992,0.00803077220916748,6.593329906463623,0.0,0.4490639567375183,0.47499001026153564,32.94047164916992
2020,270680,40000,5.35043478012085,0.0001344170595984906,0.006052718963474035,5.344247817993164,0.002705719554796815,5.073675632476807,0.0,0.4327494204044342,0.44041281938552856,31.709409713745117,0.002705719554796815,5.073675632476807,0.0,0.4327494204044342,0.44041281938552856,31.709409713745117
2021,270814,40000,7.595791339874268,0.00024995754938572645,0.006847196724265814,7.588694095611572,0.0004607416340149939,7.542619705200195,0.0,0.41564300656318665,0.4146982431411743,29.97429847717285,0.0004607416340149939,7.542619705200195,0.0,0.41564300656318665,0.4146982431411743,29.97429847717285
2022,270948,40000,7.459381580352783,6.822223804192618e-05,0.007749790325760841,7.451563358306885,0.0011727744713425636,7.334285736083984,0.0,0.42161795496940613,0.42656010389328003,30.830642700195312,0.0011727744713425636,7.334285736083984,0.0,0.42161795496940613,0.42656010389328003,30.830642700195312
2023,271082,40000,6.083345413208008,0.00011064903810620308,0.007215931545943022,6.076018810272217,0.0011393269523978233,5.962086200714111,0.0,0.42130669951438904,0.4261792302131653,30.460670471191406,0.0011393269523978233,5.962086200714111,0.0,0.42130669951438904,0.4261792302131653,30.460670471191406
2024,271216,40000,7.926079750061035,0.00012967377551831305,0.007157770451158285,7.918792247772217,0.0066252052783966064,7.256271839141846,0.0,0.4496177136898041,0.4645235538482666,33.00574493408203,0.0066252052783966064,7.256271839141846,0.0,0.4496177136898041,0.4645235538482666,33.00574493408203
2025,271350,40000,7.418208599090576,9.08543006516993e-05,0.005992172285914421,7.412125587463379,0.003155504586175084,7.0965752601623535,0.0,0.4398873746395111,0.43955379724502563,32.20127868652344,0.003155504586175084,7.0965752601623535,0.0,0.4398873746395111,0.43955379724502563,32.20127868652344
2026,271484,40000,6.9911980628967285,0.00011860399536089972,0.009270054288208485,6.981809616088867,0.001090692589059472,6.872740268707275,0.0,0.42284971475601196,0.42384499311447144,30.394847869873047,0.001090692589059472,6.872740268707275,0.0,0.42284971475601196,0.42384499311447144,30.394847869873047
2027,271618,40000,7.004573345184326,0.0002106164174620062,0.007654624059796333,6.996707916259766,0.0004796698922291398,6.9487409591674805,0.0,0.4181699752807617,0.41222792863845825,30.08480453491211,0.0004796698922291398,6.9487409591674805,0.0,0.4181699752807617,0.41222792863845825,30.08480453491211
2028,271752,40000,5.2643890380859375,0.00010591222962830216,0.007634085603058338,5.256649017333984,0.00434603588655591,4.82204532623291,0.0,0.4392169713973999,0.45299118757247925,31.937585830688477,0.00434603588655591,4.82204532623291,0.0,0.4392169713973999,0.45299118757247925,31.937585830688477
2029,271886,40000,7.716243267059326,7.377414294751361e-05,0.006413301452994347,7.709756374359131,0.0003753975033760071,7.672216415405273,0.0,0.4143887460231781,0.4129754304885864,30.0727596282959,0.0003753975033760071,7.672216415405273,0.0,0.4143887460231781,0.4129754304885864,30.0727596282959
2030,272020,40000,5.732980251312256,7.507654663641006e-05,0.006149136461317539,5.7267560958862305,0.001789475092664361,5.547808647155762,0.0,0.42681828141212463,0.4327147603034973,30.865907669067383,0.001789475092664361,5.547808647155762,0.0,0.42681828141212463,0.4327147603034973,30.865907669067383
2031,272154,40000,5.3786821365356445,7.352986722253263e-05,0.006264274939894676,5.372344493865967,0.004312049597501755,4.9411396980285645,0.0,0.4397940933704376,0.4522348642349243,31.861764907836914,0.004312049597501755,4.9411396980285645,0.0,0.4397940933704376,0.4522348642349243,31.861764907836914
2032,272288,40000,4.9994587898254395,7.782080501783639e-05,0.007205842528492212,4.992175102233887,0.004910953808575869,4.501079559326172,0.0,0.4365929067134857,0.4597654938697815,31.701879501342773,0.004910953808575869,4.501079559326172,0.0,0.4365929067134857,0.4597654938697815,31.701879501342773
2033,272422,40000,8.173985481262207,9.398837573826313e-05,0.007952050305902958,8.165939331054688,0.0009723678231239319,8.068702697753906,0.0,0.40920013189315796,0.4297947287559509,30.167478561401367,0.0009723678231239319,8.068702697753906,0.0,0.40920013189315796,0.4297947287559509,30.167478561401367
2034,272556,40000,3.834200859069824,0.00010504171223146841,0.007767264265567064,3.8263285160064697,0.002339232712984085,3.592405319213867,0.0,0.43618375062942505,0.43209314346313477,31.61587905883789,0.002339232712984085,3.592405319213867,0.0,0.43618375062942505,0.43209314346313477,31.61587905883789
2035,272690,40000,8.165095329284668,5.876920113223605e-05,0.007596231065690517,8.157440185546875,0.004458033014088869,7.711637020111084,0.0,0.4445318281650543,0.4497488737106323,32.60410690307617,0.004458033014088869,7.711637020111084,0.0,0.4445318281650543,0.4497488737106323,32.60410690307617
2036,272824,40000,6.360418796539307,0.0001324687764281407,0.0069179837591946125,6.353368282318115,0.0036089522764086723,5.992473125457764,0.0,0.429271936416626,0.45246052742004395,31.191408157348633,0.0036089522764086723,5.992473125457764,0.0,0.429271936416626,0.45246052742004395,31.191408157348633
2037,272958,40000,5.642001628875732,0.00015839582192711532,0.006480128038674593,5.6353631019592285,0.004485263489186764,5.1868367195129395,0.0,0.44236984848976135,0.4518657922744751,32.31789016723633,0.004485263489186764,5.1868367195129395,0.0,0.44236984848976135,0.4518657922744751,32.31789016723633
2038,273092,40000,5.778106212615967,8.758920012041926e-05,0.007403454277664423,5.770615100860596,0.0009701020317152143,5.673604965209961,0.0,0.42532655596733093,0.41812920570373535,30.79149627685547,0.0009701020317152143,5.673604965209961,0.0,0.42532655596733093,0.41812920570373535,30.79149627685547
2039,273226,40000,6.389566898345947,7.534017640864477e-05,0.007769836112856865,6.381721496582031,0.0021770664025098085,6.16401481628418,0.0,0.42278701066970825,0.44071632623672485,30.88422393798828,0.0021770664025098085,6.16401481628418,0.0,0.42278701066970825,0.44071632623672485,30.88422393798828
2040,273360,40000,5.570403099060059,7.028001709841192e-05,0.0058100344613194466,5.564522743225098,0.0032328921370208263,5.2412333488464355,0.0,0.4326648712158203,0.4465392231941223,31.6375789642334,0.0032328921370208263,5.2412333488464355,0.0,0.4326648712158203,0.4465392231941223,31.6375789642334
2041,273494,40000,6.26629638671875,9.916035196511075e-05,0.006133147981017828,6.260064125061035,0.0013225042494013906,6.127813816070557,0.0,0.4165569245815277,0.4323785901069641,30.555837631225586,0.0013225042494013906,6.127813816070557,0.0,0.4165569245815277,0.4323785901069641,30.555837631225586
2042,273628,40000,4.890495300292969,0.0002485880395397544,0.007091570645570755,4.883155345916748,0.0014870625454932451,4.7344489097595215,0.0,0.42696571350097656,0.4275665283203125,30.975046157836914,0.0014870625454932451,4.7344489097595215,0.0,0.42696571350097656,0.4275665283203125,30.975046157836914
2043,273762,40000,8.436716079711914,0.00017836708866525441,0.008497252129018307,8.428040504455566,0.007240685634315014,7.703972339630127,0.0,0.4529438018798828,0.46661561727523804,33.22384262084961,0.007240685634315014,7.703972339630127,0.0,0.4529438018798828,0.46661561727523804,33.22384262084961
2044,273896,40000,5.396034240722656,0.00020468448929022998,0.0057241665199398994,5.390105247497559,0.002357087330892682,5.1543965339660645,0.0,0.4243234097957611,0.4420173764228821,31.151548385620117,0.002357087330892682,5.1543965339660645,0.0,0.4243234097957611,0.4420173764228821,31.151548385620117
2045,274030,40000,5.310380935668945,0.00014492982882075012,0.007637828588485718,5.302597999572754,0.002081880811601877,5.094409942626953,0.0,0.42195430397987366,0.4399986267089844,30.759206771850586,0.002081880811601877,5.094409942626953,0.0,0.42195430397987366,0.4399986267089844,30.759206771850586
2046,274164,40000,6.1435418128967285,0.0001409735850756988,0.007182042580097914,6.136219024658203,0.0033752811141312122,5.7986907958984375,0.0,0.43440118432044983,0.4468171000480652,31.449769973754883,0.0033752811141312122,5.7986907958984375,0.0,0.43440118432044983,0.4468171000480652,31.449769973754883
2047,274298,40000,4.624576091766357,0.00014397675113286823,0.007248942740261555,4.617183208465576,0.0030506649054586887,4.312116622924805,0.0,0.4360448718070984,0.44185012578964233,31.331579208374023,0.0030506649054586887,4.312116622924805,0.0,0.4360448718070984,0.44185012578964233,31.331579208374023
2048,274432,40000,7.616764068603516,8.016225910978392e-05,0.006790636572986841,7.609893321990967,0.007587051019072533,6.8511881828308105,0.0,0.44827109575271606,0.4725048542022705,33.177085876464844,0.007587051019072533,6.8511881828308105,0.0,0.44827109575271606,0.4725048542022705,33.177085876464844
2049,274566,40000,5.741141319274902,0.00017880189989227802,0.0054606907069683075,5.735501766204834,0.001624848460778594,5.573017120361328,0.0,0.4330328702926636,0.4231014847755432,30.641735076904297,0.001624848460778594,5.573017120361328,0.0,0.4330328702926636,0.4231014847755432,30.641735076904297
2050,274700,40000,5.395193576812744,8.199726289603859e-05,0.007849479094147682,5.387261867523193,0.0023002303205430508,5.157238960266113,0.0,0.4267645478248596,0.43979811668395996,31.194089889526367,0.0023002303205430508,5.157238960266113,0.0,0.4267645478248596,0.43979811668395996,31.194089889526367
2051,274834,40000,6.444092273712158,7.532505696872249e-05,0.006848927121609449,6.437168121337891,0.006425600033253431,5.794608116149902,0.0,0.44381237030029297,0.46712732315063477,32.434226989746094,0.006425600033253431,5.794608116149902,0.0,0.44381237030029297,0.46712732315063477,32.434226989746094
2052,274968,40000,6.671474456787109,9.702723764348775e-05,0.0055878907442092896,6.665789604187012,0.004799066111445427,6.185883045196533,0.0,0.44186875224113464,0.4551912546157837,32.2862434387207,0.004799066111445427,6.185883045196533,0.0,0.44186875224113464,0.4551912546157837,32.2862434387207
2053,275102,40000,4.761049270629883,8.382335363421589e-05,0.0073392558842897415,4.753626346588135,0.0009438774432055652,4.659238815307617,0.0,0.4175756871700287,0.42519867420196533,30.767419815063477,0.0009438774432055652,4.659238815307617,0.0,0.4175756871700287,0.42519867420196533,30.767419815063477
2054,275236,40000,6.566190242767334,7.884649676270783e-05,0.0076324958354234695,6.558478832244873,0.006784090772271156,5.880069732666016,0.0,0.4535423219203949,0.46258842945098877,33.14384460449219,0.006784090772271156,5.880069732666016,0.0,0.4535423219203949,0.46258842945098877,33.14384460449219
2055,275370,40000,7.650282859802246,0.00010715318785514683,0.005426384974271059,7.644749164581299,0.005239387042820454,7.120810508728027,0.0,0.44570955634117126,0.45612508058547974,32.011226654052734,0.005239387042820454,7.120810508728027,0.0,0.44570955634117126,0.45612508058547974,32.011226654052734
2056,275504,40000,5.235683917999268,0.0002063195570372045,0.0065612029284238815,5.228916168212891,0.0033516017720103264,4.893755912780762,0.0,0.42372676730155945,0.45280760526657104,30.65161895751953,0.0033516017720103264,4.893755912780762,0.0,0.42372676730155945,0.45280760526657104,30.65161895751953
2057,275638,40000,10.262526512145996,0.00010253149957861751,0.00894860178232193,10.253475189208984,0.008281047455966473,9.425370216369629,0.0,0.45372775197029114,0.47344642877578735,33.03046417236328,0.008281047455966473,9.425370216369629,0.0,0.45372775197029114,0.47344642877578735,33.03046417236328
2058,275772,40000,5.900204658508301,0.0001306728954659775,0.008668682537972927,5.89140510559082,0.004607209004461765,5.4306840896606445,0.0,0.44280675053596497,0.45267629623413086,32.48670959472656,0.004607209004461765,5.4306840896606445,0.0,0.44280675053596497,0.45267629623413086,32.48670959472656
2059,275906,40000,7.1322736740112305,8.077829261310399e-05,0.007640610449016094,7.124552249908447,0.001889113918878138,6.935640811920166,0.0,0.42343518137931824,0.43660473823547363,30.91378402709961,0.001889113918878138,6.935640811920166,0.0,0.42343518137931824,0.43660473823547363,30.91378402709961
2060,276040,40000,8.01949691772461,0.00013151993334759027,0.007760973181575537,8.011604309082031,0.008272416889667511,7.184362888336182,0.0,0.45408833026885986,0.4731222987174988,33.058143615722656,0.008272416889667511,7.184362888336182,0.0,0.45408833026885986,0.4731222987174988,33.058143615722656
2061,276174,40000,5.016922473907471,9.02790852705948e-05,0.006214079912751913,5.010618209838867,0.00041428726399317384,4.969189643859863,0.0,0.4200703799724579,0.40338635444641113,30.797983169555664,0.00041428726399317384,4.969189643859863,0.0,0.4200703799724579,0.40338635444641113,30.797983169555664
2062,276308,40000,7.426875591278076,0.00012494009570218623,0.006783611141145229,7.419967174530029,0.007740433793514967,6.645923614501953,0.0,0.4559169113636017,0.46792447566986084,33.42088317871094,0.007740433793514967,6.645923614501953,0.0,0.4559169113636017,0.46792447566986084,33.42088317871094
2063,276442,40000,4.027859687805176,7.342189928749576e-05,0.007577506359666586,4.020208835601807,0.0024325984995812178,3.776948928833008,0.0,0.4300927221775055,0.4390771985054016,31.49726104736328,0.0024325984995812178,3.776948928833008,0.0,0.4300927221775055,0.4390771985054016,31.49726104736328
2064,276576,40000,9.75302505493164,0.00010327048948965967,0.006161667872220278,9.746760368347168,0.0004519050708040595,9.701569557189941,0.0,0.41068360209465027,0.41837841272354126,29.69061279296875,0.0004519050708040595,9.701569557189941,0.0,0.41068360209465027,0.41837841272354126,29.69061279296875
2065,276710,40000,5.176088333129883,8.693625568412244e-05,0.006847667042165995,5.169153690338135,0.0029572327621281147,4.873430252075195,0.0,0.423048734664917,0.4492543339729309,30.87295913696289,0.0029572327621281147,4.873430252075195,0.0,0.423048734664917,0.4492543339729309,30.87295913696289
2066,276844,40000,5.362324237823486,6.31871007499285e-05,0.007847152650356293,5.354413986206055,0.0039604040794074535,4.958373546600342,0.0,0.4349890649318695,0.45230841636657715,32.263893127441406,0.0039604040794074535,4.958373546600342,0.0,0.4349890649318695,0.45230841636657715,32.263893127441406
2067,276978,40000,5.8314528465271,0.0001442655484424904,0.0052135903388261795,5.826095104217529,0.0020435096230357885,5.621744155883789,0.0,0.43068361282348633,0.4331967830657959,31.306406021118164,0.0020435096230357885,5.621744155883789,0.0,0.43068361282348633,0.4331967830657959,31.306406021118164
2068,277112,40000,4.913678169250488,9.046986815519631e-05,0.0065767597407102585,4.907011032104492,0.0025598451029509306,4.651026725769043,0.0,0.43558770418167114,0.43596333265304565,31.37118148803711,0.0025598451029509306,4.651026725769043,0.0,0.43558770418167114,0.43596333265304565,31.37118148803711
2069,277246,40000,5.4204206466674805,0.00015623691433575004,0.006064691115170717,5.4141998291015625,0.002541325520724058,5.160067081451416,0.0,0.43652042746543884,0.4347503185272217,31.984922409057617,0.002541325520724058,5.160067081451416,0.0,0.43652042746543884,0.4347503185272217,31.984922409057617
2070,277380,40000,5.1828131675720215,0.00010287210170645267,0.006794005632400513,5.1759161949157715,0.0017538947286084294,5.0005269050598145,0.0,0.4345951974391937,0.42360228300094604,31.976303100585938,0.0017538947286084294,5.0005269050598145,0.0,0.4345951974391937,0.42360228300094604,31.976303100585938
2071,277514,40000,5.1323628425598145,0.00020562911231536418,0.005654207430779934,5.126502990722656,0.002593544777482748,4.867148399353027,0.0,0.43270161747932434,0.4390403628349304,31.758441925048828,0.002593544777482748,4.867148399353027,0.0,0.43270161747932434,0.4390403628349304,31.758441925048828
2072,277648,40000,5.845417022705078,0.00010018093598773703,0.006148309912532568,5.839168548583984,0.003411209909245372,5.498047351837158,0.0,0.4363807737827301,0.4456908106803894,32.137115478515625,0.003411209909245372,5.498047351837158,0.0,0.4363807737827301,0.4456908106803894,32.137115478515625
2073,277782,40000,4.598168849945068,0.00019094096205662936,0.007135991007089615,4.590841770172119,0.0021123045589774847,4.379611492156982,0.0,0.43107572197914124,0.43386155366897583,31.0816707611084,0.0021123045589774847,4.379611492156982,0.0,0.43107572197914124,0.43386155366897583,31.0816707611084
2074,277916,40000,6.409370422363281,8.204582263715565e-05,0.007226518355309963,6.402061939239502,0.001885107485577464,6.213551044464111,0.0,0.4314727187156677,0.42990946769714355,31.036849975585938,0.001885107485577464,6.213551044464111,0.0,0.4314727187156677,0.42990946769714355,31.036849975585938
2075,278050,40000,5.926434516906738,0.00011038413504138589,0.005593033041805029,5.920731067657471,0.0013556869234889746,5.785162448883057,0.0,0.4229314923286438,0.4288068413734436,30.580286026000977,0.0013556869234889746,5.785162448883057,0.0,0.4229314923286438,0.4288068413734436,30.580286026000977
2076,278184,40000,6.218806266784668,0.00012378049723338336,0.00823740940541029,6.210444927215576,0.0021333075128495693,5.997114181518555,0.0,0.42384281754493713,0.43955790996551514,30.69931411743164,0.0021333075128495693,5.997114181518555,0.0,0.42384281754493713,0.43955790996551514,30.69931411743164
2077,278318,40000,5.899557590484619,9.093843982554972e-05,0.0071436334401369095,5.892323017120361,0.003066783770918846,5.585644721984863,0.0,0.4385488033294678,0.43975895643234253,31.857646942138672,0.003066783770918846,5.585644721984863,0.0,0.4385488033294678,0.43975895643234253,31.857646942138672
2078,278452,40000,5.205864906311035,9.902872261591256e-05,0.009163632057607174,5.1966023445129395,0.003139359410852194,4.88266658782959,0.0,0.4319606125354767,0.4460204243659973,31.603416442871094,0.003139359410852194,4.88266658782959,0.0,0.4319606125354767,0.4460204243659973,31.603416442871094
2079,278586,40000,6.531813144683838,0.0001288830826524645,0.005872951354831457,6.525811195373535,0.004131571389734745,6.112654209136963,0.0,0.43639183044433594,0.4529830813407898,32.029380798339844,0.004131571389734745,6.112654209136963,0.0,0.43639183044433594,0.4529830813407898,32.029380798339844
2080,278720,40000,5.5661115646362305,0.0001711005315883085,0.005340611562132835,5.5605998039245605,0.0028182161040604115,5.278778076171875,0.0,0.43289047479629517,0.4416705369949341,31.507978439331055,0.0028182161040604115,5.278778076171875,0.0,0.43289047479629517,0.4416705369949341,31.507978439331055
2081,278854,40000,9.55687141418457,8.315060404129326e-05,0.0069694435223937035,9.549818992614746,0.007254200056195259,8.8243989944458,0.0,0.4547920227050781,0.46520763635635376,33.128822326660156,0.007254200056195259,8.8243989944458,0.0,0.4547920227050781,0.46520763635635376,33.128822326660156
2082,278988,40000,6.251361846923828,9.983481868403032e-05,0.006217652931809425,6.245044231414795,0.00516550661996007,5.728493690490723,0.0,0.442359983921051,0.4580615162849426,32.35879898071289,0.00516550661996007,5.728493690490723,0.0,0.442359983921051,0.4580615162849426,32.35879898071289
2083,279122,40000,6.4984049797058105,9.395294910063967e-05,0.005198375787585974,6.493112564086914,0.0056305499747395515,5.930057525634766,0.0,0.4500632882118225,0.45589470863342285,32.89460754394531,0.0056305499747395515,5.930057525634766,0.0,0.4500632882118225,0.45589470863342285,32.89460754394531
2084,279256,40000,4.257950305938721,0.0001393705460941419,0.008235832676291466,4.249575138092041,0.003861868754029274,3.8633882999420166,0.0,0.4347248077392578,0.45153695344924927,31.513671875,0.003861868754029274,3.8633882999420166,0.0,0.4347248077392578,0.45153695344924927,31.513671875
2085,279390,40000,5.907561779022217,8.157736738212407e-05,0.004584731534123421,5.902895450592041,0.002324937377125025,5.670401573181152,0.0,0.4225969910621643,0.4425947666168213,30.749858856201172,0.002324937377125025,5.670401573181152,0.0,0.4225969910621643,0.4425947666168213,30.749858856201172
2086,279524,40000,4.599305152893066,8.25886454549618e-05,0.00476444698870182,4.594458103179932,0.0016768237110227346,4.426775932312012,0.0,0.4352116882801056,0.42090362310409546,32.18209457397461,0.0016768237110227346,4.426775932312012,0.0,0.4352116882801056,0.42090362310409546,32.18209457397461
2087,279658,40000,6.392935276031494,7.678981637582183e-05,0.006410757079720497,6.386447906494141,0.004370422102510929,5.949405670166016,0.0,0.43318313360214233,0.4571778178215027,31.363723754882812,0.004370422102510929,5.949405670166016,0.0,0.43318313360214233,0.4571778178215027,31.363723754882812
2088,279792,40000,5.042723655700684,8.111695933621377e-05,0.006031596567481756,5.036611080169678,0.0027021856512874365,4.766392707824707,0.0,0.44296562671661377,0.42925989627838135,32.382713317871094,0.0027021856512874365,4.766392707824707,0.0,0.44296562671661377,0.42925989627838135,32.382713317871094
2089,279926,40000,7.140687942504883,7.726936746621504e-05,0.008955596014857292,7.131655216217041,0.007547222077846527,6.3769330978393555,0.0,0.4541792571544647,0.4679104685783386,33.05085372924805,0.007547222077846527,6.3769330978393555,0.0,0.4541792571544647,0.4679104685783386,33.05085372924805
2090,280060,40000,5.020249366760254,0.00025990395806729794,0.008598164655268192,5.0113911628723145,0.006205104757100344,4.390880584716797,0.0,0.44131192564964294,0.4670703411102295,32.241519927978516,0.006205104757100344,4.390880584716797,0.0,0.44131192564964294,0.4670703411102295,32.241519927978516
2091,280194,40000,7.203250408172607,0.0001050366263370961,0.008247973397374153,7.194897174835205,0.006426746025681496,6.552222728729248,0.0,0.45445239543914795,0.45883607864379883,32.79523468017578,0.006426746025681496,6.552222728729248,0.0,0.45445239543914795,0.45883607864379883,32.79523468017578
2092,280328,40000,6.026269912719727,8.1475249317009e-05,0.007737525273114443,6.018450736999512,0.002517992164939642,5.766651630401611,0.0,0.42959946393966675,0.44051992893218994,31.351112365722656,0.002517992164939642,5.766651630401611,0.0,0.42959946393966675,0.44051992893218994,31.351112365722656
2093,280462,40000,4.849288463592529,7.605327118653804e-05,0.005827409215271473,4.843385219573975,0.0021610870026052,4.627276420593262,0.0,0.430045485496521,0.43547332286834717,31.460769653320312,0.0021610870026052,4.627276420593262,0.0,0.430045485496521,0.43547332286834717,31.460769653320312
2094,280596,40000,5.390552997589111,9.11434181034565e-05,0.008892538957297802,5.3815693855285645,0.004163308069109917,4.965238571166992,0.0,0.43005138635635376,0.4570983648300171,31.694353103637695,0.004163308069109917,4.965238571166992,0.0,0.43005138635635376,0.4570983648300171,31.694353103637695
2095,280730,40000,5.841589450836182,9.627905819797888e-05,0.00799697544425726,5.83349609375,0.003673882456496358,5.4661078453063965,0.0,0.42893898487091064,0.45325803756713867,31.206809997558594,0.003673882456496358,5.4661078453063965,0.0,0.42893898487091064,0.45325803756713867,31.206809997558594
2096,280864,40000,5.862064838409424,9.494686673860997e-05,0.005985075607895851,5.855984687805176,0.000854446436278522,5.770540237426758,0.0,0.4218893051147461,0.4193727970123291,30.534242630004883,0.000854446436278522,5.770540237426758,0.0,0.4218893051147461,0.4193727970123291,30.534242630004883
2097,280998,40000,5.926614761352539,0.00013293762458488345,0.008801638148725033,5.917680263519287,0.0010191038018092513,5.815769672393799,0.0,0.4220462441444397,0.4230882525444031,30.928842544555664,0.0010191038018092513,5.815769672393799,0.0,0.4220462441444397,0.4230882525444031,30.928842544555664
2098,281132,40000,4.94673490524292,8.074814104475081e-05,0.007983970455825329,4.9386701583862305,0.001928339246660471,4.74583625793457,0.0,0.4249435365200043,0.43614083528518677,31.1928768157959,0.001928339246660471,4.74583625793457,0.0,0.4249435365200043,0.43614083528518677,31.1928768157959
2099,281266,40000,5.564367294311523,8.60589207150042e-05,0.008447851985692978,5.555833339691162,0.0015331031754612923,5.402523040771484,0.0,0.42168128490448,0.4326040744781494,30.750465393066406,0.0015331031754612923,5.402523040771484,0.0,0.42168128490448,0.4326040744781494,30.750465393066406
2100,281400,40000,6.156562328338623,0.00021438529074657708,0.006861457135528326,6.149486541748047,0.0018038565758615732,5.9691009521484375,0.0,0.4236205816268921,0.4352976679801941,30.450721740722656,0.0018038565758615732,5.9691009521484375,0.0,0.4236205816268921,0.4352976679801941,30.450721740722656
2101,281534,40000,6.38293981552124,6.686978304060176e-05,0.0063864439725875854,6.376486301422119,0.004490160383284092,5.9274702072143555,0.0,0.43666237592697144,0.45608949661254883,32.312904357910156,0.004490160383284092,5.9274702072143555,0.0,0.43666237592697144,0.45608949661254883,32.312904357910156
2102,281668,40000,5.795863151550293,8.114061347441748e-05,0.005760527681559324,5.7900214195251465,0.00018382463895250112,5.771638870239258,0.0,0.40721404552459717,0.411479651927948,30.499574661254883,0.00018382463895250112,5.771638870239258,0.0,0.40721404552459717,0.411479651927948,30.499574661254883
2103,281802,40000,7.164102077484131,0.0001114383339881897,0.00914692971855402,7.154843807220459,0.0034100674092769623,6.813837051391602,0.0,0.43241187930107117,0.44857507944107056,31.737390518188477,0.0034100674092769623,6.813837051391602,0.0,0.43241187930107117,0.44857507944107056,31.737390518188477
2104,281936,40000,5.92091703414917,0.00015772324695717543,0.007552376016974449,5.913207054138184,0.004479777067899704,5.465229511260986,0.0,0.43349674344062805,0.4579460620880127,31.26626968383789,0.004479777067899704,5.465229511260986,0.0,0.43349674344062805,0.4579460620880127,31.26626968383789
2105,282070,40000,6.375644207000732,9.049851360032335e-05,0.006798189133405685,6.368755340576172,0.0009419138659723103,6.274563789367676,0.0,0.4205789864063263,0.42276883125305176,30.501964569091797,0.0009419138659723103,6.274563789367676,0.0,0.4205789864063263,0.42276883125305176,30.501964569091797
2106,282204,40000,4.560327053070068,0.0001585714635439217,0.007710589561611414,4.552457809448242,0.003267766907811165,4.225681304931641,0.0,0.4311794638633728,0.4479125142097473,31.566364288330078,0.003267766907811165,4.225681304931641,0.0,0.4311794638633728,0.4479125142097473,31.566364288330078
2107,282338,40000,7.016857147216797,7.681422721361741e-05,0.006450671702623367,7.010329723358154,0.005512257572263479,6.459104061126709,0.0,0.43809956312179565,0.46372348070144653,32.184486389160156,0.005512257572263479,6.459104061126709,0.0,0.43809956312179565,0.46372348070144653,32.184486389160156
2108,282472,40000,6.96940803527832,0.00026855673058889806,0.006340612657368183,6.962799072265625,0.006219189614057541,6.340879917144775,0.0,0.4449753761291504,0.46477967500686646,32.48930740356445,0.006219189614057541,6.340879917144775,0.0,0.4449753761291504,0.46477967500686646,32.48930740356445
2109,282606,40000,5.266599178314209,0.00015795225044712424,0.004588074050843716,5.261853218078613,0.0018831753404811025,5.073535442352295,0.0,0.43520981073379517,0.42536622285842896,31.4293270111084,0.0018831753404811025,5.073535442352295,0.0,0.43520981073379517,0.42536622285842896,31.4293270111084
2110,282740,40000,6.012270927429199,8.108939800877124e-05,0.008004655130207539,6.004185199737549,0.004786400124430656,5.525545120239258,0.0,0.443881094455719,0.45348691940307617,32.413700103759766,0.004786400124430656,5.525545120239258,0.0,0.443881094455719,0.45348691940307617,32.413700103759766
2111,282874,40000,7.170425891876221,0.00015216004976537079,0.007047861814498901,7.1632256507873535,0.0018909318605437875,6.974132537841797,0.0,0.4259512722492218,0.4348921775817871,30.670547485351562,0.0018909318605437875,6.974132537841797,0.0,0.4259512722492218,0.4348921775817871,30.670547485351562
2112,283008,40000,7.208261489868164,0.00012832711217924953,0.009240686893463135,7.198892593383789,0.002483139745891094,6.950578689575195,0.0,0.4311980605125427,0.43885642290115356,30.960729598999023,0.002483139745891094,6.950578689575195,0.0,0.4311980605125427,0.43885642290115356,30.960729598999023
2113,283142,40000,4.975656509399414,0.00013565948756877333,0.007233778014779091,4.968286991119385,0.0024655722081661224,4.721729755401611,0.0,0.42897096276283264,0.44032686948776245,31.236623764038086,0.0024655722081661224,4.721729755401611,0.0,0.42897096276283264,0.44032686948776245,31.236623764038086
2114,283276,40000,6.45319938659668,0.00013736853725276887,0.009001064114272594,6.444060802459717,0.00473074521869421,5.970986366271973,0.0,0.44312340021133423,0.4535828232765198,32.58487319946289,0.00473074521869421,5.970986366271973,0.0,0.44312340021133423,0.4535828232765198,32.58487319946289
2115,283410,40000,6.1555867195129395,0.00010963277600239962,0.007096684537827969,6.148380279541016,0.002384500578045845,5.909930229187012,0.0,0.42213281989097595,0.4435274600982666,30.725814819335938,0.002384500578045845,5.909930229187012,0.0,0.42213281989097595,0.4435274600982666,30.725814819335938
2116,283544,40000,5.951597690582275,9.659779607318342e-05,0.006614094600081444,5.944887161254883,0.0039282795041799545,5.552059173583984,0.0,0.4362753629684448,0.45111143589019775,32.105159759521484,0.0039282795041799545,5.552059173583984,0.0,0.4362753629684448,0.45111143589019775,32.105159759521484
2117,283678,40000,4.324701309204102,7.588378502987325e-05,0.006131135858595371,4.3184943199157715,0.003365390934050083,3.9819552898406982,0.0,0.4376632273197174,0.44412338733673096,31.850051879882812,0.003365390934050083,3.9819552898406982,0.0,0.4376632273197174,0.44412338733673096,31.850051879882812
2118,283812,40000,5.580612659454346,7.62749114073813e-05,0.006661694031208754,5.573874473571777,0.0038173599168658257,5.192138671875,0.0,0.4457460939884186,0.44152897596359253,32.01176834106445,0.0038173599168658257,5.192138671875,0.0,0.4457460939884186,0.44152897596359253,32.01176834106445
2119,283946,40000,5.6734113693237305,9.479413711233065e-05,0.005457909777760506,5.667858600616455,0.003033180022612214,5.3645405769348145,0.0,0.4263026714324951,0.4483875036239624,31.155729293823242,0.003033180022612214,5.3645405769348145,0.0,0.4263026714324951,0.4483875036239624,31.155729293823242
2120,284080,40000,4.98942232131958,0.00010310985089745373,0.007836313918232918,4.981482982635498,0.0031896198634058237,4.662520885467529,0.0,0.4397872984409332,0.440082311630249,32.1524772644043,0.0031896198634058237,4.662520885467529,0.0,0.4397872984409332,0.440082311630249,32.1524772644043
2121,284214,40000,5.665251731872559,0.00011089674080722034,0.007311695255339146,5.657829284667969,0.003192770527675748,5.338552474975586,0.0,0.4296565055847168,0.4480963945388794,31.207887649536133,0.003192770527675748,5.338552474975586,0.0,0.4296565055847168,0.4480963945388794,31.207887649536133
2122,284348,40000,6.276035308837891,9.190195123665035e-05,0.005743412300944328,6.270199775695801,0.0014857130590826273,6.121628284454346,0.0,0.4237314760684967,0.4303731918334961,30.80870819091797,0.0014857130590826273,6.121628284454346,0.0,0.4237314760684967,0.4303731918334961,30.80870819091797
2123,284482,40000,5.524628639221191,7.569833542220294e-05,0.008043325506150723,5.516509532928467,0.003159629413858056,5.200546741485596,0.0,0.42976027727127075,0.44768601655960083,31.5037784576416,0.003159629413858056,5.200546741485596,0.0,0.42976027727127075,0.44768601655960083,31.5037784576416
2124,284616,40000,4.716874599456787,7.14332636562176e-05,0.006695799063891172,4.710107326507568,0.00387700367718935,4.322406768798828,0.0,0.4381136894226074,0.4492377042770386,31.603883743286133,0.00387700367718935,4.322406768798828,0.0,0.4381136894226074,0.4492377042770386,31.603883743286133
2125,284750,40000,7.4258503913879395,7.924551027826965e-05,0.007389834616333246,7.418381214141846,0.0011232707183808088,7.30605411529541,0.0,0.422299325466156,0.4250202178955078,30.430618286132812,0.0011232707183808088,7.30605411529541,0.0,0.422299325466156,0.4250202178955078,30.430618286132812
2126,284884,40000,5.364072322845459,7.669835758861154e-05,0.007056485861539841,5.356939315795898,0.0038950880989432335,4.967430591583252,0.0,0.4361381232738495,0.4508834481239319,32.24229049682617,0.0038950880989432335,4.967430591583252,0.0,0.4361381232738495,0.4508834481239319,32.24229049682617
2127,285018,40000,7.677219867706299,7.60620750952512e-05,0.005307347048074007,7.6718363761901855,0.0058439443819224834,7.087441921234131,0.0,0.44110602140426636,0.46445339918136597,32.2417106628418,0.0058439443819224834,7.087441921234131,0.0,0.44110602140426636,0.46445339918136597,32.2417106628418
2128,285152,40000,5.467470645904541,7.096651825122535e-05,0.006704128347337246,5.460695743560791,0.004345820751041174,5.026113510131836,0.0,0.44352030754089355,0.449515700340271,32.02351379394531,0.004345820751041174,5.026113510131836,0.0,0.44352030754089355,0.449515700340271,32.02351379394531
2129,285286,40000,4.940047264099121,0.00014006027777213603,0.007299001794308424,4.932608127593994,0.004599688574671745,4.472639083862305,0.0,0.43788886070251465,0.45625054836273193,31.899919509887695,0.004599688574671745,4.472639083862305,0.0,0.43788886070251465,0.45625054836273193,31.899919509887695
2130,285420,40000,5.917854309082031,7.591774192405865e-05,0.00565085094422102,5.912127494812012,0.0035842277575284243,5.553704738616943,0.0,0.43303582072257996,0.4499285817146301,31.456907272338867,0.0035842277575284243,5.553704738616943,0.0,0.43303582072257996,0.4499285817146301,31.456907272338867
2131,285554,40000,6.984973907470703,0.0002088422334054485,0.006972675211727619,6.977792263031006,0.0017335250740870833,6.804439544677734,0.0,0.42065343260765076,0.436151921749115,30.32244873046875,0.0017335250740870833,6.804439544677734,0.0,0.42065343260765076,0.436151921749115,30.32244873046875
2132,285688,40000,6.098944187164307,0.00012634271115530282,0.007644942495971918,6.091172695159912,0.003620442235842347,5.729128360748291,0.0,0.4303584098815918,0.4519500732421875,31.737689971923828,0.003620442235842347,5.729128360748291,0.0,0.4303584098815918,0.4519500732421875,31.737689971923828
2133,285822,40000,6.432578086853027,7.975268817972392e-05,0.0077577149495482445,6.424740791320801,0.00853225402534008,5.5715155601501465,0.0,0.450621098279953,0.4772642254829407,32.43144989013672,0.00853225402534008,5.5715155601501465,0.0,0.450621098279953,0.4772642254829407,32.43144989013672
2134,285956,40000,5.448081016540527,0.00011817242921097204,0.008255144581198692,5.4397077560424805,0.003904617391526699,5.049245834350586,0.0,0.43045106530189514,0.4545651078224182,31.70684051513672,0.003904617391526699,5.049245834350586,0.0,0.43045106530189514,0.4545651078224182,31.70684051513672
2135,286090,40000,5.598339080810547,0.0001016023161355406,0.007110827136784792,5.591126441955566,0.0008997307159006596,5.501153469085693,0.0,0.4257073402404785,0.4154552221298218,31.08389663696289,0.0008997307159006596,5.501153469085693,0.0,0.4257073402404785,0.4154552221298218,31.08389663696289
2136,286224,40000,5.681114673614502,0.00012959794548805803,0.009122420102357864,5.671862602233887,0.006646544672548771,5.007208347320557,0.0,0.4449366629123688,0.4680238366127014,32.54512405395508,0.006646544672548771,5.007208347320557,0.0,0.4449366629123688,0.4680238366127014,32.54512405395508
2137,286358,40000,6.822715759277344,0.00013545334513764828,0.007480419706553221,6.815099716186523,0.0029093651100993156,6.524163246154785,0.0,0.42394107580184937,0.4483341574668884,30.271076202392578,0.0029093651100993156,6.524163246154785,0.0,0.42394107580184937,0.4483341574668884,30.271076202392578
2138,286492,40000,6.527467727661133,0.00010380674211774021,0.005266232416033745,6.522097587585449,0.0017201662994921207,6.350080966949463,0.0,0.4166909456253052,0.4379681348800659,30.210693359375,0.0017201662994921207,6.350080966949463,0.0,0.4166909456253052,0.4379681348800659,30.210693359375
2139,286626,40000,5.582001686096191,0.00016622104158159345,0.006265395786613226,5.575570106506348,0.0039690351113677025,5.178666591644287,0.0,0.4352502226829529,0.4522154927253723,31.432701110839844,0.0039690351113677025,5.178666591644287,0.0,0.4352502226829529,0.4522154927253723,31.432701110839844
2140,286760,40000,4.3515520095825195,6.295816274359822e-05,0.008192244917154312,4.343297004699707,0.0014003965770825744,4.2032575607299805,0.0,0.4288119673728943,0.42388027906417847,31.229795455932617,0.0014003965770825744,4.2032575607299805,0.0,0.4288119673728943,0.42388027906417847,31.229795455932617
2141,286894,40000,6.219785690307617,6.295683851931244e-05,0.005004365928471088,6.214718341827393,0.0027962904423475266,5.935089111328125,0.0,0.4349159896373749,0.4397135376930237,31.955589294433594,0.0027962904423475266,5.935089111328125,0.0,0.4349159896373749,0.4397135376930237,31.955589294433594
2142,287028,40000,6.609752178192139,0.00023851756122894585,0.0073029170744121075,6.602210521697998,0.0019809450022876263,6.404116153717041,0.0,0.4261595904827118,0.43600863218307495,31.412748336791992,0.0019809450022876263,6.404116153717041,0.0,0.4261595904827118,0.43600863218307495,31.412748336791992
2143,287162,40000,6.737759590148926,0.00011199264554306865,0.005113953724503517,6.7325334548950195,0.00430853758007288,6.301679611206055,0.0,0.43637099862098694,0.4546414613723755,32.480525970458984,0.00430853758007288,6.301679611206055,0.0,0.43637099862098694,0.4546414613723755,32.480525970458984
2144,287296,40000,7.276323318481445,0.00011642330355243757,0.005743769463151693,7.270462989807129,0.005435929633677006,6.726870059967041,0.0,0.44515037536621094,0.45828700065612793,32.55268096923828,0.005435929633677006,6.726870059967041,0.0,0.44515037536621094,0.45828700065612793,32.55268096923828
2145,287430,40000,6.754924297332764,0.00010597240179777145,0.007018240634351969,6.747799873352051,0.003879185765981674,6.359881401062012,0.0,0.435513973236084,0.4511658549308777,31.429655075073242,0.003879185765981674,6.359881401062012,0.0,0.435513973236084,0.4511658549308777,31.429655075073242
2146,287564,40000,3.5571138858795166,6.6602740844246e-05,0.00678096991032362,3.5502662658691406,0.002238265937194228,3.326439619064331,0.0,0.4358670711517334,0.4308515787124634,31.9329891204834,0.002238265937194228,3.326439619064331,0.0,0.4358670711517334,0.4308515787124634,31.9329891204834
2147,287698,40000,6.18362283706665,8.869464363669977e-05,0.0066450489684939384,6.176888942718506,0.005649719387292862,5.611917018890381,0.0,0.43820226192474365,0.4647325873374939,32.15241622924805,0.005649719387292862,5.611917018890381,0.0,0.43820226192474365,0.4647325873374939,32.15241622924805
2148,287832,40000,6.332457542419434,0.00023238844005391002,0.007720370776951313,6.324504852294922,0.00452942680567503,5.8715620040893555,0.0,0.435051292181015,0.4574528932571411,32.35161590576172,0.00452942680567503,5.8715620040893555,0.0,0.435051292181015,0.4574528932571411,32.35161590576172
2149,287966,40000,7.0074615478515625,5.706410956918262e-05,0.006317485589534044,7.001087188720703,0.0013455362059175968,6.8665337562561035,0.0,0.42239081859588623,0.4290549159049988,30.81618881225586,0.0013455362059175968,6.8665337562561035,0.0,0.42239081859588623,0.4290549159049988,30.81618881225586
2150,288100,40000,4.963732719421387,0.00035587523598223925,0.006715670693665743,4.956661224365234,0.0032951263710856438,4.627148628234863,0.0,0.436633825302124,0.4441937804222107,32.0512580871582,0.0032951263710856438,4.627148628234863,0.0,0.436633825302124,0.4441937804222107,32.0512580871582
2151,288234,40000,5.981639862060547,8.372819138457999e-05,0.006105863023549318,5.975450038909912,0.0021982197649776936,5.7556281089782715,0.0,0.42920395731925964,0.43667900562286377,31.280115127563477,0.0021982197649776936,5.7556281089782715,0.0,0.42920395731925964,0.43667900562286377,31.280115127563477
2152,288368,40000,6.740237236022949,7.093149179127067e-05,0.005579756107181311,6.734586715698242,0.006122016813606024,6.122385025024414,0.0,0.4425623416900635,0.4656541347503662,32.19014358520508,0.006122016813606024,6.122385025024414,0.0,0.4425623416900635,0.4656541347503662,32.19014358520508
2153,288502,40000,7.581469535827637,0.00019796796550508589,0.006447817198932171,7.57482385635376,0.0007698357803747058,7.497840404510498,0.0,0.41893672943115234,0.42027896642684937,30.147991180419922,0.0007698357803747058,7.497840404510498,0.0,0.41893672943115234,0.42027896642684937,30.147991180419922
2154,288636,40000,4.947569847106934,5.534070442081429e-05,0.006547622848302126,4.940967082977295,0.001317114569246769,4.809255599975586,0.0,0.42649856209754944,0.42479801177978516,31.482717514038086,0.001317114569246769,4.809255599975586,0.0,0.42649856209754944,0.42479801177978516,31.482717514038086
2155,288770,40000,5.423439979553223,8.351411815965548e-05,0.008620950393378735,5.414735317230225,0.005206660367548466,4.894069194793701,0.0,0.4493706524372101,0.452623188495636,32.52595901489258,0.005206660367548466,4.894069194793701,0.0,0.4493706524372101,0.452623188495636,32.52595901489258
2156,288904,40000,10.226203918457031,0.00016301899449899793,0.006776110734790564,10.21926498413086,0.0004322186578065157,10.176043510437012,0.0,0.4096117615699768,0.4184345602989197,29.4476261138916,0.0004322186578065157,10.176043510437012,0.0,0.4096117615699768,0.4184345602989197,29.4476261138916
2157,289038,40000,4.387280464172363,9.52376431087032e-05,0.004804872442036867,4.382380485534668,0.0024342567194253206,4.1389546394348145,0.0,0.43094900250434875,0.43842417001724243,31.611906051635742,0.0024342567194253206,4.1389546394348145,0.0,0.43094900250434875,0.43842417001724243,31.611906051635742
2158,289172,40000,5.270806789398193,0.00012021611473755911,0.007399435620754957,5.26328706741333,0.005138867534697056,4.7494001388549805,0.0,0.4436452388763428,0.45686793327331543,32.18009567260742,0.005138867534697056,4.7494001388549805,0.0,0.4436452388763428,0.45686793327331543,32.18009567260742
2159,289306,40000,6.233802318572998,9.777606464922428e-05,0.007166082970798016,6.22653865814209,0.0019959791097790003,6.026940822601318,0.0,0.4256715774536133,0.4365643262863159,30.6927490234375,0.0019959791097790003,6.026940822601318,0.0,0.4256715774536133,0.4365643262863159,30.6927490234375
2160,289440,40000,6.786426544189453,7.922381337266415e-05,0.007072387728840113,6.779274940490723,0.0036290683783590794,6.416368007659912,0.0,0.438947856426239,0.4459579586982727,32.074424743652344,0.0036290683783590794,6.416368007659912,0.0,0.438947856426239,0.4459579586982727,32.074424743652344
2161,289574,40000,4.9285454750061035,8.173700189217925e-05,0.005747679620981216,4.92271614074707,0.002541668713092804,4.668549060821533,0.0,0.4256822168827057,0.4433830976486206,31.051536560058594,0.002541668713092804,4.668549060821533,0.0,0.4256822168827057,0.4433830976486206,31.051536560058594
2162,289708,40000,4.674488544464111,0.0002035799843724817,0.007745744194835424,4.666539192199707,0.003364190924912691,4.330120086669922,0.0,0.43138647079467773,0.4487758278846741,31.533706665039062,0.003364190924912691,4.330120086669922,0.0,0.43138647079467773,0.4487758278846741,31.533706665039062
2163,289842,40000,7.22015380859375,9.09439695533365e-05,0.00722378259524703,7.212839126586914,0.0036312523297965527,6.8497138023376465,0.0,0.4372359812259674,0.44737863540649414,31.744590759277344,0.0036312523297965527,6.8497138023376465,0.0,0.4372359812259674,0.44737863540649414,31.744590759277344
2164,289976,40000,8.804964065551758,0.00015355409414041787,0.007745257578790188,8.797064781188965,0.007110302336513996,8.086034774780273,0.0,0.447927862405777,0.46937739849090576,33.19705581665039,0.007110302336513996,8.086034774780273,0.0,0.447927862405777,0.46937739849090576,33.19705581665039
2165,290110,40000,5.4322357177734375,0.00010432053386466578,0.00797563698142767,5.4241557121276855,0.0053296503610908985,4.891190528869629,0.0,0.4351207911968231,0.4640014171600342,31.892560958862305,0.0053296503610908985,4.891190528869629,0.0,0.4351207911968231,0.4640014171600342,31.892560958862305
2166,290244,40000,4.881371974945068,7.15845453669317e-05,0.008628357201814651,4.872672080993652,0.003219104837626219,4.550761699676514,0.0,0.4378090798854828,0.4423034191131592,31.803991317749023,0.003219104837626219,4.550761699676514,0.0,0.4378090798854828,0.4423034191131592,31.803991317749023
2167,290378,40000,5.862241268157959,6.818450492573902e-05,0.007821292616426945,5.854351997375488,0.003106764517724514,5.543675422668457,0.0,0.4319928288459778,0.445642352104187,31.163562774658203,0.003106764517724514,5.543675422668457,0.0,0.4319928288459778,0.445642352104187,31.163562774658203
2168,290512,40000,7.896182537078857,9.652898006606847e-05,0.006971975788474083,7.889113903045654,0.00044925420661456883,7.844188690185547,0.0,0.40732187032699585,0.419890820980072,30.06439781188965,0.00044925420661456883,7.844188690185547,0.0,0.40732187032699585,0.419890820980072,30.06439781188965
2169,290646,40000,6.222296237945557,8.738898031879216e-05,0.0060368250124156475,6.216172218322754,0.0010510217398405075,6.111070156097412,0.0,0.42045414447784424,0.4251525402069092,30.929004669189453,0.0010510217398405075,6.111070156097412,0.0,0.42045414447784424,0.4251525402069092,30.929004669189453
2170,290780,40000,5.456306457519531,0.0001493153686169535,0.008989639580249786,5.44716739654541,0.0032110149040818214,5.126065731048584,0.0,0.429878830909729,0.4481484293937683,31.216697692871094,0.0032110149040818214,5.126065731048584,0.0,0.429878830909729,0.4481484293937683,31.216697692871094
2171,290914,40000,6.8390703201293945,6.432949885493144e-05,0.008056786842644215,6.830949306488037,0.00744510255753994,6.08643913269043,0.0,0.4522908926010132,0.46863502264022827,33.10268020629883,0.00744510255753994,6.08643913269043,0.0,0.4522908926010132,0.46863502264022827,33.10268020629883
2172,291048,40000,8.551220893859863,0.00011717515008058399,0.004805172793567181,8.54629898071289,0.0005879367236047983,8.487504959106445,0.0,0.40583834052085876,0.4235340356826782,29.81011199951172,0.0005879367236047983,8.487504959106445,0.0,0.40583834052085876,0.4235340356826782,29.81011199951172
2173,291182,40000,5.23689079284668,0.00010586663847789168,0.007920434698462486,5.228864669799805,0.0033322973176836967,4.89563512802124,0.0,0.438099205493927,0.443367600440979,32.41476058959961,0.0033322973176836967,4.89563512802124,0.0,0.438099205493927,0.443367600440979,32.41476058959961
2174,291316,40000,5.5909528732299805,8.078943938016891e-05,0.006112889852374792,5.58475923538208,0.002966846339404583,5.288074493408203,0.0,0.444410502910614,0.43153655529022217,32.525936126708984,0.002966846339404583,5.288074493408203,0.0,0.444410502910614,0.43153655529022217,32.525936126708984
2175,291450,40000,6.042764663696289,9.787203453015536e-05,0.007981863804161549,6.034685134887695,0.004496943671256304,5.584990978240967,0.0,0.4308776557445526,0.4595274329185486,31.60700225830078,0.004496943671256304,5.584990978240967,0.0,0.4308776557445526,0.4595274329185486,31.60700225830078
2176,291584,40000,5.869990825653076,0.00013428382226265967,0.0061206817626953125,5.863735675811768,0.004328298848122358,5.430905818939209,0.0,0.43024635314941406,0.45842480659484863,31.75967025756836,0.004328298848122358,5.430905818939209,0.0,0.43024635314941406,0.45842480659484863,31.75967025756836
2177,291718,40000,5.0402374267578125,0.00011670928506646305,0.005388115532696247,5.034732818603516,0.001048467354848981,4.9298858642578125,0.0,0.42520982027053833,0.4203207492828369,30.798608779907227,0.001048467354848981,4.9298858642578125,0.0,0.42520982027053833,0.4203207492828369,30.798608779907227
2178,291852,40000,7.310000419616699,9.311117901233956e-05,0.0074202436953783035,7.302486896514893,0.0018908942583948374,7.113397598266602,0.0,0.4158942401409149,0.4404755234718323,30.15407943725586,0.0018908942583948374,7.113397598266602,0.0,0.4158942401409149,0.4404755234718323,30.15407943725586
2179,291986,40000,5.7746148109436035,9.665405377745628e-05,0.007402247283607721,5.767116069793701,0.0016204114072024822,5.605074882507324,0.0,0.42489978671073914,0.4316293001174927,30.898883819580078,0.0016204114072024822,5.605074882507324,0.0,0.42489978671073914,0.4316293001174927,30.898883819580078
2180,292120,40000,3.9602341651916504,0.0001016196547425352,0.007546570152044296,3.9525859355926514,0.004250029101967812,3.527583122253418,0.0,0.4343501627445221,0.4554084539413452,31.501182556152344,0.004250029101967812,3.527583122253418,0.0,0.4343501627445221,0.4554084539413452,31.501182556152344
2181,292254,40000,9.708558082580566,7.96965541667305e-05,0.006520948838442564,9.701957702636719,1.7476135326432995e-05,9.700209617614746,0.0,0.4020761549472809,0.40362846851348877,29.675155639648438,1.7476135326432995e-05,9.700209617614746,0.0,0.4020761549472809,0.40362846851348877,29.675155639648438
2182,292388,40000,5.755084037780762,9.699633665150031e-05,0.008093803189694881,5.746893405914307,0.003361491486430168,5.4107441902160645,0.0,0.42854687571525574,0.45046353340148926,30.79604721069336,0.003361491486430168,5.4107441902160645,0.0,0.42854687571525574,0.45046353340148926,30.79604721069336
2183,292522,40000,10.215099334716797,9.065730409929529e-05,0.0064347730949521065,10.208574295043945,0.008091396652162075,9.399435043334961,0.0,0.45605581998825073,0.47035014629364014,33.261863708496094,0.008091396652162075,9.399435043334961,0.0,0.45605581998825073,0.47035014629364014,33.261863708496094
2184,292656,40000,6.776739120483398,8.400835213251412e-05,0.00817373301833868,6.768481254577637,0.0023022941313683987,6.538251876831055,0.0,0.4309321343898773,0.43668103218078613,31.72524642944336,0.0023022941313683987,6.538251876831055,0.0,0.4309321343898773,0.43668103218078613,31.72524642944336
2185,292790,40000,4.523680210113525,7.702622679062188e-05,0.00758894020691514,4.516014099121094,0.0009740308742038906,4.4186110496521,0.0,0.418146550655365,0.42539161443710327,30.92706871032715,0.0009740308742038906,4.4186110496521,0.0,0.418146550655365,0.42539161443710327,30.92706871032715
2186,292924,40000,6.392206192016602,0.0001223644649144262,0.006120841950178146,6.385962963104248,0.0039323316887021065,5.992729663848877,0.0,0.4338902235031128,0.45276159048080444,31.776262283325195,0.0039323316887021065,5.992729663848877,0.0,0.4338902235031128,0.45276159048080444,31.776262283325195
2187,293058,40000,5.0511088371276855,0.00010480319178896025,0.005315499380230904,5.045688629150391,0.0025109497364610434,4.794593811035156,0.0,0.4344836473464966,0.43635696172714233,31.840557098388672,0.0025109497364610434,4.794593811035156,0.0,0.4344836473464966,0.43635696172714233,31.840557098388672
2188,293192,40000,6.8882293701171875,0.00018096048734150827,0.007397211156785488,6.880650997161865,0.0002450792817398906,6.856142997741699,0.0,0.4133675992488861,0.40814781188964844,30.417072296142578,0.0002450792817398906,6.856142997741699,0.0,0.4133675992488861,0.40814781188964844,30.417072296142578
2189,293326,40000,4.963685035705566,9.010193025460467e-05,0.0067006666213274,4.956894397735596,0.003456318750977516,4.611262321472168,0.0,0.4318571984767914,0.44941091537475586,31.617446899414062,0.003456318750977516,4.611262321472168,0.0,0.4318571984767914,0.44941091537475586,31.617446899414062
2190,293460,40000,4.348028182983398,8.717635500943288e-05,0.0075606489554047585,4.3403801918029785,0.0017858673818409443,4.161793231964111,0.0,0.4276704490184784,0.43194079399108887,31.045299530029297,0.0017858673818409443,4.161793231964111,0.0,0.4276704490184784,0.43194079399108887,31.045299530029297
2191,293594,40000,5.562528133392334,0.00013402574404608458,0.00685858866199851,5.555535316467285,0.002922165673226118,5.2633185386657715,0.0,0.43596139550209045,0.4403601884841919,31.52855682373047,0.002922165673226118,5.2633185386657715,0.0,0.43596139550209045,0.4403601884841919,31.52855682373047
2192,293728,40000,4.885212421417236,0.00010589310113573447,0.007747074589133263,4.877359390258789,0.0017714276909828186,4.700216770172119,0.0,0.42940753698349,0.43011021614074707,31.178701400756836,0.0017714276909828186,4.700216770172119,0.0,0.42940753698349,0.43011021614074707,31.178701400756836
2193,293862,40000,3.1840932369232178,5.413870167103596e-05,0.006737763062119484,3.1773014068603516,0.003165024798363447,2.8607988357543945,0.0,0.43255868554115295,0.44587981700897217,31.541706085205078,0.003165024798363447,2.8607988357543945,0.0,0.43255868554115295,0.44587981700897217,31.541706085205078
2194,293996,40000,8.885396957397461,8.435095514869317e-05,0.006507103331387043,8.878805160522461,0.00862031988799572,8.016773223876953,0.0,0.46080949902534485,0.47016072273254395,33.42055130004883,0.00862031988799572,8.016773223876953,0.0,0.46080949902534485,0.47016072273254395,33.42055130004883
2195,294130,40000,4.7425360679626465,9.048204083228484e-05,0.0065869796089828014,4.73585844039917,0.005113658495247364,4.22449254989624,0.0,0.44258370995521545,0.4574481248855591,32.0958251953125,0.005113658495247364,4.22449254989624,0.0,0.44258370995521545,0.4574481248855591,32.0958251953125
2196,294264,40000,7.364470958709717,0.0001335483102593571,0.006260450463742018,7.358077049255371,0.0067948587238788605,6.678591251373291,0.0,0.4480975270271301,0.4669439196586609,32.573123931884766,0.0067948587238788605,6.678591251373291,0.0,0.4480975270271301,0.4669439196586609,32.573123931884766
2197,294398,40000,6.437017917633057,0.0001690649805823341,0.006643451284617186,6.430205345153809,0.004892453551292419,5.940959930419922,0.0,0.4450876712799072,0.45347481966018677,32.231937408447266,0.004892453551292419,5.940959930419922,0.0,0.4450876712799072,0.45347481966018677,32.231937408447266
2198,294532,40000,6.550603866577148,0.00014082170673646033,0.006772591266781092,6.5436906814575195,0.007805873639881611,5.763103485107422,0.0,0.44981828331947327,0.4729658365249634,32.46553039550781,0.007805873639881611,5.763103485107422,0.0,0.44981828331947327,0.4729658365249634,32.46553039550781
2199,294666,40000,4.514265537261963,8.599572902312502e-05,0.008043504320085049,4.506135940551758,0.0015087178908288479,4.355264186859131,0.0,0.4296933114528656,0.42504048347473145,31.562707901000977,0.0015087178908288479,4.355264186859131,0.0,0.4296933114528656,0.42504048347473145,31.562707901000977
2200,294800,40000,6.0426506996154785,9.157168824458495e-05,0.0072199152782559395,6.03533935546875,0.003493647323921323,5.685974597930908,0.0,0.4430500268936157,0.4405011534690857,32.462684631347656,0.003493647323921323,5.685974597930908,0.0,0.4430500268936157,0.4405011534690857,32.462684631347656
2201,294934,40000,6.792571067810059,9.20944003155455e-05,0.007648672442883253,6.784830093383789,0.0012875160900875926,6.656078338623047,0.0,0.4246227741241455,0.426100492477417,30.864730834960938,0.0012875160900875926,6.656078338623047,0.0,0.4246227741241455,0.426100492477417,30.864730834960938
2202,295068,40000,7.166433334350586,0.0001615985092939809,0.006067907903343439,7.16020393371582,0.0028632739558815956,6.873876571655273,0.0,0.42950692772865295,0.444638729095459,32.196285247802734,0.0028632739558815956,6.873876571655273,0.0,0.42950692772865295,0.444638729095459,32.196285247802734
2203,295202,40000,5.5818634033203125,0.0001363900228170678,0.00672971410676837,5.574997425079346,0.0038035353645682335,5.194643974304199,0.0,0.43792763352394104,0.4486315846443176,32.21197509765625,0.0038035353645682335,5.194643974304199,0.0,0.43792763352394104,0.4486315846443176,32.21197509765625
2204,295336,40000,5.061098098754883,0.0001224502775585279,0.0068906936794519424,5.054084777832031,0.0016643493436276913,4.887650012969971,0.0,0.4269936680793762,0.43058907985687256,31.25312042236328,0.0016643493436276913,4.887650012969971,0.0,0.4269936680793762,0.43058907985687256,31.25312042236328
2205,295470,40000,6.67784309387207,0.00017365699750371277,0.006286152172833681,6.671383380889893,0.005110003519803286,6.160383224487305,0.0,0.4450009763240814,0.45554202795028687,32.39023208618164,0.005110003519803286,6.160383224487305,0.0,0.4450009763240814,0.45554202795028687,32.39023208618164
2206,295604,40000,5.990392208099365,9.673062595538795e-05,0.007512490730732679,5.98278284072876,0.0024964851327240467,5.7331342697143555,0.0,0.4285184442996979,0.44102662801742554,30.85262680053711,0.0024964851327240467,5.7331342697143555,0.0,0.4285184442996979,0.44102662801742554,30.85262680053711
2207,295738,40000,7.055628299713135,0.00017409480642527342,0.005308706779032946,7.050145626068115,0.0013541136868298054,6.914734363555908,0.0,0.42225703597068787,0.42930424213409424,30.54202651977539,0.0013541136868298054,6.914734363555908,0.0,0.42225703597068787,0.42930424213409424,30.54202651977539
2208,295872,40000,6.189057350158691,0.00017982594727072865,0.006685754284262657,6.182191848754883,0.0029280472081154585,5.889387130737305,0.0,0.42949482798576355,0.4453663229942322,30.802438735961914,0.0029280472081154585,5.889387130737305,0.0,0.42949482798576355,0.4453663229942322,30.802438735961914
2209,296006,40000,5.944979190826416,0.00021477039263118058,0.006842063274234533,5.937922477722168,0.0025419807061553,5.683724403381348,0.0,0.4377099871635437,0.43346548080444336,31.875747680664062,0.0025419807061553,5.683724403381348,0.0,0.4377099871635437,0.43346548080444336,31.875747680664062
2210,296140,40000,4.454893112182617,7.370745879597962e-05,0.007281789090484381,4.447537422180176,0.0019078676123172045,4.256750583648682,0.0,0.4255628287792206,0.43541765213012695,31.060108184814453,0.0019078676123172045,4.256750583648682,0.0,0.4255628287792206,0.43541765213012695,31.060108184814453
2211,296274,40000,6.290353298187256,7.057453331071883e-05,0.006734228692948818,6.283548355102539,0.004978731740266085,5.785675048828125,0.0,0.4406675398349762,0.45766180753707886,32.40903091430664,0.004978731740266085,5.785675048828125,0.0,0.4406675398349762,0.45766180753707886,32.40903091430664
2212,296408,40000,5.555068492889404,9.68180684139952e-05,0.0077981785871088505,5.547173500061035,0.0027803180273622274,5.269141674041748,0.0,0.4322742819786072,0.4416975975036621,32.099239349365234,0.0027803180273622274,5.269141674041748,0.0,0.4322742819786072,0.4416975975036621,32.099239349365234
2213,296542,40000,6.525432586669922,0.00011097965034423396,0.006125341635197401,6.519196033477783,0.004769785795360804,6.042217254638672,0.0,0.44456747174263,0.45275914669036865,32.833805084228516,0.004769785795360804,6.042217254638672,0.0,0.44456747174263,0.45275914669036865,32.833805084228516
2214,296676,40000,6.376474380493164,7.925811951281503e-05,0.005995929706841707,6.370398998260498,0.0024660031776875257,6.123798847198486,0.0,0.4287678003311157,0.4404773712158203,31.240480422973633,0.0024660031776875257,6.123798847198486,0.0,0.4287678003311157,0.4404773712158203,31.240480422973633
2215,296810,40000,6.240810394287109,9.805377339944243e-05,0.0071520693600177765,6.233560085296631,0.0027129233349114656,5.962267875671387,0.0,0.4301619529724121,0.44246387481689453,31.296096801757812,0.0027129233349114656,5.962267875671387,0.0,0.4301619529724121,0.44246387481689453,31.296096801757812
2216,296944,40000,5.136622428894043,0.00010276117245666683,0.006636140402406454,5.129883289337158,0.0038125854916870594,4.748624801635742,0.0,0.4343351125717163,0.45131945610046387,31.594236373901367,0.0038125854916870594,4.748624801635742,0.0,0.4343351125717163,0.45131945610046387,31.594236373901367
2217,297078,40000,6.766940116882324,0.000308492046315223,0.007984978146851063,6.758646488189697,0.005304737947881222,6.228172779083252,0.0,0.4395286738872528,0.4611737132072449,32.05805206298828,0.005304737947881222,6.228172779083252,0.0,0.4395286738872528,0.4611737132072449,32.05805206298828
2218,297212,40000,5.249024868011475,7.269711932167411e-05,0.005630823317915201,5.243321418762207,0.0016170376911759377,5.081617832183838,0.0,0.4290097951889038,0.4278472661972046,31.465747833251953,0.0016170376911759377,5.081617832183838,0.0,0.4290097951889038,0.4278472661972046,31.465747833251953
2219,297346,40000,6.522047519683838,0.00010763671161839738,0.006983044091612101,6.514956951141357,0.004995428957045078,6.015414237976074,0.0,0.4361557364463806,0.46073049306869507,31.5782527923584,0.004995428957045078,6.015414237976074,0.0,0.4361557364463806,0.46073049306869507,31.5782527923584
2220,297480,40000,6.204842567443848,6.815959932282567e-05,0.00535631412640214,6.199418067932129,0.005278867669403553,5.6715312004089355,0.0,0.43641993403434753,0.4628685712814331,31.85125160217285,0.005278867669403553,5.6715312004089355,0.0,0.43641993403434753,0.4628685712814331,31.85125160217285
2221,297614,40000,5.898469924926758,8.919448009692132e-05,0.005855402443557978,5.8925251960754395,0.003985066898167133,5.4940185546875,0.0,0.4295614957809448,0.45577800273895264,30.961017608642578,0.003985066898167133,5.4940185546875,0.0,0.4295614957809448,0.45577800273895264,30.961017608642578
2222,297748,40000,6.71552848815918,0.00010863895295187831,0.006739714182913303,6.708680152893066,0.003967389464378357,6.311941146850586,0.0,0.43383464217185974,0.45312821865081787,31.372142791748047,0.003967389464378357,6.311941146850586,0.0,0.43383464217185974,0.45312821865081787,31.372142791748047
2223,297882,40000,8.859421730041504,9.655857138568535e-05,0.006454357411712408,8.85287094116211,0.007986560463905334,8.054214477539062,0.0,0.4590843617916107,0.467049241065979,33.455039978027344,0.007986560463905334,8.054214477539062,0.0,0.4590843617916107,0.467049241065979,33.455039978027344
2224,298016,40000,5.765309810638428,7.346022175624967e-05,0.006579420994967222,5.758656978607178,0.0018586947117000818,5.572787284851074,0.0,0.4249076545238495,0.43518954515457153,30.925752639770508,0.0018586947117000818,5.572787284851074,0.0,0.4249076545238495,0.43518954515457153,30.925752639770508
2225,298150,40000,7.350067138671875,0.0005033040652051568,0.005195152014493942,7.3443684577941895,0.0077186282724142075,6.572505474090576,0.0,0.4504599869251251,0.47191953659057617,32.75984191894531,0.0077186282724142075,6.572505474090576,0.0,0.4504599869251251,0.47191953659057617,32.75984191894531
2226,298284,40000,5.834181308746338,8.687961963005364e-05,0.005095131229609251,5.8289995193481445,0.0026655886322259903,5.562440872192383,0.0,0.42949625849723816,0.442374050617218,31.085512161254883,0.0026655886322259903,5.562440872192383,0.0,0.42949625849723816,0.442374050617218,31.085512161254883
2227,298418,40000,4.854482650756836,0.000128617393784225,0.006866807118058205,4.847487449645996,0.0023018501233309507,4.617302417755127,0.0,0.4270879626274109,0.4395991563796997,31.229293823242188,0.0023018501233309507,4.617302417755127,0.0,0.4270879626274109,0.4395991563796997,31.229293823242188
2228,298552,40000,5.840911388397217,0.00013914106239099056,0.008413058705627918,5.832359313964844,0.0005923366406932473,5.773125648498535,0.0,0.41999053955078125,0.41388219594955444,30.678333282470703,0.0005923366406932473,5.773125648498535,0.0,0.41999053955078125,0.41388219594955444,30.678333282470703
2229,298686,40000,4.775656223297119,0.00017528772877994925,0.007682063616812229,4.767798900604248,0.004080093465745449,4.3597893714904785,0.0,0.435806006193161,0.4528963565826416,31.174448013305664,0.004080093465745449,4.3597893714904785,0.0,0.435806006193161,0.4528963565826416,31.174448013305664
2230,298820,40000,4.953629016876221,6.505008059320971e-05,0.005374386440962553,4.948189735412598,0.005996938794851303,4.348495960235596,0.0,0.44115063548088074,0.4656015634536743,31.84164047241211,0.005996938794851303,4.348495960235596,0.0,0.44115063548088074,0.4656015634536743,31.84164047241211
2231,298954,40000,5.293642520904541,0.0001216560194734484,0.006874348968267441,5.286646366119385,0.0022711956407874823,5.0595269203186035,0.0,0.42337068915367126,0.4415332078933716,31.009000778198242,0.0022711956407874823,5.0595269203186035,0.0,0.42337068915367126,0.4415332078933716,31.009000778198242
2232,299088,40000,7.873940944671631,7.622074917890131e-05,0.00877312384545803,7.865091800689697,0.002043775748461485,7.660714149475098,0.0,0.4153936505317688,0.4425066113471985,30.02375030517578,0.002043775748461485,7.660714149475098,0.0,0.4153936505317688,0.4425066113471985,30.02375030517578
2233,299222,40000,4.497706413269043,6.044677866157144e-05,0.006551819853484631,4.49109411239624,0.0028332406654953957,4.207769870758057,0.0,0.43135371804237366,0.4430137872695923,31.526140213012695,0.0028332406654953957,4.207769870758057,0.0,0.43135371804237366,0.4430137872695923,31.526140213012695
2234,299356,40000,5.641207695007324,5.538543337024748e-05,0.005366380792111158,5.635786056518555,0.002172616310417652,5.418524265289307,0.0,0.4341231882572174,0.4317525625228882,31.872556686401367,0.002172616310417652,5.418524265289307,0.0,0.4341231882572174,0.4317525625228882,31.872556686401367
2235,299490,40000,7.674088478088379,7.559040386695415e-05,0.010094107128679752,7.663918972015381,0.006409963592886925,7.022922515869141,0.0,0.449548602104187,0.4628880023956299,32.98609924316406,0.006409963592886925,7.022922515869141,0.0,0.449548602104187,0.4628880023956299,32.98609924316406
2236,299624,40000,7.212316513061523,6.351506453938782e-05,0.005366143770515919,7.2068867683410645,0.003957048524171114,6.811182022094727,0.0,0.4420255422592163,0.4468070864677429,32.68962097167969,0.003957048524171114,6.811182022094727,0.0,0.4420255422592163,0.4468070864677429,32.68962097167969
2237,299758,40000,6.092916965484619,8.633302786620334e-05,0.00823164451867342,6.084599018096924,0.0024595416616648436,5.838644981384277,0.0,0.4205414056777954,0.44513970613479614,30.251550674438477,0.0024595416616648436,5.838644981384277,0.0,0.4205414056777954,0.44513970613479614,30.251550674438477
2238,299892,40000,5.1666460037231445,9.759858949109912e-05,0.007812476716935635,5.158735752105713,0.0021683569066226482,4.941900253295898,0.0,0.4273212254047394,0.43770819902420044,31.370624542236328,0.0021683569066226482,4.941900253295898,0.0,0.4273212254047394,0.43770819902420044,31.370624542236328
2239,300026,40000,4.220419406890869,7.190339238150045e-05,0.006780889816582203,4.213566780090332,0.002119972137734294,4.001569747924805,0.0,0.4235456883907318,0.43956732749938965,30.95977210998535,0.002119972137734294,4.001569747924805,0.0,0.4235456883907318,0.43956732749938965,30.95977210998535
2240,300160,40000,6.481112480163574,7.892918074503541e-05,0.009167076088488102,6.471866607666016,0.005541231017559767,5.917743682861328,0.0,0.44417059421539307,0.45991820096969604,32.547637939453125,0.005541231017559767,5.917743682861328,0.0,0.44417059421539307,0.45991820096969604,32.547637939453125
2241,300294,40000,3.7790234088897705,5.030766988056712e-05,0.008072302676737309,3.7709007263183594,0.003771571908146143,3.3937435150146484,0.0,0.43147656321525574,0.45273327827453613,31.591218948364258,0.003771571908146143,3.3937435150146484,0.0,0.43147656321525574,0.45273327827453613,31.591218948364258
2242,300428,40000,4.975317478179932,9.80510376393795e-05,0.006774234585464001,4.968445301055908,0.0025344083551317453,4.7150044441223145,0.0,0.42459720373153687,0.44392478466033936,31.431344985961914,0.0025344083551317453,4.7150044441223145,0.0,0.42459720373153687,0.44392478466033936,31.431344985961914
2243,300562,40000,6.723244667053223,0.00012541351316031069,0.008083995431661606,6.715035438537598,0.008060924708843231,5.908942699432373,0.0,0.45334845781326294,0.4722140431404114,32.7385368347168,0.008060924708843231,5.908942699432373,0.0,0.45334845781326294,0.4722140431404114,32.7385368347168
2244,300696,40000,4.171557426452637,0.00011565014574443921,0.007760741747915745,4.1636810302734375,0.005937301553785801,3.569951057434082,0.0,0.4427403211593628,0.464113712310791,32.10062789916992,0.005937301553785801,3.569951057434082,0.0,0.4427403211593628,0.464113712310791,32.10062789916992
2245,300830,40000,6.000913143157959,7.281292346306145e-05,0.007031879387795925,5.993808269500732,0.005391325335949659,5.454675674438477,0.0,0.44212567806243896,0.4601394534111023,32.17259216308594,0.005391325335949659,5.454675674438477,0.0,0.44212567806243896,0.4601394534111023,32.17259216308594
2246,300964,40000,5.029618263244629,0.00016500975470989943,0.008719664998352528,5.02073335647583,0.004732257686555386,4.5475077629089355,0.0,0.4412156641483307,0.45507746934890747,32.00123977661133,0.004732257686555386,4.5475077629089355,0.0,0.4412156641483307,0.45507746934890747,32.00123977661133
2247,301098,40000,5.673255920410156,0.00013130482693668455,0.004985371604561806,5.668139457702637,0.002090954454615712,5.459043979644775,0.0,0.4278254806995392,0.4362863302230835,31.45871353149414,0.002090954454615712,5.459043979644775,0.0,0.4278254806995392,0.4362863302230835,31.45871353149414
2248,301232,40000,4.152711391448975,0.00010511235450394452,0.007583486381918192,4.145022869110107,0.004232758656144142,3.7217469215393066,0.0,0.4341225326061249,0.4553932547569275,31.57306480407715,0.004232758656144142,3.7217469215393066,0.0,0.4341225326061249,0.4553932547569275,31.57306480407715
2249,301366,40000,6.441897869110107,0.00044383842032402754,0.005680582020431757,6.4357733726501465,0.005629753693938255,5.872797966003418,0.0,0.44167354702949524,0.46239447593688965,31.97461700439453,0.005629753693938255,5.872797966003418,0.0,0.44167354702949524,0.46239447593688965,31.97461700439453
2250,301500,40000,6.6566243171691895,9.099473390961066e-05,0.008814476430416107,6.647718906402588,0.0016734148375689983,6.480377197265625,0.0,0.42069292068481445,0.4352876543998718,30.063854217529297,0.0016734148375689983,6.480377197265625,0.0,0.42069292068481445,0.4352876543998718,30.063854217529297
2251,301634,40000,5.822748184204102,8.960815466707572e-05,0.007255645468831062,5.815402984619141,0.004163817036896944,5.399021148681641,0.0,0.4324539303779602,0.45577239990234375,31.097265243530273,0.004163817036896944,5.399021148681641,0.0,0.4324539303779602,0.45577239990234375,31.097265243530273
2252,301768,40000,5.254762172698975,9.707292338134721e-05,0.006352084223181009,5.248312950134277,0.005249687470495701,4.723344326019287,0.0,0.44612962007522583,0.4558725953102112,32.045684814453125,0.005249687470495701,4.723344326019287,0.0,0.44612962007522583,0.4558725953102112,32.045684814453125
2253,301902,40000,4.936242580413818,0.000166952537256293,0.008196698501706123,4.9278788566589355,0.0002200670714955777,4.905872344970703,0.0,0.41410404443740845,0.4045981764793396,30.42327880859375,0.0002200670714955777,4.905872344970703,0.0,0.41410404443740845,0.4045981764793396,30.42327880859375
2254,302036,40000,6.022515296936035,0.00013992928143125027,0.00864497385919094,6.013730525970459,0.005799523554742336,5.433778285980225,0.0,0.4462004005908966,0.46053963899612427,32.70786666870117,0.005799523554742336,5.433778285980225,0.0,0.4462004005908966,0.46053963899612427,32.70786666870117
2255,302170,40000,4.667787075042725,0.00012683853856287897,0.00828593224287033,4.659374237060547,0.0035640965215861797,4.302964687347412,0.0,0.43800535798072815,0.4460400938987732,32.21204376220703,0.0035640965215861797,4.302964687347412,0.0,0.43800535798072815,0.4460400938987732,32.21204376220703
2256,302304,40000,5.300398826599121,0.00013641604164149612,0.007682229857891798,5.2925801277160645,0.0009724018163979053,5.195340156555176,0.0,0.419590562582016,0.42426133155822754,30.813758850097656,0.0009724018163979053,5.195340156555176,0.0,0.419590562582016,0.42426133155822754,30.813758850097656
2257,302438,40000,5.911340236663818,6.32406008662656e-05,0.005960768088698387,5.905316352844238,0.0013983134413138032,5.765484809875488,0.0,0.4234098792076111,0.4291597604751587,30.987262725830078,0.0013983134413138032,5.765484809875488,0.0,0.4234098792076111,0.4291597604751587,30.987262725830078
2258,302572,40000,5.732479095458984,7.25880527170375e-05,0.006284570321440697,5.72612190246582,0.004943451844155788,5.231776714324951,0.0,0.4433700442314148,0.45533978939056396,32.2913932800293,0.004943451844155788,5.231776714324951,0.0,0.4433700442314148,0.45533978939056396,32.2913932800293
2259,302706,40000,7.692148208618164,7.932256266940385e-05,0.007976151071488857,7.6840925216674805,0.0070882090367376804,6.975271701812744,0.0,0.4484917223453522,0.4688241481781006,32.54277420043945,0.0070882090367376804,6.975271701812744,0.0,0.4484917223453522,0.4688241481781006,32.54277420043945
2260,302840,40000,10.737736701965332,0.0001068309138645418,0.005835253745317459,10.731794357299805,0.0006856789696030319,10.663226127624512,0.0,0.40306347608566284,0.42600566148757935,29.381742477416992,0.0006856789696030319,10.663226127624512,0.0,0.40306347608566284,0.42600566148757935,29.381742477416992
2261,302974,40000,5.204647541046143,8.752243593335152e-05,0.006451495457440615,5.198108673095703,0.0046319374814629555,4.734914779663086,0.0,0.4402807354927063,0.4548580050468445,32.024478912353516,0.0046319374814629555,4.734914779663086,0.0,0.4402807354927063,0.4548580050468445,32.024478912353516
2262,303108,40000,6.530789852142334,9.966316429199651e-05,0.0071469261310994625,6.523543357849121,0.004414983093738556,6.082045078277588,0.0,0.4327106177806854,0.45783597230911255,31.84880828857422,0.004414983093738556,6.082045078277588,0.0,0.4327106177806854,0.45783597230911255,31.84880828857422
2263,303242,40000,5.536736488342285,9.74040012806654e-05,0.00728965038433671,5.529349327087402,0.002763630822300911,5.252986431121826,0.0,0.43363770842552185,0.440399706363678,31.665754318237305,0.002763630822300911,5.252986431121826,0.0,0.43363770842552185,0.440399706363678,31.665754318237305
2264,303376,40000,4.40278959274292,0.00017067816224880517,0.006107852328568697,4.396511077880859,0.0027917020488530397,4.117341041564941,0.0,0.43049055337905884,0.44315123558044434,31.137144088745117,0.0027917020488530397,4.117341041564941,0.0,0.43049055337905884,0.44315123558044434,31.137144088745117
2265,303510,40000,6.007082939147949,0.000122451048810035,0.007052500266581774,5.999907970428467,0.005632453598082066,5.436662673950195,0.0,0.44267162680625916,0.46173804998397827,32.245174407958984,0.005632453598082066,5.436662673950195,0.0,0.44267162680625916,0.46173804998397827,32.245174407958984
2266,303644,40000,4.992000579833984,0.00010255834786221385,0.006332744844257832,4.985565185546875,0.002698486903682351,4.715716361999512,0.0,0.43085119128227234,0.44179344177246094,31.51490020751953,0.002698486903682351,4.715716361999512,0.0,0.43085119128227234,0.44179344177246094,31.51490020751953
2267,303778,40000,7.029314041137695,0.0001184754801215604,0.009215857833623886,7.019979476928711,0.0010902496287599206,6.910954475402832,0.0,0.4147416353225708,0.42954546213150024,30.291015625,0.0010902496287599206,6.910954475402832,0.0,0.4147416353225708,0.42954546213150024,30.291015625
2268,303912,40000,6.28218412399292,8.68203496793285e-05,0.006221335381269455,6.275876045227051,0.0040152594447135925,5.874350070953369,0.0,0.4429495632648468,0.4465896487236023,32.192264556884766,0.0040152594447135925,5.874350070953369,0.0,0.4429495632648468,0.4465896487236023,32.192264556884766
2269,304046,40000,8.014495849609375,9.551627590553835e-05,0.007429956924170256,8.006970405578613,0.004378906451165676,7.569079399108887,0.0,0.4424976408481598,0.4507233500480652,33.0383186340332,0.004378906451165676,7.569079399108887,0.0,0.4424976408481598,0.4507233500480652,33.0383186340332
2270,304180,40000,4.974555492401123,0.00011299586913082749,0.005723800044506788,4.968718528747559,0.001488525071181357,4.819866180419922,0.0,0.420506089925766,0.4326806664466858,31.43268394470215,0.001488525071181357,4.819866180419922,0.0,0.420506089925766,0.4326806664466858,31.43268394470215
2271,304314,40000,4.875380516052246,0.0001291140797547996,0.008334196172654629,4.866917133331299,0.004149488639086485,4.451968193054199,0.0,0.4408331513404846,0.4498211145401001,32.21833419799805,0.004149488639086485,4.451968193054199,0.0,0.4408331513404846,0.4498211145401001,32.21833419799805
2272,304448,40000,5.085363864898682,8.128354966174811e-05,0.006701454985886812,5.0785813331604,0.003156631952151656,4.762917995452881,0.0,0.4307699501514435,0.44700896739959717,31.6556396484375,0.003156631952151656,4.762917995452881,0.0,0.4307699501514435,0.44700896739959717,31.6556396484375
2273,304582,40000,3.9861652851104736,5.876298018847592e-05,0.007839372381567955,3.978267192840576,0.0025789339561015368,3.7203738689422607,0.0,0.42593657970428467,0.4436603784561157,31.149145126342773,0.0025789339561015368,3.7203738689422607,0.0,0.42593657970428467,0.4436603784561157,31.149145126342773
2274,304716,40000,5.1488518714904785,8.662646723678336e-05,0.0067792050540447235,5.141985893249512,0.0005032558110542595,5.091660499572754,0.0,0.42026713490486145,0.40961766242980957,31.176210403442383,0.0005032558110542595,5.091660499572754,0.0,0.42026713490486145,0.40961766242980957,31.176210403442383
2275,304850,40000,5.763000011444092,8.932469063438475e-05,0.004910198971629143,5.758000373840332,0.005202508065849543,5.2377495765686035,0.0,0.43350398540496826,0.46387481689453125,31.903322219848633,0.005202508065849543,5.2377495765686035,0.0,0.43350398540496826,0.46387481689453125,31.903322219848633
2276,304984,40000,6.490301609039307,0.00011299060861347243,0.007994922809302807,6.482193470001221,0.0027336464263498783,6.208828926086426,0.0,0.4339976906776428,0.43972158432006836,31.328052520751953,0.0027336464263498783,6.208828926086426,0.0,0.4339976906776428,0.43972158432006836,31.328052520751953
2277,305118,40000,5.22324275970459,0.00021662503422703594,0.006076397839933634,5.216949939727783,0.002834845334291458,4.933465480804443,0.0,0.43421366810798645,0.4407954812049866,31.664819717407227,0.002834845334291458,4.933465480804443,0.0,0.43421366810798645,0.4407954812049866,31.664819717407227
2278,305252,40000,5.131519317626953,0.00015256197366397828,0.008328436873853207,5.123038291931152,0.004832208156585693,4.639817237854004,0.0,0.43965497612953186,0.4570937156677246,31.33719253540039,0.004832208156585693,4.639817237854004,0.0,0.43965497612953186,0.4570937156677246,31.33719253540039
2279,305386,40000,7.976218223571777,9.677699563326314e-05,0.006032081786543131,7.970089435577393,0.0011794010642915964,7.852149486541748,0.0,0.4140329360961914,0.43134450912475586,30.250268936157227,0.0011794010642915964,7.852149486541748,0.0,0.4140329360961914,0.43134450912475586,30.250268936157227
2280,305520,40000,4.680946350097656,7.984536932781339e-05,0.00933689996600151,4.671529769897461,0.004613642115145922,4.210165500640869,0.0,0.4431156516075134,0.4524850845336914,32.005271911621094,0.004613642115145922,4.210165500640869,0.0,0.4431156516075134,0.4524850845336914,32.005271911621094
2281,305654,40000,7.056306838989258,8.458159572910517e-05,0.0075015900656580925,7.048720836639404,0.0017679035663604736,6.8719305992126465,0.0,0.42352330684661865,0.4348505139350891,30.558679580688477,0.0017679035663604736,6.8719305992126465,0.0,0.42352330684661865,0.4348505139350891,30.558679580688477
2282,305788,40000,5.345373153686523,6.749406747985631e-05,0.006255641113966703,5.339049816131592,0.00389934703707695,4.94911527633667,0.0,0.43701234459877014,0.45029348134994507,31.4782657623291,0.00389934703707695,4.94911527633667,0.0,0.43701234459877014,0.45029348134994507,31.4782657623291
2283,305922,40000,8.118658065795898,6.88472282490693e-05,0.0077314795926213264,8.110857963562012,0.008254997432231903,7.285358428955078,0.0,0.4561587870121002,0.47142261266708374,33.539398193359375,0.008254997432231903,7.285358428955078,0.0,0.4561587870121002,0.47142261266708374,33.539398193359375
2284,306056,40000,5.314076900482178,6.590036355191842e-05,0.006409546826034784,5.307601451873779,0.004176130518317223,4.889988422393799,0.0,0.43825116753578186,0.45208626985549927,32.13346862792969,0.004176130518317223,4.889988422393799,0.0,0.43825116753578186,0.45208626985549927,32.13346862792969
2285,306190,40000,6.928234100341797,0.00011342109792167321,0.006517643108963966,6.921603202819824,0.001539304736070335,6.767672538757324,0.0,0.41559648513793945,0.4360007643699646,30.32662582397461,0.001539304736070335,6.767672538757324,0.0,0.41559648513793945,0.4360007643699646,30.32662582397461
2286,306324,40000,5.310468673706055,7.335900590987876e-05,0.0074959914200007915,5.302899360656738,0.005336902104318142,4.769209384918213,0.0,0.4421999752521515,0.4596327543258667,31.713491439819336,0.005336902104318142,4.769209384918213,0.0,0.4421999752521515,0.4596327543258667,31.713491439819336
2287,306458,40000,5.142720699310303,6.331000622594729e-05,0.006562667898833752,5.136094570159912,0.005825071595609188,4.553587436676025,0.0,0.44166111946105957,0.4639486074447632,31.84442901611328,0.005825071595609188,4.553587436676025,0.0,0.44166111946105957,0.4639486074447632,31.84442901611328
2288,306592,40000,3.956697463989258,0.00012065058399457484,0.006300166714936495,3.9502766132354736,0.0018799637909978628,3.762280225753784,0.0,0.42889711260795593,0.43232524394989014,31.531755447387695,0.0018799637909978628,3.762280225753784,0.0,0.42889711260795593,0.43232524394989014,31.531755447387695
2289,306726,40000,5.096494674682617,0.00010377480066381395,0.006115621421486139,5.090275287628174,0.0031688110902905464,4.7733941078186035,0.0,0.43765902519226074,0.4418402910232544,31.90912628173828,0.0031688110902905464,4.7733941078186035,0.0,0.43765902519226074,0.4418402910232544,31.90912628173828
2290,306860,40000,6.22758150100708,0.00017282040789723396,0.0065736002288758755,6.220835208892822,0.004618734121322632,5.7589616775512695,0.0,0.44109463691711426,0.454129159450531,32.073020935058594,0.004618734121322632,5.7589616775512695,0.0,0.44109463691711426,0.454129159450531,32.073020935058594
2291,306994,40000,5.558760643005371,0.00016257853712886572,0.008208871819078922,5.550389289855957,0.002709699794650078,5.279419422149658,0.0,0.4258105456829071,0.4452052712440491,31.16046142578125,0.002709699794650078,5.279419422149658,0.0,0.4258105456829071,0.4452052712440491,31.16046142578125
2292,307128,40000,3.8575522899627686,0.00012196227180538699,0.00688735069707036,3.8505430221557617,0.004764544777572155,3.3740885257720947,0.0,0.43897053599357605,0.45697230100631714,31.797260284423828,0.004764544777572155,3.3740885257720947,0.0,0.43897053599357605,0.45697230100631714,31.797260284423828
2293,307262,40000,6.791835784912109,9.775964281288907e-05,0.006159581709653139,6.78557825088501,0.001171892392449081,6.668388843536377,0.0,0.40654218196868896,0.433601975440979,30.304685592651367,0.001171892392449081,6.668388843536377,0.0,0.40654218196868896,0.433601975440979,30.304685592651367
2294,307396,40000,6.002932071685791,7.047875260468572e-05,0.008457615040242672,5.994403839111328,0.0060707759112119675,5.387326240539551,0.0,0.4370754361152649,0.46852874755859375,31.765575408935547,0.0060707759112119675,5.387326240539551,0.0,0.4370754361152649,0.46852874755859375,31.765575408935547
2295,307530,40000,6.58656120300293,0.00011306158557999879,0.005811274517327547,6.580636978149414,0.0056761507876217365,6.013021945953369,0.0,0.4375897943973541,0.46529287099838257,32.168785095214844,0.0056761507876217365,6.013021945953369,0.0,0.4375897943973541,0.46529287099838257,32.168785095214844
2296,307664,40000,5.887501239776611,8.919112588046119e-05,0.006670803297311068,5.880741119384766,0.003466397989541292,5.534101486206055,0.0,0.42713895440101624,0.452248215675354,31.119497299194336,0.003466397989541292,5.534101486206055,0.0,0.42713895440101624,0.452248215675354,31.119497299194336
2297,307798,40000,7.0494279861450195,8.329543197760358e-05,0.0068748099729418755,7.0424699783325195,0.008553797379136086,6.1870903968811035,0.0,0.4522032141685486,0.476345419883728,33.04127502441406,0.008553797379136086,6.1870903968811035,0.0,0.4522032141685486,0.476345419883728,33.04127502441406
2298,307932,40000,5.498254776000977,0.00021547151845879853,0.006421592086553574,5.491617679595947,0.0022673453204333782,5.264883041381836,0.0,0.4251508414745331,0.44043242931365967,30.952320098876953,0.0022673453204333782,5.264883041381836,0.0,0.4251508414745331,0.44043242931365967,30.952320098876953
2299,308066,40000,6.5050458908081055,0.00021736754570156336,0.004190406296402216,6.500638008117676,0.004408542066812515,6.059783935546875,0.0,0.44475987553596497,0.44904178380966187,31.990489959716797,0.004408542066812515,6.059783935546875,0.0,0.44475987553596497,0.44904178380966187,31.990489959716797
2300,308200,40000,6.066920280456543,8.149872883222997e-05,0.006491699256002903,6.060347080230713,0.00635458854958415,5.4248881340026855,0.0,0.4461219012737274,0.4650181531906128,32.560672760009766,0.00635458854958415,5.4248881340026855,0.0,0.4461219012737274,0.4650181531906128,32.560672760009766
2301,308334,40000,6.085311412811279,0.0001059399510268122,0.005431316327303648,6.079774379730225,0.005953701678663492,5.48440408706665,0.0,0.4440116882324219,0.4633772373199463,32.05812454223633,0.005953701678663492,5.48440408706665,0.0,0.4440116882324219,0.4633772373199463,32.05812454223633
2302,308468,40000,5.9941558837890625,0.00018110830569639802,0.007928586564958096,5.986046314239502,0.0033956824336200953,5.646478176116943,0.0,0.4330008327960968,0.4480273723602295,31.398509979248047,0.0033956824336200953,5.646478176116943,0.0,0.4330008327960968,0.4480273723602295,31.398509979248047
2303,308602,40000,4.9529008865356445,0.00010813461267389357,0.0059648496098816395,4.9468278884887695,0.003554270137101412,4.591400623321533,0.0,0.4385449290275574,0.44548141956329346,32.05647277832031,0.003554270137101412,4.591400623321533,0.0,0.4385449290275574,0.44548141956329346,32.05647277832031
2304,308736,40000,5.878244876861572,0.000100430435850285,0.006377285812050104,5.871767044067383,0.003602757817134261,5.511491298675537,0.0,0.4321644902229309,0.45067745447158813,31.05380630493164,0.003602757817134261,5.511491298675537,0.0,0.4321644902229309,0.45067745447158813,31.05380630493164
2305,308870,40000,6.119357109069824,6.72228925395757e-05,0.007049137260764837,6.112240791320801,0.0034933402203023434,5.762906551361084,0.0,0.42485031485557556,0.45362651348114014,30.972938537597656,0.0034933402203023434,5.762906551361084,0.0,0.42485031485557556,0.45362651348114014,30.972938537597656
2306,309004,40000,5.425178050994873,8.673423872096464e-05,0.007534765172749758,5.4175567626953125,0.002111794427037239,5.2063775062561035,0.0,0.42755126953125,0.4367793798446655,31.0775146484375,0.002111794427037239,5.2063775062561035,0.0,0.42755126953125,0.4367793798446655,31.0775146484375
2307,309138,40000,5.471578121185303,5.3848485549679026e-05,0.007159687113016844,5.464364528656006,0.004631015472114086,5.00126314163208,0.0,0.4361298978328705,0.4576684236526489,32.01332092285156,0.004631015472114086,5.00126314163208,0.0,0.4361298978328705,0.4576684236526489,32.01332092285156
2308,309272,40000,7.5745768547058105,0.0001849389518611133,0.005690523888915777,7.568701267242432,0.0001598868693690747,7.552712440490723,0.0,0.41214990615844727,0.4035024046897888,30.262161254882812,0.0001598868693690747,7.552712440490723,0.0,0.41214990615844727,0.4035024046897888,30.262161254882812
2309,309406,40000,6.105581760406494,0.00010944576933979988,0.006953284610062838,6.0985188484191895,0.0017799597699195147,5.920522689819336,0.0,0.4247755706310272,0.4341486692428589,31.224348068237305,0.0017799597699195147,5.920522689819336,0.0,0.4247755706310272,0.4341486692428589,31.224348068237305
2310,309540,40000,4.977181434631348,7.592889596708119e-05,0.00836717989295721,4.968738555908203,0.0023307097144424915,4.735667705535889,0.0,0.42771899700164795,0.4395267963409424,31.023365020751953,0.0023307097144424915,4.735667705535889,0.0,0.42771899700164795,0.4395267963409424,31.023365020751953
2311,309674,40000,5.267057418823242,7.827577064745128e-05,0.007059331052005291,5.2599196434021,0.004441854078322649,4.815734386444092,0.0,0.43936991691589355,0.4537760615348816,31.702733993530273,0.004441854078322649,4.815734386444092,0.0,0.43936991691589355,0.4537760615348816,31.702733993530273
2312,309808,40000,6.082886695861816,7.711563375778496e-05,0.007104994263499975,6.075704574584961,0.00322516867890954,5.753187656402588,0.0,0.4291061758995056,0.44876474142074585,31.216245651245117,0.00322516867890954,5.753187656402588,0.0,0.4291061758995056,0.44876474142074585,31.216245651245117
2313,309942,40000,4.437916278839111,8.274723950307816e-05,0.006043033674359322,4.431790351867676,0.004079734440892935,4.02381706237793,0.0,0.43842580914497375,0.4510214924812317,31.914505004882812,0.004079734440892935,4.02381706237793,0.0,0.43842580914497375,0.4510214924812317,31.914505004882812
2314,310076,40000,5.939200401306152,8.264763164333999e-05,0.006319898180663586,5.932797908782959,0.0024833576753735542,5.684462070465088,0.0,0.42945998907089233,0.4401928782463074,31.798480987548828,0.0024833576753735542,5.684462070465088,0.0,0.42945998907089233,0.4401928782463074,31.798480987548828
2315,310210,40000,7.022341251373291,0.00018237790209241211,0.006561162415891886,7.015597820281982,0.0029410519637167454,6.721492767333984,0.0,0.42655760049819946,0.44728368520736694,31.468116760253906,0.0029410519637167454,6.721492767333984,0.0,0.42655760049819946,0.44728368520736694,31.468116760253906
2316,310344,40000,6.415331840515137,0.00021691415167879313,0.007120953407138586,6.407993793487549,0.002745541278272867,6.133439540863037,0.0,0.4232243001461029,0.4469699263572693,30.927595138549805,0.002745541278272867,6.133439540863037,0.0,0.4232243001461029,0.4469699263572693,30.927595138549805
2317,310478,40000,6.997444152832031,8.151802467182279e-05,0.0063495333306491375,6.991013050079346,0.0007948349812068045,6.911529541015625,0.0,0.4229671359062195,0.41635072231292725,30.38555145263672,0.0007948349812068045,6.911529541015625,0.0,0.4229671359062195,0.41635072231292725,30.38555145263672
2318,310612,40000,5.726686477661133,0.00011637245916062966,0.005597829818725586,5.720972061157227,0.0035262559540569782,5.368346691131592,0.0,0.42599523067474365,0.45339012145996094,31.133108139038086,0.0035262559540569782,5.368346691131592,0.0,0.42599523067474365,0.45339012145996094,31.133108139038086
2319,310746,40000,5.324865818023682,6.451255467254668e-05,0.00633682357147336,5.318464279174805,0.00508939428254962,4.809525012969971,0.0,0.4387812912464142,0.45987826585769653,31.856496810913086,0.00508939428254962,4.809525012969971,0.0,0.4387812912464142,0.45987826585769653,31.856496810913086
2320,310880,40000,5.912665367126465,0.00013503979425877333,0.007714877836406231,5.904815673828125,0.0028638073708862066,5.618434906005859,0.0,0.4262491464614868,0.4466346502304077,30.95394515991211,0.0028638073708862066,5.618434906005859,0.0,0.4262491464614868,0.4466346502304077,30.95394515991211
2321,311014,40000,5.81938362121582,0.00012733822222799063,0.00662473076954484,5.812631607055664,0.0050872499123215675,5.303906440734863,0.0,0.4453425705432892,0.4550572633743286,32.2392692565918,0.0050872499123215675,5.303906440734863,0.0,0.4453425705432892,0.4550572633743286,32.2392692565918
2322,311148,40000,4.549868106842041,0.0003175961319357157,0.009258255362510681,4.540292263031006,0.004031442571431398,4.137147903442383,0.0,0.4318605363368988,0.45492130517959595,31.289339065551758,0.004031442571431398,4.137147903442383,0.0,0.4318605363368988,0.45492130517959595,31.289339065551758
2323,311282,40000,6.0279998779296875,0.00015929937944747508,0.006257061846554279,6.021583557128906,0.004893303383141756,5.532253265380859,0.0,0.44496119022369385,0.45358914136886597,32.577430725097656,0.004893303383141756,5.532253265380859,0.0,0.44496119022369385,0.45358914136886597,32.577430725097656
2324,311416,40000,4.203648090362549,8.932478522183374e-05,0.008583460934460163,4.19497537612915,0.0034602652303874493,3.8489487171173096,0.0,0.4332767426967621,0.4485069513320923,32.18626403808594,0.0034602652303874493,3.8489487171173096,0.0,0.4332767426967621,0.4485069513320923,32.18626403808594
2325,311550,40000,5.7131242752075195,8.832068124320358e-05,0.007118191570043564,5.705917835235596,0.0015037336852401495,5.555544376373291,0.0,0.42111650109291077,0.43252426385879517,30.992021560668945,0.0015037336852401495,5.555544376373291,0.0,0.42111650109291077,0.43252426385879517,30.992021560668945
2326,311684,40000,5.748358726501465,0.00010093449964188039,0.006884641479700804,5.741373062133789,0.0010953756282106042,5.631835460662842,0.0,0.4178937077522278,0.42784225940704346,30.581193923950195,0.0010953756282106042,5.631835460662842,0.0,0.4178937077522278,0.42784225940704346,30.581193923950195
2327,311818,40000,6.744048118591309,9.058737487066537e-05,0.006335441023111343,6.737622261047363,0.0008028610609471798,6.657336235046387,0.0,0.4179142713546753,0.42195314168930054,30.512351989746094,0.0008028610609471798,6.657336235046387,0.0,0.4179142713546753,0.42195314168930054,30.512351989746094
2328,311952,40000,4.536566257476807,0.00013071960711386055,0.006487978156656027,4.529947757720947,0.001955679152160883,4.33437967300415,0.0,0.4293370544910431,0.43309104442596436,31.600324630737305,0.001955679152160883,4.33437967300415,0.0,0.4293370544910431,0.43309104442596436,31.600324630737305
2329,312086,40000,4.419358253479004,5.702438284060918e-05,0.006164854858070612,4.4131364822387695,0.002608786802738905,4.152257919311523,0.0,0.4318728744983673,0.43991124629974365,31.685094833374023,0.002608786802738905,4.152257919311523,0.0,0.4318728744983673,0.43991124629974365,31.685094833374023
2330,312220,40000,6.831462383270264,0.00014545775775332004,0.008302664384245872,6.823014259338379,0.005217686295509338,6.30124568939209,0.0,0.44238054752349854,0.45849424600601196,32.45329666137695,0.005217686295509338,6.30124568939209,0.0,0.44238054752349854,0.45849424600601196,32.45329666137695
2331,312354,40000,5.601508140563965,5.177166895009577e-05,0.005581615027040243,5.595874786376953,0.005037747323513031,5.092100143432617,0.0,0.43791401386260986,0.4600023031234741,32.142269134521484,0.005037747323513031,5.092100143432617,0.0,0.43791401386260986,0.4600023031234741,32.142269134521484
2332,312488,40000,5.994932651519775,9.003718150779605e-05,0.004451965447515249,5.990390777587891,0.0036928867921233177,5.621102333068848,0.0,0.42965924739837646,0.4530397653579712,31.49567413330078,0.0036928867921233177,5.621102333068848,0.0,0.42965924739837646,0.4530397653579712,31.49567413330078
2333,312622,40000,6.728679180145264,0.00014825626567471772,0.007555859629064798,6.720974922180176,0.0009041343000717461,6.630561351776123,0.0,0.41824933886528015,0.4238976240158081,31.220314025878906,0.0009041343000717461,6.630561351776123,0.0,0.41824933886528015,0.4238976240158081,31.220314025878906
2334,312756,40000,4.733004570007324,8.515139779774472e-05,0.006344029679894447,4.7265753746032715,0.0024198617320507765,4.484589099884033,0.0,0.42487797141075134,0.4424375891685486,31.29010009765625,0.0024198617320507765,4.484589099884033,0.0,0.42487797141075134,0.4424375891685486,31.29010009765625
2335,312890,40000,7.032167434692383,0.00019270778284408152,0.007005399093031883,7.024969100952148,0.006038806401193142,6.421088218688965,0.0,0.447994202375412,0.46111762523651123,32.662925720214844,0.006038806401193142,6.421088218688965,0.0,0.447994202375412,0.46111762523651123,32.662925720214844
2336,313024,40000,5.719760417938232,0.00021992894471623003,0.006449469365179539,5.713090896606445,0.004799745045602322,5.233116626739502,0.0,0.44518303871154785,0.45251893997192383,32.698402404785156,0.004799745045602322,5.233116626739502,0.0,0.44518303871154785,0.45251893997192383,32.698402404785156
2337,313158,40000,7.350287914276123,0.00011722284398274496,0.0059068272821605206,7.344264030456543,0.006340770050883293,6.710186958312988,0.0,0.4479842782020569,0.4635474681854248,33.142112731933594,0.006340770050883293,6.710186958312988,0.0,0.4479842782020569,0.4635474681854248,33.142112731933594
2338,313292,40000,5.748726844787598,0.00010621649562381208,0.006865549832582474,5.74175500869751,0.003738917177543044,5.367863178253174,0.0,0.43403321504592896,0.45080018043518066,31.39254379272461,0.003738917177543044,5.367863178253174,0.0,0.43403321504592896,0.45080018043518066,31.39254379272461
2339,313426,40000,5.360199928283691,9.098591544898227e-05,0.007223844062536955,5.3528852462768555,0.0016081195790320635,5.192073345184326,0.0,0.4287479817867279,0.4279584288597107,30.868785858154297,0.0016081195790320635,5.192073345184326,0.0,0.4287479817867279,0.4279584288597107,30.868785858154297
2340,313560,40000,4.570898532867432,0.00012416574463713914,0.007948577404022217,4.562825679779053,0.0038176444359123707,4.181061267852783,0.0,0.4379500150680542,0.4487590193748474,31.832258224487305,0.0038176444359123707,4.181061267852783,0.0,0.4379500150680542,0.4487590193748474,31.832258224487305
2341,313694,40000,5.289426326751709,7.80627378844656e-05,0.0056757694110274315,5.283672332763672,0.0028439550660550594,4.999276638031006,0.0,0.42505791783332825,0.4470750093460083,31.292402267456055,0.0028439550660550594,4.999276638031006,0.0,0.42505791783332825,0.4470750093460083,31.292402267456055
2342,313828,40000,5.632842540740967,0.0001429909170838073,0.00935226771980524,5.623347282409668,0.005453283898532391,5.078018665313721,0.0,0.44156429171562195,0.4610384702682495,31.957653045654297,0.005453283898532391,5.078018665313721,0.0,0.44156429171562195,0.4610384702682495,31.957653045654297
2343,313962,40000,7.264529228210449,0.00014722527703270316,0.008498012088239193,7.255884170532227,0.006903105415403843,6.565573692321777,0.0,0.4469963610172272,0.4685160517692566,32.669219970703125,0.006903105415403843,6.565573692321777,0.0,0.4469963610172272,0.4685160517692566,32.669219970703125
2344,314096,40000,4.4702911376953125,7.984134572325274e-05,0.005418935790657997,4.464792251586914,0.005677287466824055,3.8970634937286377,0.0,0.43869346380233765,0.46465373039245605,31.901016235351562,0.005677287466824055,3.8970634937286377,0.0,0.43869346380233765,0.46465373039245605,31.901016235351562
2345,314230,40000,9.392242431640625,0.00010938474588328972,0.0058637564070522785,9.386269569396973,0.008774898946285248,8.508779525756836,0.0,0.4539177417755127,0.47660142183303833,33.318050384521484,0.008774898946285248,8.508779525756836,0.0,0.4539177417755127,0.47660142183303833,33.318050384521484
2346,314364,40000,5.962308406829834,7.50487670302391e-05,0.008008838631212711,5.954224586486816,0.0026164823211729527,5.6925764083862305,0.0,0.435583233833313,0.43674665689468384,31.65341567993164,0.0026164823211729527,5.6925764083862305,0.0,0.435583233833313,0.43674665689468384,31.65341567993164
2347,314498,40000,6.163658618927002,0.00011037979129469022,0.006653571501374245,6.156894683837891,0.004520643036812544,5.704830169677734,0.0,0.4363064169883728,0.45659053325653076,32.083370208740234,0.004520643036812544,5.704830169677734,0.0,0.4363064169883728,0.45659053325653076,32.083370208740234
2348,314632,40000,5.163499355316162,7.709580677328631e-05,0.006577545311301947,5.156844615936279,0.0034039660822600126,4.816448211669922,0.0,0.4375403821468353,0.4446619153022766,32.39903259277344,0.0034039660822600126,4.816448211669922,0.0,0.4375403821468353,0.4446619153022766,32.39903259277344
2349,314766,40000,7.670483589172363,0.00013195998326409608,0.009227508679032326,7.661124229431152,0.0005947639001533389,7.601647853851318,0.0,0.4156719446182251,0.4186856746673584,30.425987243652344,0.0005947639001533389,7.601647853851318,0.0,0.4156719446182251,0.4186856746673584,30.425987243652344
2350,314900,40000,4.045867919921875,9.97889437712729e-05,0.0072690341621637344,4.038498878479004,0.004435312002897263,3.594967842102051,0.0,0.4377402067184448,0.4548724889755249,31.74090576171875,0.004435312002897263,3.594967842102051,0.0,0.4377402067184448,0.4548724889755249,31.74090576171875
2351,315034,40000,4.961350917816162,0.00012692152813542634,0.0076031433418393135,4.953620910644531,0.003696249797940254,4.583995819091797,0.0,0.4320956766605377,0.4516344666481018,31.637374877929688,0.003696249797940254,4.583995819091797,0.0,0.4320956766605377,0.4516344666481018,31.637374877929688
2352,315168,40000,5.943170070648193,0.0001681344729149714,0.006266776472330093,5.936735153198242,0.0044845519587397575,5.488279819488525,0.0,0.4410593807697296,0.45290255546569824,32.20976257324219,0.0044845519587397575,5.488279819488525,0.0,0.4410593807697296,0.45290255546569824,32.20976257324219
2353,315302,40000,6.284407615661621,0.00010921905777649954,0.0064024366438388824,6.277895927429199,0.0018966980278491974,6.088226318359375,0.0,0.4299113154411316,0.43165457248687744,31.3933048248291,0.0018966980278491974,6.088226318359375,0.0,0.4299113154411316,0.43165457248687744,31.3933048248291
2354,315436,40000,5.090113162994385,0.0001272780355066061,0.007001806516200304,5.08298397064209,0.005475223995745182,4.53546142578125,0.0,0.44135722517967224,0.4613580107688904,31.30147933959961,0.005475223995745182,4.53546142578125,0.0,0.44135722517967224,0.4613580107688904,31.30147933959961
2355,315570,40000,7.073806285858154,0.00017864913388621062,0.008036443963646889,7.065591335296631,0.008474471047520638,6.218144416809082,0.0,0.45310086011886597,0.4751982092857361,32.948970794677734,0.008474471047520638,6.218144416809082,0.0,0.45310086011886597,0.4751982092857361,32.948970794677734
2356,315704,40000,11.219335556030273,0.00011869287118315697,0.007318445015698671,11.211898803710938,6.876167390146293e-06,11.211211204528809,0.0,0.4021296501159668,0.4015299677848816,29.2198429107666,6.876167390146293e-06,11.211211204528809,0.0,0.4021296501159668,0.4015299677848816,29.2198429107666
2357,315838,40000,5.441198825836182,0.00010427235974930227,0.007766016758978367,5.433328628540039,0.005145298317074776,4.918798923492432,0.0,0.44599050283432007,0.45504701137542725,31.82196044921875,0.005145298317074776,4.918798923492432,0.0,0.44599050283432007,0.45504701137542725,31.82196044921875
2358,315972,40000,6.301405906677246,0.00010680031846277416,0.0053750304505229,6.295924186706543,0.001845002407208085,6.111423969268799,0.0,0.4248254597187042,0.4350528120994568,30.271434783935547,0.001845002407208085,6.111423969268799,0.0,0.4248254597187042,0.4350528120994568,30.271434783935547
2359,316106,40000,6.259378433227539,0.0001054874446708709,0.005442851223051548,6.2538299560546875,0.004424750339239836,5.811355113983154,0.0,0.44125404953956604,0.45218098163604736,32.5199089050293,0.004424750339239836,5.811355113983154,0.0,0.44125404953956604,0.45218098163604736,32.5199089050293
2360,316240,40000,6.191430568695068,8.885129500413314e-05,0.005950748920440674,6.185390949249268,0.0027402134146541357,5.911369800567627,0.0,0.42195630073547363,0.44751983880996704,30.71664810180664,0.0027402134146541357,5.911369800567627,0.0,0.42195630073547363,0.44751983880996704,30.71664810180664
2361,316374,40000,3.6596803665161133,0.00011818522762041539,0.007381044793874025,3.6521811485290527,0.005079176276922226,3.144263505935669,0.0,0.4414694011211395,0.45796090364456177,32.13224792480469,0.005079176276922226,3.144263505935669,0.0,0.4414694011211395,0.45796090364456177,32.13224792480469
2362,316508,40000,4.543684959411621,7.552200258942321e-05,0.007172216661274433,4.536437034606934,0.002999762073159218,4.2364606857299805,0.0,0.4406626522541046,0.43669211864471436,31.718544006347656,0.002999762073159218,4.2364606857299805,0.0,0.4406626522541046,0.43669211864471436,31.718544006347656
2363,316642,40000,5.547526836395264,0.00010064115485874936,0.008822867646813393,5.53860330581665,0.005375192500650883,5.001083850860596,0.0,0.44503578543663025,0.4578530192375183,32.179229736328125,0.005375192500650883,5.001083850860596,0.0,0.44503578543663025,0.4578530192375183,32.179229736328125
2364,316776,40000,6.30930233001709,8.801354852039367e-05,0.005843567196279764,6.303370952606201,0.005985855124890804,5.704785346984863,0.0,0.44132065773010254,0.46540993452072144,31.87713623046875,0.005985855124890804,5.704785346984863,0.0,0.44132065773010254,0.46540993452072144,31.87713623046875
2365,316910,40000,7.954982757568359,0.00010986327106365934,0.008631907403469086,7.9462409019470215,0.005506112240254879,7.3956298828125,0.0,0.4406367242336273,0.4620867967605591,31.851638793945312,0.005506112240254879,7.3956298828125,0.0,0.4406367242336273,0.4620867967605591,31.851638793945312
2366,317044,40000,6.240423679351807,0.00014202494639903307,0.008033771067857742,6.232247829437256,0.0022667276207357645,6.005575180053711,0.0,0.41861575841903687,0.44381988048553467,30.92009735107422,0.0022667276207357645,6.005575180053711,0.0,0.41861575841903687,0.44381988048553467,30.92009735107422
2367,317178,40000,6.615816593170166,7.559988443972543e-05,0.00542916776612401,6.610311985015869,0.002677132375538349,6.342598915100098,0.0,0.42719367146492004,0.4440186023712158,31.143388748168945,0.002677132375538349,6.342598915100098,0.0,0.42719367146492004,0.4440186023712158,31.143388748168945
2368,317312,40000,5.537060260772705,6.898341962369159e-05,0.0074392943643033504,5.529551982879639,0.0010233338689431548,5.427218437194824,0.0,0.41817888617515564,0.4263222813606262,30.38184356689453,0.0010233338689431548,5.427218437194824,0.0,0.41817888617515564,0.4263222813606262,30.38184356689453
2369,317446,40000,5.239449501037598,0.00012415662058629096,0.007069981191307306,5.232255458831787,0.003914644010365009,4.84079122543335,0.0,0.43562135100364685,0.45143699645996094,31.432283401489258,0.003914644010365009,4.84079122543335,0.0,0.43562135100364685,0.45143699645996094,31.432283401489258
2370,317580,40000,6.357309818267822,7.931609434308484e-05,0.008439403958618641,6.348791122436523,0.0042704250663518906,5.921748638153076,0.0,0.43308672308921814,0.4563533067703247,32.08219528198242,0.0042704250663518906,5.921748638153076,0.0,0.43308672308921814,0.4563533067703247,32.08219528198242
2371,317714,40000,6.7170329093933105,6.71044472255744e-05,0.006214373745024204,6.710751533508301,0.0010899644112214446,6.601755142211914,0.0,0.41513562202453613,0.4293407201766968,30.93185043334961,0.0010899644112214446,6.601755142211914,0.0,0.41513562202453613,0.4293407201766968,30.93185043334961
2372,317848,40000,5.288261890411377,7.794484554324299e-05,0.0067313737235963345,5.281452655792236,0.0021892038639634848,5.062532424926758,0.0,0.41968634724617004,0.44244587421417236,30.355520248413086,0.0021892038639634848,5.062532424926758,0.0,0.41968634724617004,0.44244587421417236,30.355520248413086
2373,317982,40000,6.52262544631958,0.00012706787674687803,0.007349585182964802,6.515148639678955,0.0016039048787206411,6.354758262634277,0.0,0.42622169852256775,0.4302709102630615,30.898237228393555,0.0016039048787206411,6.354758262634277,0.0,0.42622169852256775,0.4302709102630615,30.898237228393555
2374,318116,40000,5.72453498840332,8.43250600155443e-05,0.004029220435768366,5.720421314239502,0.0015577009180560708,5.564651012420654,0.0,0.4250185787677765,0.43052494525909424,30.761503219604492,0.0015577009180560708,5.564651012420654,0.0,0.4250185787677765,0.43052494525909424,30.761503219604492
2375,318250,40000,5.277843475341797,0.0002757905167527497,0.007380214985460043,5.2701873779296875,0.0006856441614218056,5.20162296295166,0.0,0.4219885468482971,0.41421788930892944,30.499853134155273,0.0006856441614218056,5.20162296295166,0.0,0.4219885468482971,0.41421788930892944,30.499853134155273
2376,318384,40000,4.524653911590576,0.0003993431746494025,0.006268013268709183,4.51798677444458,0.005322961136698723,3.9856908321380615,0.0,0.4415585398674011,0.45996540784835815,31.866605758666992,0.005322961136698723,3.9856908321380615,0.0,0.4415585398674011,0.45996540784835815,31.866605758666992
2377,318518,40000,5.747058868408203,7.36577421776019e-05,0.008419014513492584,5.7385663986206055,0.0069316690787673,5.0453996658325195,0.0,0.4494423568248749,0.4669860005378723,32.76579666137695,0.0069316690787673,5.0453996658325195,0.0,0.4494423568248749,0.4669860005378723,32.76579666137695
2378,318652,40000,5.240386962890625,0.00017878458311315626,0.007917205803096294,5.232290744781494,0.0033550881780683994,4.896781921386719,0.0,0.4304142892360687,0.44929563999176025,31.26325035095215,0.0033550881780683994,4.896781921386719,0.0,0.4304142892360687,0.44929563999176025,31.26325035095215
2379,318786,40000,5.4613261222839355,7.53599961171858e-05,0.007993567734956741,5.453257083892822,0.0027822405099868774,5.175033092498779,0.0,0.42865508794784546,0.4442846179008484,31.536331176757812,0.0027822405099868774,5.175033092498779,0.0,0.42865508794784546,0.4442846179008484,31.536331176757812
2380,318920,40000,6.5513105392456055,0.00013357862189877778,0.006395098753273487,6.544781684875488,0.001759426319040358,6.368839263916016,0.0,0.41768118739128113,0.43803685903549194,30.449817657470703,0.001759426319040358,6.368839263916016,0.0,0.41768118739128113,0.43803685903549194,30.449817657470703
2381,319054,40000,4.561779975891113,8.750250708544627e-05,0.0085019301623106,4.5531907081604,0.003154691308736801,4.2377214431762695,0.0,0.43573546409606934,0.44333207607269287,31.568666458129883,0.003154691308736801,4.2377214431762695,0.0,0.43573546409606934,0.44333207607269287,31.568666458129883
2382,319188,40000,5.744765281677246,0.00013774808030575514,0.005864959210157394,5.738762378692627,0.004716225899755955,5.267139911651611,0.0,0.436402827501297,0.4582328200340271,31.988618850708008,0.004716225899755955,5.267139911651611,0.0,0.436402827501297,0.4582328200340271,31.988618850708008
2383,319322,40000,6.919121265411377,9.63551428867504e-05,0.00782921351492405,6.911195755004883,0.008050406351685524,6.106154918670654,0.0,0.44557663798332214,0.47728633880615234,32.874088287353516,0.008050406351685524,6.106154918670654,0.0,0.44557663798332214,0.47728633880615234,32.874088287353516
2384,319456,40000,4.600029945373535,5.009659435017966e-05,0.00688981544226408,4.593090057373047,0.003479757346212864,4.245114326477051,0.0,0.43993130326271057,0.4434194564819336,31.648033142089844,0.003479757346212864,4.245114326477051,0.0,0.43993130326271057,0.4434194564819336,31.648033142089844
2385,319590,40000,4.735391139984131,0.0001075480249710381,0.005382810719311237,4.72990083694458,0.005058556329458952,4.224045276641846,0.0,0.4327431619167328,0.46313828229904175,30.934843063354492,0.005058556329458952,4.224045276641846,0.0,0.4327431619167328,0.46313828229904175,30.934843063354492
2386,319724,40000,5.621041297912598,0.00021357694640755653,0.007348149549216032,5.6134796142578125,0.000881039013620466,5.525375843048096,0.0,0.4265182912349701,0.4133349061012268,31.016904830932617,0.000881039013620466,5.525375843048096,0.0,0.4265182912349701,0.4133349061012268,31.016904830932617
2387,319858,40000,5.051034450531006,9.785395377548411e-05,0.007413744460791349,5.043522834777832,0.0042215087451040745,4.621371746063232,0.0,0.42657965421676636,0.45928770303726196,30.943758010864258,0.0042215087451040745,4.621371746063232,0.0,0.42657965421676636,0.45928770303726196,30.943758010864258
2388,319992,40000,6.585196018218994,8.336234895978123e-05,0.004830320365726948,6.580282211303711,0.003591850632801652,6.221096992492676,0.0,0.42888134717941284,0.45251399278640747,31.266042709350586,0.003591850632801652,6.221096992492676,0.0,0.42888134717941284,0.45251399278640747,31.266042709350586
2389,320126,40000,5.769093990325928,7.186117727542296e-05,0.007343891076743603,5.761678218841553,0.0033840194810181856,5.423276424407959,0.0,0.4449579417705536,0.43691617250442505,32.60984802246094,0.0033840194810181856,5.423276424407959,0.0,0.4449579417705536,0.43691617250442505,32.60984802246094
2390,320260,40000,4.748939037322998,9.086597128771245e-05,0.006570738740265369,4.7422776222229,0.004235683940351009,4.318709373474121,0.0,0.4341133236885071,0.45542532205581665,31.766277313232422,0.004235683940351009,4.318709373474121,0.0,0.4341133236885071,0.45542532205581665,31.766277313232422
2391,320394,40000,4.686427116394043,0.0001468452683184296,0.006207606289535761,4.680072784423828,0.00497551541775465,4.182521343231201,0.0,0.4376984238624573,0.45961833000183105,31.599729537963867,0.00497551541775465,4.182521343231201,0.0,0.4376984238624573,0.45961833000183105,31.599729537963867
2392,320528,40000,6.938467025756836,0.00015410524792969227,0.007409883197396994,6.93090295791626,0.0018453880911692977,6.746364116668701,0.0,0.4266252815723419,0.4337117671966553,30.889196395874023,0.0018453880911692977,6.746364116668701,0.0,0.4266252815723419,0.4337117671966553,30.889196395874023
2393,320662,40000,4.909991264343262,8.112921204883605e-05,0.004634044133126736,4.905276298522949,0.0044376542791724205,4.46151065826416,0.0,0.4366905987262726,0.4556008577346802,32.02098083496094,0.0044376542791724205,4.46151065826416,0.0,0.4366905987262726,0.4556008577346802,32.02098083496094
2394,320796,40000,5.966202735900879,7.707755139563233e-05,0.00749306520447135,5.958632469177246,0.005476192105561495,5.411013126373291,0.0,0.4448316693305969,0.4588754177093506,32.073265075683594,0.005476192105561495,5.411013126373291,0.0,0.4448316693305969,0.4588754177093506,32.073265075683594
2395,320930,40000,5.865426063537598,9.912189852911979e-05,0.005680004134774208,5.859646797180176,0.0037075821310281754,5.488888740539551,0.0,0.4315091669559479,0.45210331678390503,30.90320587158203,0.0037075821310281754,5.488888740539551,0.0,0.4315091669559479,0.45210331678390503,30.90320587158203
2396,321064,40000,5.978384017944336,8.848852303344756e-05,0.00591424573212862,5.972381114959717,0.004813792183995247,5.491002082824707,0.0,0.43690991401672363,0.45874905586242676,31.86617660522461,0.004813792183995247,5.491002082824707,0.0,0.43690991401672363,0.45874905586242676,31.86617660522461
2397,321198,40000,6.804007053375244,8.467521547572687e-05,0.0067680333741009235,6.797154426574707,0.002521213609725237,6.545032978057861,0.0,0.4216326177120209,0.4453127384185791,30.785905838012695,0.002521213609725237,6.545032978057861,0.0,0.4216326177120209,0.4453127384185791,30.785905838012695
2398,321332,40000,4.900763988494873,6.970185495447367e-05,0.00771935423836112,4.892974853515625,0.005127656273543835,4.380208969116211,0.0,0.43579718470573425,0.46201789379119873,31.99030113220215,0.005127656273543835,4.380208969116211,0.0,0.43579718470573425,0.46201789379119873,31.99030113220215
2399,321466,40000,6.210850715637207,0.0001858284667832777,0.006268789060413837,6.2043962478637695,0.009349284693598747,5.269467830657959,0.0,0.45146721601486206,0.4818560481071472,32.596107482910156,0.009349284693598747,5.269467830657959,0.0,0.45146721601486206,0.4818560481071472,32.596107482910156
2400,321600,40000,6.445527076721191,9.339131065644324e-05,0.0070250253193080425,6.438408851623535,0.0022369083017110825,6.214717864990234,0.0,0.42248231172561646,0.44161075353622437,31.395261764526367,0.0022369083017110825,6.214717864990234,0.0,0.42248231172561646,0.44161075353622437,31.395261764526367
2401,321734,40000,6.075601577758789,7.108895806595683e-05,0.0069386158138513565,6.068592071533203,0.0044400389306247234,5.6245880126953125,0.0,0.4312531054019928,0.4588496685028076,31.579673767089844,0.0044400389306247234,5.6245880126953125,0.0,0.4312531054019928,0.4588496685028076,31.579673767089844
2402,321868,40000,6.213344097137451,0.00010912387369899079,0.006734376773238182,6.20650053024292,0.005398367531597614,5.666663646697998,0.0,0.44125211238861084,0.4607999324798584,32.020301818847656,0.005398367531597614,5.666663646697998,0.0,0.44125211238861084,0.4607999324798584,32.020301818847656
2403,322002,40000,5.678778171539307,0.0003986516094300896,0.007392589934170246,5.670987129211426,0.00583588145673275,5.087399005889893,0.0,0.44439831376075745,0.4621664881706238,32.52006149291992,0.00583588145673275,5.087399005889893,0.0,0.44439831376075745,0.4621664881706238,32.52006149291992
2404,322136,40000,6.157660961151123,9.920990851242095e-05,0.006684320047497749,6.150877475738525,0.006589092314243317,5.491968154907227,0.0,0.4488382041454315,0.4648376703262329,32.8872184753418,0.006589092314243317,5.491968154907227,0.0,0.4488382041454315,0.4648376703262329,32.8872184753418
2405,322270,40000,6.268798351287842,6.639787898166105e-05,0.005994815845042467,6.262737274169922,0.0017048630397766829,6.092250823974609,0.0,0.4241952896118164,0.43345820903778076,30.767114639282227,0.0017048630397766829,6.092250823974609,0.0,0.4241952896118164,0.43345820903778076,30.767114639282227
2406,322404,40000,4.269338130950928,8.968291513156146e-05,0.006130704656243324,4.263117790222168,0.0030657469760626554,3.95654296875,0.0,0.42947953939437866,0.44686901569366455,31.373342514038086,0.0030657469760626554,3.95654296875,0.0,0.42947953939437866,0.44686901569366455,31.373342514038086
2407,322538,40000,5.30321741104126,9.188025433104485e-05,0.008736287243664265,5.294389247894287,0.0028299980331212282,5.011389255523682,0.0,0.43091684579849243,0.44329142570495605,31.473413467407227,0.0028299980331212282,5.011389255523682,0.0,0.43091684579849243,0.44329142570495605,31.473413467407227
2408,322672,40000,6.344399929046631,0.0001697651605354622,0.00773937813937664,6.336490631103516,0.0036348155699670315,5.97300910949707,0.0,0.43983158469200134,0.4452577233314514,32.16024398803711,0.0036348155699670315,5.97300910949707,0.0,0.43983158469200134,0.4452577233314514,32.16024398803711
2409,322806,40000,5.891312122344971,0.00010508432751521468,0.007548686116933823,5.883658409118652,0.0031701386906206608,5.566644668579102,0.0,0.43200674653053284,0.4463217854499817,32.04664611816406,0.0031701386906206608,5.566644668579102,0.0,0.43200674653053284,0.4463217854499817,32.04664611816406
2410,322940,40000,6.245054244995117,0.0001386664662277326,0.007641666103154421,6.237273693084717,0.005044851452112198,5.732788562774658,0.0,0.4406384825706482,0.45825260877609253,32.232357025146484,0.005044851452112198,5.732788562774658,0.0,0.4406384825706482,0.45825260877609253,32.232357025146484
2411,323074,40000,4.542880058288574,6.926202331669629e-05,0.007134735118597746,4.535676002502441,0.003133233170956373,4.222352504730225,0.0,0.44004103541374207,0.4391145706176758,31.6895694732666,0.003133233170956373,4.222352504730225,0.0,0.44004103541374207,0.4391145706176758,31.6895694732666
2412,323208,40000,6.436523914337158,0.0002779984788503498,0.007226548623293638,6.429019451141357,0.005987765267491341,5.830243110656738,0.0,0.4452526271343231,0.46276915073394775,32.65479278564453,0.005987765267491341,5.830243110656738,0.0,0.4452526271343231,0.46276915073394775,32.65479278564453
2413,323342,40000,4.310241222381592,0.00013827515067532659,0.006667967885732651,4.3034348487854,0.004872796591371298,3.816155195236206,0.0,0.43546992540359497,0.4601222276687622,31.933055877685547,0.004872796591371298,3.816155195236206,0.0,0.43546992540359497,0.4601222276687622,31.933055877685547
2414,323476,40000,5.800955295562744,7.652617205167189e-05,0.005944174714386463,5.7949347496032715,0.004588269628584385,5.3361077308654785,0.0,0.4421325922012329,0.4530388116836548,32.21904754638672,0.004588269628584385,5.3361077308654785,0.0,0.4421325922012329,0.4530388116836548,32.21904754638672
2415,323610,40000,5.738238334655762,0.00014892435865476727,0.008735180832445621,5.729354381561279,0.005125421565026045,5.2168121337890625,0.0,0.4404323399066925,0.4590817093849182,32.21682357788086,0.005125421565026045,5.2168121337890625,0.0,0.4404323399066925,0.4590817093849182,32.21682357788086
2416,323744,40000,7.914885520935059,8.061730477493256e-05,0.006452224683016539,7.908352851867676,0.007525365334004164,7.155816555023193,0.0,0.4513242542743683,0.4699370265007019,33.000308990478516,0.007525365334004164,7.155816555023193,0.0,0.4513242542743683,0.4699370265007019,33.000308990478516
2417,323878,40000,5.716274261474609,0.00010779267904581502,0.005954560823738575,5.710211753845215,0.003822161816060543,5.327995777130127,0.0,0.4331268072128296,0.45219939947128296,31.748645782470703,0.003822161816060543,5.327995777130127,0.0,0.4331268072128296,0.45219939947128296,31.748645782470703
2418,324012,40000,6.544253826141357,6.282917456701398e-05,0.005328305996954441,6.538862705230713,0.007703037932515144,5.768558979034424,0.0,0.4467296600341797,0.474292516708374,32.98786544799805,0.007703037932515144,5.768558979034424,0.0,0.4467296600341797,0.474292516708374,32.98786544799805
2419,324146,40000,6.570525169372559,0.00027423567371442914,0.00858076848089695,6.561670303344727,0.006535589694976807,5.908111572265625,0.0,0.4471561312675476,0.46566498279571533,33.03512954711914,0.006535589694976807,5.908111572265625,0.0,0.4471561312675476,0.46566498279571533,33.03512954711914
2420,324280,40000,5.281565189361572,7.835229189367965e-05,0.006052957382053137,5.2754340171813965,0.006513667292892933,4.624067306518555,0.0,0.444667786359787,0.4672194719314575,32.504364013671875,0.006513667292892933,4.624067306518555,0.0,0.444667786359787,0.4672194719314575,32.504364013671875
2421,324414,40000,6.13075590133667,9.867022163234651e-05,0.007021589204668999,6.123635768890381,0.005723422858864069,5.55129337310791,0.0,0.4356641471385956,0.46671950817108154,31.989850997924805,0.005723422858864069,5.55129337310791,0.0,0.4356641471385956,0.46671950817108154,31.989850997924805
2422,324548,40000,5.86679744720459,8.533731306670234e-05,0.006781171075999737,5.859930992126465,0.002636449644342065,5.596285820007324,0.0,0.42963454127311707,0.44193142652511597,31.337635040283203,0.002636449644342065,5.596285820007324,0.0,0.42963454127311707,0.44193142652511597,31.337635040283203
2423,324682,40000,4.494585037231445,0.00014291190018411726,0.004820949863642454,4.489621162414551,0.0018349369056522846,4.306127548217773,0.0,0.43021517992019653,0.43036413192749023,31.229076385498047,0.0018349369056522846,4.306127548217773,0.0,0.43021517992019653,0.43036413192749023,31.229076385498047
2424,324816,40000,8.546385765075684,6.542268965858966e-05,0.006062407046556473,8.540258407592773,0.0017234765691682696,8.367910385131836,0.0,0.4132748544216156,0.4393351674079895,30.000978469848633,0.0017234765691682696,8.367910385131836,0.0,0.4132748544216156,0.4393351674079895,30.000978469848633
2425,324950,40000,5.8577117919921875,0.0001364883064525202,0.00552924582734704,5.852046012878418,0.004767945967614651,5.375251293182373,0.0,0.43850409984588623,0.4573182463645935,32.14512634277344,0.004767945967614651,5.375251293182373,0.0,0.43850409984588623,0.4573182463645935,32.14512634277344
2426,325084,40000,8.374509811401367,0.0001465312234358862,0.006499222479760647,8.367863655090332,0.007790890987962484,7.58877420425415,0.0,0.4467892646789551,0.47484421730041504,32.61750411987305,0.007790890987962484,7.58877420425415,0.0,0.4467892646789551,0.47484421730041504,32.61750411987305
2427,325218,40000,6.766633033752441,0.00021404202561825514,0.008818472735583782,6.7576003074646,0.005447101779282093,6.212890148162842,0.0,0.4377124309539795,0.4634419083595276,32.18693161010742,0.005447101779282093,6.212890148162842,0.0,0.4377124309539795,0.4634419083595276,32.18693161010742
2428,325352,40000,5.258039951324463,6.587016105186194e-05,0.007032803259789944,5.250941276550293,0.004614685662090778,4.789472579956055,0.0,0.43732133507728577,0.4567609429359436,31.824203491210938,0.004614685662090778,4.789472579956055,0.0,0.43732133507728577,0.4567609429359436,31.824203491210938
2429,325486,40000,4.444308280944824,0.00014345884846989065,0.009964922443032265,4.434199810028076,0.002886956324800849,4.145503997802734,0.0,0.4332720935344696,0.44218915700912476,31.16781234741211,0.002886956324800849,4.145503997802734,0.0,0.4332720935344696,0.44218915700912476,31.16781234741211
2430,325620,40000,10.002696990966797,0.0002105297171510756,0.005900315009057522,9.996585845947266,0.009581353515386581,9.038450241088867,0.0,0.4603242874145508,0.47708654403686523,33.326377868652344,0.009581353515386581,9.038450241088867,0.0,0.4603242874145508,0.47708654403686523,33.326377868652344
2431,325754,40000,6.144256114959717,0.0001408631360391155,0.007244131062179804,6.136871337890625,0.0038702581077814102,5.749845504760742,0.0,0.4423964321613312,0.4455280303955078,32.2200927734375,0.0038702581077814102,5.749845504760742,0.0,0.4423964321613312,0.4455280303955078,32.2200927734375
2432,325888,40000,7.594754695892334,0.00016788599896244705,0.006733694113790989,7.587852954864502,0.0052320086397230625,7.064651966094971,0.0,0.4386431574821472,0.4611450433731079,32.482994079589844,0.0052320086397230625,7.064651966094971,0.0,0.4386431574821472,0.4611450433731079,32.482994079589844
2433,326022,40000,6.28788423538208,0.00010872522398130968,0.005571428686380386,6.2822041511535645,0.0007548630237579346,6.2067179679870605,0.0,0.4162651300430298,0.4221429228782654,30.63541030883789,0.0007548630237579346,6.2067179679870605,0.0,0.4162651300430298,0.4221429228782654,30.63541030883789
2434,326156,40000,4.647160053253174,6.367245077854022e-05,0.007389460224658251,4.639707088470459,0.005550552159547806,4.084651947021484,0.0,0.4370574355125427,0.4646320343017578,31.98080825805664,0.005550552159547806,4.084651947021484,0.0,0.4370574355125427,0.4646320343017578,31.98080825805664
2435,326290,40000,7.416404724121094,0.00019247889576945454,0.007294862996786833,7.408917427062988,0.003831744659692049,7.025743007659912,0.0,0.43498703837394714,0.45106518268585205,31.80819320678711,0.003831744659692049,7.025743007659912,0.0,0.43498703837394714,0.45106518268585205,31.80819320678711
2436,326424,40000,6.126652717590332,5.5843600421212614e-05,0.007843229919672012,6.118753433227539,0.002187982201576233,5.8999552726745605,0.0,0.4182940721511841,0.4430500864982605,30.585371017456055,0.002187982201576233,5.8999552726745605,0.0,0.4182940721511841,0.4430500864982605,30.585371017456055
2437,326558,40000,5.44444465637207,0.00016848051745910197,0.006392568349838257,5.437883377075195,0.0018009936902672052,5.257783889770508,0.0,0.42371729016304016,0.4351921081542969,30.93255043029785,0.0018009936902672052,5.257783889770508,0.0,0.42371729016304016,0.4351921081542969,30.93255043029785
2438,326692,40000,4.737152576446533,0.00010749913053587079,0.005857670679688454,4.731187343597412,0.005574689246714115,4.173718452453613,0.0,0.4418252408504486,0.4618493318557739,32.244564056396484,0.005574689246714115,4.173718452453613,0.0,0.4418252408504486,0.4618493318557739,32.244564056396484
2439,326826,40000,5.094287395477295,7.059722702251747e-05,0.010365404188632965,5.083851337432861,0.004408847540616989,4.6429667472839355,0.0,0.43690025806427,0.4552016258239746,32.50040817260742,0.004408847540616989,4.6429667472839355,0.0,0.43690025806427,0.4552016258239746,32.50040817260742
2440,326960,40000,5.478817462921143,7.819368329364806e-05,0.006228977348655462,5.47251033782959,0.005055086687207222,4.967001438140869,0.0,0.4402645528316498,0.4585990905761719,32.095829010009766,0.005055086687207222,4.967001438140869,0.0,0.4402645528316498,0.4585990905761719,32.095829010009766
2441,327094,40000,6.625555992126465,8.997121040010825e-05,0.005560964345932007,6.6199049949646,0.0028021372854709625,6.339691162109375,0.0,0.41831669211387634,0.44966524839401245,30.827173233032227,0.0028021372854709625,6.339691162109375,0.0,0.41831669211387634,0.44966524839401245,30.827173233032227
2442,327228,40000,4.94772481918335,8.432200411334634e-05,0.0060661230236291885,4.941574573516846,0.0023569732438772917,4.705877304077148,0.0,0.43450504541397095,0.4341522455215454,31.375486373901367,0.0023569732438772917,4.705877304077148,0.0,0.43450504541397095,0.4341522455215454,31.375486373901367
2443,327362,40000,7.735698699951172,9.624822268960997e-05,0.006597515195608139,7.729004859924316,0.002712696325033903,7.457735061645508,0.0,0.4237402081489563,0.4463583827018738,30.53189468383789,0.002712696325033903,7.457735061645508,0.0,0.4237402081489563,0.4463583827018738,30.53189468383789
2444,327496,40000,6.498963832855225,8.318344043800607e-05,0.006868617609143257,6.492012023925781,0.002096678363159299,6.282344341278076,0.0,0.41872870922088623,0.441784143447876,30.621442794799805,0.002096678363159299,6.282344341278076,0.0,0.41872870922088623,0.441784143447876,30.621442794799805
2445,327630,40000,5.988966941833496,8.361766958842054e-05,0.0070087965577840805,5.981874465942383,0.005083238240331411,5.473550796508789,0.0,0.4380245506763458,0.4603106379508972,32.13587951660156,0.005083238240331411,5.473550796508789,0.0,0.4380245506763458,0.4603106379508972,32.13587951660156
2446,327764,40000,5.390625476837158,6.321955152088776e-05,0.005690569058060646,5.384871482849121,0.006578543223440647,4.727016925811768,0.0,0.4434243142604828,0.46850454807281494,32.155242919921875,0.006578543223440647,4.727016925811768,0.0,0.4434243142604828,0.46850454807281494,32.155242919921875
2447,327898,40000,7.601868152618408,9.931029489962384e-05,0.0047437879256904125,7.597024917602539,0.0006415763054974377,7.532867431640625,0.0,0.41923272609710693,0.41648268699645996,30.14397430419922,0.0006415763054974377,7.532867431640625,0.0,0.41923272609710693,0.41648268699645996,30.14397430419922
2448,328032,40000,5.514368534088135,0.0001854671281762421,0.006060292944312096,5.50812292098999,0.004263211973011494,5.081801891326904,0.0,0.43575066328048706,0.4546360969543457,31.70751190185547,0.004263211973011494,5.081801891326904,0.0,0.43575066328048706,0.4546360969543457,31.70751190185547
2449,328166,40000,6.241012096405029,0.00017208856297656894,0.004927974194288254,6.235911846160889,0.002706869738176465,5.965224742889404,0.0,0.438489705324173,0.43500590324401855,31.978069305419922,0.002706869738176465,5.965224742889404,0.0,0.438489705324173,0.43500590324401855,31.978069305419922
2450,328300,40000,5.501343727111816,8.526457531843334e-05,0.006795455235987902,5.494462966918945,0.004487875383347273,5.045675277709961,0.0,0.4348214268684387,0.4572306275367737,31.440099716186523,0.004487875383347273,5.045675277709961,0.0,0.4348214268684387,0.4572306275367737,31.440099716186523
2451,328434,40000,5.8799357414245605,9.476911509409547e-05,0.006968481466174126,5.872872352600098,0.004014185164123774,5.471453666687012,0.0,0.4307659864425659,0.45538628101348877,31.506155014038086,0.004014185164123774,5.471453666687012,0.0,0.4307659864425659,0.45538628101348877,31.506155014038086
2452,328568,40000,9.143343925476074,7.486499089282006e-05,0.007975817658007145,9.135293006896973,0.0071950796991586685,8.41578483581543,0.0,0.4544190466403961,0.46506649255752563,33.7142448425293,0.0071950796991586685,8.41578483581543,0.0,0.4544190466403961,0.46506649255752563,33.7142448425293
2453,328702,40000,6.006662368774414,8.482998237013817e-05,0.0070712328888475895,5.99950647354126,0.0029844543896615505,5.701061248779297,0.0,0.4278562068939209,0.4469945430755615,31.256732940673828,0.0029844543896615505,5.701061248779297,0.0,0.4278562068939209,0.4469945430755615,31.256732940673828
2454,328836,40000,5.969498634338379,9.890541696222499e-05,0.006455906201153994,5.962944030761719,0.0009163722861558199,5.871306896209717,0.0,0.4154687225818634,0.4260209798812866,30.38875961303711,0.0009163722861558199,5.871306896209717,0.0,0.4154687225818634,0.4260209798812866,30.38875961303711
2455,328970,40000,5.171991348266602,0.0001843873760662973,0.00838380865752697,5.16342306137085,0.003860404249280691,4.777382850646973,0.0,0.43186748027801514,0.45333731174468994,31.739486694335938,0.003860404249280691,4.777382850646973,0.0,0.43186748027801514,0.45333731174468994,31.739486694335938
2456,329104,40000,6.28395938873291,8.416211494477466e-05,0.007321430370211601,6.276553630828857,0.004760729614645243,5.800480842590332,0.0,0.43937569856643677,0.45665937662124634,32.238372802734375,0.004760729614645243,5.800480842590332,0.0,0.43937569856643677,0.45665937662124634,32.238372802734375
2457,329238,40000,5.5540690422058105,0.0001230151392519474,0.008204457350075245,5.545741558074951,0.0015947447391226888,5.386267185211182,0.0,0.42189788818359375,0.43339502811431885,30.84238052368164,0.0015947447391226888,5.386267185211182,0.0,0.42189788818359375,0.43339502811431885,30.84238052368164
2458,329372,40000,5.866763114929199,6.093920092098415e-05,0.0062619163654744625,5.860440254211426,0.005262181628495455,5.334222316741943,0.0,0.44024813175201416,0.46035122871398926,31.890867233276367,0.005262181628495455,5.334222316741943,0.0,0.44024813175201416,0.46035122871398926,31.890867233276367
2459,329506,40000,6.798408031463623,0.00015911571972537786,0.005570174660533667,6.7926788330078125,0.004255260340869427,6.367152690887451,0.0,0.43349817395210266,0.45597440004348755,32.056434631347656,0.004255260340869427,6.367152690887451,0.0,0.43349817395210266,0.45597440004348755,32.056434631347656
2460,329640,40000,5.9470343589782715,0.00012001753930235282,0.0075481487438082695,5.939366340637207,0.004974057897925377,5.441960334777832,0.0,0.44889310002326965,0.4508283734321594,32.21857833862305,0.004974057897925377,5.441960334777832,0.0,0.44889310002326965,0.4508283734321594,32.21857833862305
2461,329774,40000,4.813215255737305,9.57478114287369e-05,0.0071919625625014305,4.805927753448486,0.002119248267263174,4.594002723693848,0.0,0.432108610868454,0.4329891800880432,31.714736938476562,0.002119248267263174,4.594002723693848,0.0,0.432108610868454,0.4329891800880432,31.714736938476562
2462,329908,40000,9.289982795715332,9.155456064036116e-05,0.00657232478260994,9.283318519592285,0.0023852470330893993,9.044794082641602,0.0,0.41990211606025696,0.4445999264717102,29.9554500579834,0.0023852470330893993,9.044794082641602,0.0,0.41990211606025696,0.4445999264717102,29.9554500579834
2463,330042,40000,5.179769992828369,8.985203021438792e-05,0.006003950256854296,5.173676013946533,0.0026548411697149277,4.908191680908203,0.0,0.42865920066833496,0.4428192973136902,31.527299880981445,0.0026548411697149277,4.908191680908203,0.0,0.42865920066833496,0.4428192973136902,31.527299880981445
2464,330176,40000,7.614165306091309,8.198578143492341e-05,0.005845772102475166,7.6082377433776855,0.005833270028233528,7.024910926818848,0.0,0.44168582558631897,0.4639965891838074,32.22565460205078,0.005833270028233528,7.024910926818848,0.0,0.44168582558631897,0.4639965891838074,32.22565460205078
2465,330310,40000,5.296996116638184,9.674601460574195e-05,0.004848942160606384,5.292050361633301,0.0017433485481888056,5.117715358734131,0.0,0.4227887988090515,0.4349859952926636,30.953296661376953,0.0017433485481888056,5.117715358734131,0.0,0.4227887988090515,0.4349859952926636,30.953296661376953
2466,330444,40000,5.608319282531738,0.0001572571200085804,0.006828901823610067,5.601333141326904,0.0017042646650224924,5.430906772613525,0.0,0.423450231552124,0.4339757561683655,31.29427719116211,0.0017042646650224924,5.430906772613525,0.0,0.423450231552124,0.4339757561683655,31.29427719116211
2467,330578,40000,4.802980899810791,0.00010378848674008623,0.00698164151981473,4.795895576477051,0.00482987379655242,4.312908172607422,0.0,0.4350834786891937,0.4599918723106384,32.05372619628906,0.00482987379655242,4.312908172607422,0.0,0.4350834786891937,0.4599918723106384,32.05372619628906
2468,330712,40000,4.517570495605469,8.100261766230687e-05,0.007934115827083588,4.509555339813232,0.00186371267773211,4.323184013366699,0.0,0.42432206869125366,0.4356672167778015,31.223194122314453,0.00186371267773211,4.323184013366699,0.0,0.42432206869125366,0.4356672167778015,31.223194122314453
2469,330846,40000,4.474655628204346,0.0002873569028452039,0.00825416762381792,4.466114044189453,0.004704941529780626,3.995620012283325,0.0,0.4390430748462677,0.4563966393470764,31.635602951049805,0.004704941529780626,3.995620012283325,0.0,0.4390430748462677,0.4563966393470764,31.635602951049805
2470,330980,40000,6.409018516540527,0.00013233983190730214,0.007649977225810289,6.401236057281494,0.0026835850439965725,6.132877349853516,0.0,0.42289191484451294,0.4464709162712097,31.037546157836914,0.0026835850439965725,6.132877349853516,0.0,0.42289191484451294,0.4464709162712097,31.037546157836914
2471,331114,40000,5.328767776489258,0.00012458767741918564,0.006689307279884815,5.321953773498535,0.0033189605455845594,4.990057468414307,0.0,0.42248061299324036,0.45304322242736816,31.298080444335938,0.0033189605455845594,4.990057468414307,0.0,0.42248061299324036,0.45304322242736816,31.298080444335938
2472,331248,40000,5.283584117889404,0.0002460069372318685,0.009257057681679726,5.274081230163574,0.007906928658485413,4.483388423919678,0.0,0.4539358615875244,0.47069549560546875,32.59572982788086,0.007906928658485413,4.483388423919678,0.0,0.4539358615875244,0.47069549560546875,32.59572982788086
2473,331382,40000,6.193970680236816,7.253581134136766e-05,0.00775118125602603,6.1861467361450195,0.00450634490698576,5.7355122566223145,0.0,0.4391076862812042,0.4545612931251526,31.76805877685547,0.00450634490698576,5.7355122566223145,0.0,0.4391076862812042,0.4545612931251526,31.76805877685547
2474,331516,40000,4.496828556060791,9.133125422522426e-05,0.005294583272188902,4.491442680358887,0.001834595575928688,4.307982921600342,0.0,0.4247908294200897,0.43492865562438965,31.191608428955078,0.001834595575928688,4.307982921600342,0.0,0.4247908294200897,0.43492865562438965,31.191608428955078
2475,331650,40000,5.996684551239014,8.061756670940667e-05,0.005964066367596388,5.990639686584473,0.003941033035516739,5.596536159515381,0.0,0.430988073348999,0.45459645986557007,30.935588836669922,0.003941033035516739,5.596536159515381,0.0,0.430988073348999,0.45459645986557007,30.935588836669922
2476,331784,40000,6.285580158233643,0.00013586526620201766,0.005872421432286501,6.279572010040283,0.0031894235871732235,5.960629463195801,0.0,0.4357958436012268,0.44368159770965576,31.99787139892578,0.0031894235871732235,5.960629463195801,0.0,0.4357958436012268,0.44368159770965576,31.99787139892578
2477,331918,40000,6.246703624725342,0.00013761795707978308,0.008248459547758102,6.238317489624023,0.00156239268835634,6.082078456878662,0.0,0.41903752088546753,0.4346405267715454,30.700334548950195,0.00156239268835634,6.082078456878662,0.0,0.41903752088546753,0.4346405267715454,30.700334548950195
2478,332052,40000,5.322724342346191,0.00020141215645708144,0.006287706084549427,5.316235065460205,0.005116996355354786,4.804535388946533,0.0,0.43624287843704224,0.4616721272468567,31.626625061035156,0.005116996355354786,4.804535388946533,0.0,0.43624287843704224,0.4616721272468567,31.626625061035156
2479,332186,40000,4.474278450012207,0.00010762293823063374,0.005771691910922527,4.4683990478515625,0.0027961181476712227,4.188787460327148,0.0,0.4304833710193634,0.44320744276046753,31.319128036499023,0.0027961181476712227,4.188787460327148,0.0,0.4304833710193634,0.44320744276046753,31.319128036499023
2480,332320,40000,5.153327941894531,6.996889715082943e-05,0.007980391383171082,5.145277500152588,0.0022772797383368015,4.9175496101379395,0.0,0.4243992567062378,0.4410116672515869,31.42892074584961,0.0022772797383368015,4.9175496101379395,0.0,0.4243992567062378,0.4410116672515869,31.42892074584961
2481,332454,40000,5.742526054382324,0.00011604229803197086,0.007391995284706354,5.735018253326416,0.0037958696484565735,5.355431079864502,0.0,0.43321511149406433,0.4518905282020569,31.6391544342041,0.0037958696484565735,5.355431079864502,0.0,0.43321511149406433,0.4518905282020569,31.6391544342041
2482,332588,40000,5.331550598144531,8.910375618143007e-05,0.008536440320312977,5.322925090789795,0.002391495043411851,5.083775520324707,0.0,0.4211953580379486,0.4440709948539734,30.694541931152344,0.002391495043411851,5.083775520324707,0.0,0.4211953580379486,0.4440709948539734,30.694541931152344
2483,332722,40000,6.139374256134033,8.222530595958233e-05,0.007697715889662504,6.131594181060791,0.0018763350090011954,5.943960666656494,0.0,0.42306816577911377,0.43666326999664307,30.54914093017578,0.0018763350090011954,5.943960666656494,0.0,0.42306816577911377,0.43666326999664307,30.54914093017578
2484,332856,40000,7.310141086578369,8.769839769229293e-05,0.008315805345773697,7.3017377853393555,0.002568009775131941,7.044936656951904,0.0,0.4162893295288086,0.4479861259460449,30.272069931030273,0.002568009775131941,7.044936656951904,0.0,0.4162893295288086,0.4479861259460449,30.272069931030273
2485,332990,40000,10.435647964477539,9.585789666743949e-05,0.006145009770989418,10.429407119750977,0.012163620442152023,9.213045120239258,0.0,0.4630201756954193,0.49051010608673096,33.62526321411133,0.012163620442152023,9.213045120239258,0.0,0.4630201756954193,0.49051010608673096,33.62526321411133
2486,333124,40000,4.606701850891113,9.898434655042365e-05,0.003935260698199272,4.602667808532715,0.00258419057354331,4.3442487716674805,0.0,0.4405961036682129,0.4305965304374695,32.092254638671875,0.00258419057354331,4.3442487716674805,0.0,0.4405961036682129,0.4305965304374695,32.092254638671875
2487,333258,40000,6.933355808258057,0.00011754339357139543,0.006890109274536371,6.9263482093811035,0.0035227802582085133,6.574069976806641,0.0,0.4299883544445038,0.45121991634368896,30.756425857543945,0.0035227802582085133,6.574069976806641,0.0,0.4299883544445038,0.45121991634368896,30.756425857543945
2488,333392,40000,5.602046489715576,7.413561252178624e-05,0.009001700207591057,5.592970848083496,0.005572333000600338,5.03573751449585,0.0,0.44599786400794983,0.4587922692298889,32.096343994140625,0.005572333000600338,5.03573751449585,0.0,0.44599786400794983,0.4587922692298889,32.096343994140625
2489,333526,40000,6.566205024719238,0.00013290239439811558,0.006379976402968168,6.5596923828125,0.005542050115764141,6.005487442016602,0.0,0.442118763923645,0.46138453483581543,32.553470611572266,0.005542050115764141,6.005487442016602,0.0,0.442118763923645,0.46138453483581543,32.553470611572266
2490,333660,40000,7.960323333740234,0.00015355640789493918,0.006023195572197437,7.954146385192871,0.006729088257998228,7.281237602233887,0.0,0.44795092940330505,0.46655672788619995,33.419918060302734,0.006729088257998228,7.281237602233887,0.0,0.44795092940330505,0.46655672788619995,33.419918060302734
2491,333794,40000,6.35282039642334,7.88651013863273e-05,0.006887561175972223,6.345853805541992,0.005820904392749071,5.763763427734375,0.0,0.4386554956436157,0.46577733755111694,31.654218673706055,0.005820904392749071,5.763763427734375,0.0,0.4386554956436157,0.46577733755111694,31.654218673706055
2492,333928,40000,5.838001728057861,0.0001163732522400096,0.007941493764519691,5.829943656921387,0.0029358554165810347,5.536357879638672,0.0,0.4265590310096741,0.4472278952598572,31.013931274414062,0.0029358554165810347,5.536357879638672,0.0,0.4265590310096741,0.4472278952598572,31.013931274414062
2493,334062,40000,5.316878318786621,0.0001428370305802673,0.007600484415888786,5.3091349601745605,0.003719640662893653,4.93717098236084,0.0,0.44025081396102905,0.4458204507827759,31.93731117248535,0.003719640662893653,4.93717098236084,0.0,0.44025081396102905,0.4458204507827759,31.93731117248535
2494,334196,40000,7.73645544052124,0.00013098240015096962,0.005051657557487488,7.7312726974487305,0.006580347195267677,7.073237895965576,0.0,0.4466111958026886,0.46639084815979004,32.763893127441406,0.006580347195267677,7.073237895965576,0.0,0.4466111958026886,0.46639084815979004,32.763893127441406
2495,334330,40000,4.750991344451904,9.816981037147343e-05,0.009133297018706799,4.741759777069092,0.0014408783754333854,4.597671985626221,0.0,0.4227849841117859,0.4303598999977112,31.268020629882812,0.0014408783754333854,4.597671985626221,0.0,0.4227849841117859,0.4303598999977112,31.268020629882812
2496,334464,40000,6.362477779388428,0.0001821659825509414,0.005627368576824665,6.356668472290039,0.004498274065554142,5.906841278076172,0.0,0.4370831847190857,0.45588481426239014,32.035072326660156,0.004498274065554142,5.906841278076172,0.0,0.4370831847190857,0.45588481426239014,32.035072326660156
2497,334598,40000,4.8557233810424805,0.00011272339179413393,0.0070930104702711105,4.848517417907715,0.0052622463554143906,4.322292804718018,0.0,0.44098129868507385,0.4598563313484192,31.602426528930664,0.0052622463554143906,4.322292804718018,0.0,0.44098129868507385,0.4598563313484192,31.602426528930664
2498,334732,40000,4.405906677246094,0.00010901284258579835,0.00754048116505146,4.398257255554199,0.00261585577391088,4.136671543121338,0.0,0.4289422929286957,0.4421687126159668,31.264759063720703,0.00261585577391088,4.136671543121338,0.0,0.4289422929286957,0.4421687126159668,31.264759063720703
2499,334866,40000,5.72013521194458,0.00014210214430931956,0.007658764719963074,5.712334156036377,0.002900800434872508,5.4222540855407715,0.0,0.4255119860172272,0.4474335312843323,31.523361206054688,0.002900800434872508,5.4222540855407715,0.0,0.4255119860172272,0.4474335312843323,31.523361206054688
2500,335000,40000,8.427217483520508,0.00024599418975412846,0.006415604148060083,8.42055606842041,0.006898258812725544,7.7307305335998535,0.0,0.4468291997909546,0.46859508752822876,32.84016036987305,0.006898258812725544,7.7307305335998535,0.0,0.4468291997909546,0.46859508752822876,32.84016036987305
2501,335134,40000,4.388339996337891,0.0001004734294838272,0.0057660494931042194,4.382473468780518,0.003031579777598381,4.079315662384033,0.0,0.42765262722969055,0.44761210680007935,31.136707305908203,0.003031579777598381,4.079315662384033,0.0,0.42765262722969055,0.44761210680007935,31.136707305908203
2502,335268,40000,9.504290580749512,0.0004390960675664246,0.006131088361144066,9.497720718383789,0.0020902857650071383,9.288692474365234,0.0,0.41147664189338684,0.4442557692527771,30.040307998657227,0.0020902857650071383,9.288692474365234,0.0,0.41147664189338684,0.4442557692527771,30.040307998657227
2503,335402,40000,5.371515274047852,0.00011248372175032273,0.0056701963767409325,5.365732669830322,0.001241158228367567,5.241616725921631,0.0,0.42664262652397156,0.42305058240890503,31.177507400512695,0.001241158228367567,5.241616725921631,0.0,0.42664262652397156,0.42305058240890503,31.177507400512695
2504,335536,40000,11.265673637390137,9.293035691371188e-05,0.006831805687397718,11.258749008178711,0.00796840712428093,10.461908340454102,0.0,0.45676034688949585,0.4688960909843445,33.98250198364258,0.00796840712428093,10.461908340454102,0.0,0.45676034688949585,0.4688960909843445,33.98250198364258
2505,335670,40000,4.983203411102295,7.84394214861095e-05,0.00872533954679966,4.974399566650391,0.004879626911133528,4.48643684387207,0.0,0.43635743856430054,0.459646999835968,31.72970962524414,0.004879626911133528,4.48643684387207,0.0,0.43635743856430054,0.459646999835968,31.72970962524414
2506,335804,40000,4.398294925689697,0.00012037657870678231,0.005377602763473988,4.392796993255615,0.004406681749969721,3.9521288871765137,0.0,0.4361754357814789,0.4556598663330078,31.960721969604492,0.004406681749969721,3.9521288871765137,0.0,0.4361754357814789,0.4556598663330078,31.960721969604492
2507,335938,40000,6.653907299041748,9.289663285017014e-05,0.006581055000424385,6.647233486175537,0.00485271867364645,6.161961555480957,0.0,0.440030574798584,0.4570111632347107,32.28512954711914,0.00485271867364645,6.161961555480957,0.0,0.440030574798584,0.4570111632347107,32.28512954711914
2508,336072,40000,4.470078945159912,0.00011236534191993997,0.008256957866251469,4.461709499359131,0.004578182939440012,4.0038909912109375,0.0,0.4406999349594116,0.45405274629592896,31.638599395751953,0.004578182939440012,4.0038909912109375,0.0,0.4406999349594116,0.45405274629592896,31.638599395751953
2509,336206,40000,7.270360469818115,6.256521737668663e-05,0.003905676305294037,7.266392230987549,0.007296919822692871,6.536700248718262,0.0,0.4494986832141876,0.4696189761161804,33.03835678100586,0.007296919822692871,6.536700248718262,0.0,0.4494986832141876,0.4696189761161804,33.03835678100586
2510,336340,40000,5.56594705581665,7.882727368269116e-05,0.006835462059825659,5.559032917022705,0.0019580968655645847,5.363223075866699,0.0,0.4167437255382538,0.4409602880477905,30.761117935180664,0.0019580968655645847,5.363223075866699,0.0,0.4167437255382538,0.4409602880477905,30.761117935180664
2511,336474,40000,4.258455753326416,0.00018142035696655512,0.006225997116416693,4.252048492431641,0.003950702957808971,3.856978178024292,0.0,0.43234893679618835,0.4538910984992981,31.4758358001709,0.003950702957808971,3.856978178024292,0.0,0.43234893679618835,0.4538910984992981,31.4758358001709
2512,336608,40000,5.166148662567139,0.00019471017003525048,0.006725006271153688,5.159228801727295,0.002496690023690462,4.909559726715088,0.0,0.4231312870979309,0.4442903399467468,30.89892578125,0.002496690023690462,4.909559726715088,0.0,0.4231312870979309,0.4442903399467468,30.89892578125
2513,336742,40000,6.337245464324951,0.00011091015039710328,0.007338926196098328,6.329795837402344,0.0005363591481000185,6.276159763336182,0.0,0.4154222905635834,0.4172775149345398,30.20904541015625,0.0005363591481000185,6.276159763336182,0.0,0.4154222905635834,0.4172775149345398,30.20904541015625
2514,336876,40000,5.067023277282715,7.888513937359676e-05,0.005455133505165577,5.061489105224609,0.0041611590422689915,4.645373344421387,0.0,0.43394461274147034,0.4548536539077759,31.278827667236328,0.0041611590422689915,4.645373344421387,0.0,0.43394461274147034,0.4548536539077759,31.278827667236328
2515,337010,40000,4.485502243041992,0.00015372596681118011,0.007264750078320503,4.478083610534668,0.0014323150971904397,4.33485221862793,0.0,0.4201708436012268,0.43202269077301025,30.97039794921875,0.0014323150971904397,4.33485221862793,0.0,0.4201708436012268,0.43202269077301025,30.97039794921875
2516,337144,40000,6.575924396514893,0.00010045538510894403,0.007885990664362907,6.567937850952148,0.004985835403203964,6.069354057312012,0.0,0.44423192739486694,0.45503973960876465,32.47404479980469,0.004985835403203964,6.069354057312012,0.0,0.44423192739486694,0.45503973960876465,32.47404479980469
2517,337278,40000,6.775250434875488,0.00012321957910899073,0.007337593473494053,6.767789840698242,0.0013660037657245994,6.631189346313477,0.0,0.4162243604660034,0.43320804834365845,30.640480041503906,0.0013660037657245994,6.631189346313477,0.0,0.4162243604660034,0.43320804834365845,30.640480041503906
2518,337412,40000,5.493292808532715,0.00014810146240051836,0.008281819522380829,5.484862804412842,0.0036984451580792665,5.115018367767334,0.0,0.42834070324897766,0.453807532787323,31.209449768066406,0.0036984451580792665,5.115018367767334,0.0,0.42834070324897766,0.453807532787323,31.209449768066406
2519,337546,40000,8.879556655883789,8.817236812319607e-05,0.006271913647651672,8.873196601867676,0.0038076494820415974,8.492431640625,0.0,0.42605966329574585,0.4559333920478821,31.234766006469727,0.0038076494820415974,8.492431640625,0.0,0.42605966329574585,0.4559333920478821,31.234766006469727
2520,337680,40000,6.070858001708984,8.207256178138778e-05,0.008125710301101208,6.062650203704834,0.006461622193455696,5.416488170623779,0.0,0.4441460072994232,0.46717703342437744,32.663578033447266,0.006461622193455696,5.416488170623779,0.0,0.4441460072994232,0.46717703342437744,32.663578033447266
2521,337814,40000,4.794301509857178,0.00017438281793147326,0.007104714401066303,4.787022590637207,0.005486787762492895,4.238343715667725,0.0,0.4383297562599182,0.4633846879005432,32.02228927612305,0.005486787762492895,4.238343715667725,0.0,0.4383297562599182,0.4633846879005432,32.02228927612305
2522,337948,40000,4.146918773651123,0.0001288317289436236,0.005129259079694748,4.141660690307617,0.003020678414031863,3.839592933654785,0.0,0.4313748776912689,0.4451253414154053,31.673017501831055,0.003020678414031863,3.839592933654785,0.0,0.4313748776912689,0.4451253414154053,31.673017501831055
2523,338082,40000,6.298561096191406,8.461365359835327e-05,0.006970610003918409,6.291505813598633,0.0030120881274342537,5.990296840667725,0.0,0.43217960000038147,0.444458544254303,31.016738891601562,0.0030120881274342537,5.990296840667725,0.0,0.43217960000038147,0.444458544254303,31.016738891601562
2524,338216,40000,5.15028715133667,0.00012076785787940025,0.007726249750703573,5.142440319061279,0.004085796885192394,4.733860492706299,0.0,0.4324275851249695,0.45508402585983276,31.622346878051758,0.004085796885192394,4.733860492706299,0.0,0.4324275851249695,0.45508402585983276,31.622346878051758
2525,338350,40000,5.831289768218994,9.910519293043762e-05,0.0054472447372972965,5.825743198394775,0.0025571868754923344,5.570024490356445,0.0,0.4289316236972809,0.44147467613220215,31.807575225830078,0.0025571868754923344,5.570024490356445,0.0,0.4289316236972809,0.44147467613220215,31.807575225830078
2526,338484,40000,6.290911674499512,9.548703383188695e-05,0.010216750204563141,6.280599594116211,0.0026251976378262043,6.01807975769043,0.0,0.4286799430847168,0.44245773553848267,31.036588668823242,0.0026251976378262043,6.01807975769043,0.0,0.4286799430847168,0.44245773553848267,31.036588668823242
2527,338618,40000,5.509936332702637,9.935381240211427e-05,0.007616175338625908,5.502220630645752,0.00233088294044137,5.269132137298584,0.0,0.42215263843536377,0.44289690256118774,30.805187225341797,0.00233088294044137,5.269132137298584,0.0,0.42215263843536377,0.44289690256118774,30.805187225341797
2528,338752,40000,6.294329643249512,0.0001034713422995992,0.006973466835916042,6.287252902984619,0.0004331030650064349,6.243942737579346,0.0,0.4129405617713928,0.41629862785339355,30.208229064941406,0.0004331030650064349,6.243942737579346,0.0,0.4129405617713928,0.41629862785339355,30.208229064941406
2529,338886,40000,4.663957595825195,0.0001929235877469182,0.007867422886192799,4.65589714050293,0.0029710745438933372,4.358789920806885,0.0,0.43410956859588623,0.442516028881073,32.1294059753418,0.0029710745438933372,4.358789920806885,0.0,0.43410956859588623,0.442516028881073,32.1294059753418
2530,339020,40000,7.416449546813965,8.898675150703639e-05,0.006629714742302895,7.409730911254883,0.008286785334348679,6.581052303314209,0.0,0.4517889618873596,0.47486448287963867,33.21848678588867,0.008286785334348679,6.581052303314209,0.0,0.4517889618873596,0.47486448287963867,33.21848678588867
2531,339154,40000,4.612025260925293,0.00015947567590046674,0.0075235324911773205,4.604342460632324,0.0030311839655041695,4.301224231719971,0.0,0.42681053280830383,0.448087215423584,31.453840255737305,0.0030311839655041695,4.301224231719971,0.0,0.42681053280830383,0.448087215423584,31.453840255737305
2532,339288,40000,7.9312052726745605,9.629310079617426e-05,0.006487380247563124,7.92462158203125,0.00548104802146554,7.376516819000244,0.0,0.4449959695339203,0.45879125595092773,32.958595275878906,0.00548104802146554,7.376516819000244,0.0,0.4449959695339203,0.45879125595092773,32.958595275878906
2533,339422,40000,5.121886730194092,6.793894135626033e-05,0.006394971627742052,5.115423679351807,0.0025228927843272686,4.863134384155273,0.0,0.42605888843536377,0.442939817905426,31.16513442993164,0.0025228927843272686,4.863134384155273,0.0,0.42605888843536377,0.442939817905426,31.16513442993164
2534,339556,40000,5.256072998046875,0.00010177713556913659,0.005070273298770189,5.250900745391846,0.003100806148722768,4.940820217132568,0.0,0.43103063106536865,0.4462375044822693,31.1009578704834,0.003100806148722768,4.940820217132568,0.0,0.43103063106536865,0.4462375044822693,31.1009578704834
2535,339690,40000,6.028242111206055,0.00025230416213162243,0.006189557258039713,6.0218000411987305,0.0028468668460845947,5.7371134757995605,0.0,0.42201852798461914,0.4486009478569031,31.121437072753906,0.0028468668460845947,5.7371134757995605,0.0,0.42201852798461914,0.4486009478569031,31.121437072753906
2536,339824,40000,6.307428359985352,0.0001403724600095302,0.008282247930765152,6.299005508422852,0.00222742254845798,6.076263427734375,0.0,0.41910842061042786,0.4431542754173279,30.481687545776367,0.00222742254845798,6.076263427734375,0.0,0.41910842061042786,0.4431542754173279,30.481687545776367
2537,339958,40000,4.4449310302734375,9.536700235912576e-05,0.007709324359893799,4.437126159667969,0.002947562374174595,4.142369747161865,0.0,0.43090617656707764,0.4446359872817993,31.2381649017334,0.002947562374174595,4.142369747161865,0.0,0.43090617656707764,0.4446359872817993,31.2381649017334
2538,340092,40000,6.3571085929870605,0.00023337830498348922,0.006377868819981813,6.350497245788574,0.0021785697899758816,6.132640361785889,0.0,0.4251181483268738,0.43934017419815063,30.431577682495117,0.0021785697899758816,6.132640361785889,0.0,0.4251181483268738,0.43934017419815063,30.431577682495117
2539,340226,40000,4.891287326812744,7.459668267983943e-05,0.007223307620733976,4.883989334106445,0.004265858791768551,4.457403659820557,0.0,0.4394990801811218,0.4520161747932434,32.14772033691406,0.004265858791768551,4.457403659820557,0.0,0.4394990801811218,0.4520161747932434,32.14772033691406
2540,340360,40000,5.60145902633667,8.324380178237334e-05,0.007416833192110062,5.593958854675293,0.0028373925015330315,5.310219764709473,0.0,0.4295250475406647,0.44433581829071045,31.405868530273438,0.0028373925015330315,5.310219764709473,0.0,0.4295250475406647,0.44433581829071045,31.405868530273438
2541,340494,40000,5.2394819259643555,8.086107845883816e-05,0.00546691007912159,5.233933925628662,0.004289123695343733,4.8050217628479,0.0,0.4325868785381317,0.4568086266517639,31.650209426879883,0.004289123695343733,4.8050217628479,0.0,0.4325868785381317,0.4568086266517639,31.650209426879883
2542,340628,40000,5.407195568084717,9.997760207625106e-05,0.007142673712223768,5.3999528884887695,0.0031482242047786713,5.085130214691162,0.0,0.4288250505924225,0.4481387734413147,31.302379608154297,0.0031482242047786713,5.085130214691162,0.0,0.4288250505924225,0.4481387734413147,31.302379608154297
2543,340762,40000,5.760484218597412,0.0001222519058501348,0.006967389024794102,5.753394603729248,0.007131424732506275,5.040252208709717,0.0,0.44522175192832947,0.47131913900375366,32.1403923034668,0.007131424732506275,5.040252208709717,0.0,0.44522175192832947,0.47131913900375366,32.1403923034668
2544,340896,40000,6.027993679046631,7.068541890475899e-05,0.0064403642900288105,6.021482467651367,0.005279409699141979,5.493541240692139,0.0,0.4389198124408722,0.4613568186759949,32.07390213012695,0.005279409699141979,5.493541240692139,0.0,0.4389198124408722,0.4613568186759949,32.07390213012695
2545,341030,40000,4.975220680236816,0.00011184220784343779,0.010788184590637684,4.964320659637451,0.0020330161787569523,4.761019229888916,0.0,0.4204704463481903,0.4401743412017822,31.27997398376465,0.0020330161787569523,4.761019229888916,0.0,0.4204704463481903,0.4401743412017822,31.27997398376465
2546,341164,40000,6.320931434631348,7.630589243490249e-05,0.008245649747550488,6.312609672546387,0.0038915234617888927,5.923457145690918,0.0,0.4382270276546478,0.4492972493171692,32.55681228637695,0.0038915234617888927,5.923457145690918,0.0,0.4382270276546478,0.4492972493171692,32.55681228637695
2547,341298,40000,7.408848285675049,5.617815622827038e-05,0.009187058545649052,7.3996052742004395,0.007193729281425476,6.680232524871826,0.0,0.44705161452293396,0.4705682396888733,32.603363037109375,0.007193729281425476,6.680232524871826,0.0,0.44705161452293396,0.4705682396888733,32.603363037109375
2548,341432,40000,6.434704303741455,0.0001253001973964274,0.006721454672515392,6.427857398986816,0.0014372781151905656,6.284129619598389,0.0,0.41928693652153015,0.43263882398605347,30.490617752075195,0.0014372781151905656,6.284129619598389,0.0,0.41928693652153015,0.43263882398605347,30.490617752075195
2549,341566,40000,5.012127876281738,6.693985051242635e-05,0.00543806329369545,5.006622791290283,0.003376488108187914,4.668973922729492,0.0,0.4360993206501007,0.445533812046051,31.585556030273438,0.003376488108187914,4.668973922729492,0.0,0.4360993206501007,0.445533812046051,31.585556030273438
2550,341700,40000,4.753421306610107,0.00010121759987669066,0.007930736057460308,4.745389461517334,0.0028918422758579254,4.456205368041992,0.0,0.4314044415950775,0.4436532258987427,31.76789093017578,0.0028918422758579254,4.456205368041992,0.0,0.4314044415950775,0.4436532258987427,31.76789093017578
2551,341834,40000,5.859555721282959,0.00010241696872981265,0.007318424992263317,5.852134704589844,0.00503931287676096,5.348203659057617,0.0,0.43197306990623474,0.4633800983428955,31.157814025878906,0.00503931287676096,5.348203659057617,0.0,0.43197306990623474,0.4633800983428955,31.157814025878906
2552,341968,40000,6.110508441925049,9.696214692667127e-05,0.006659609265625477,6.1037516593933105,0.0062704747542738914,5.476704120635986,0.0,0.4467903971672058,0.46388375759124756,32.41533279418945,0.0062704747542738914,5.476704120635986,0.0,0.4467903971672058,0.46388375759124756,32.41533279418945
2553,342102,40000,4.674264907836914,9.019539720611647e-05,0.006131644826382399,4.66804313659668,0.0061415391974151134,4.053889274597168,0.0,0.44261422753334045,0.46576905250549316,32.05097961425781,0.0061415391974151134,4.053889274597168,0.0,0.44261422753334045,0.46576905250549316,32.05097961425781
2554,342236,40000,8.874554634094238,9.213621524395421e-05,0.0062380628660321236,8.868224143981934,0.005823572166264057,8.285866737365723,0.0,0.4498705267906189,0.4577624797821045,33.172855377197266,0.005823572166264057,8.285866737365723,0.0,0.4498705267906189,0.4577624797821045,33.172855377197266
2555,342370,40000,6.140369415283203,0.00014244471094571054,0.007230463437736034,6.132996559143066,0.0031703163404017687,5.815965175628662,0.0,0.4263956546783447,0.449735164642334,30.832595825195312,0.0031703163404017687,5.815965175628662,0.0,0.4263956546783447,0.449735164642334,30.832595825195312
2556,342504,40000,5.874133110046387,7.184697460616007e-05,0.0072334688156843185,5.866827964782715,0.0029166010208427906,5.575167655944824,0.0,0.42801493406295776,0.4461710453033447,30.764673233032227,0.0029166010208427906,5.575167655944824,0.0,0.42801493406295776,0.4461710453033447,30.764673233032227
2557,342638,40000,6.229984760284424,0.00011180058208992705,0.007591260131448507,6.2222819328308105,0.0067765191197395325,5.54463005065918,0.0,0.44938722252845764,0.4658591151237488,32.898834228515625,0.0067765191197395325,5.54463005065918,0.0,0.44938722252845764,0.4658591151237488,32.898834228515625
2558,342772,40000,6.0168609619140625,0.00013819575542584062,0.004737879149615765,6.011984825134277,0.0054352907463908195,5.468455791473389,0.0,0.4482462704181671,0.45574575662612915,32.79551696777344,0.0054352907463908195,5.468455791473389,0.0,0.4482462704181671,0.45574575662612915,32.79551696777344
2559,342906,40000,5.219461441040039,6.850483623566106e-05,0.007369711995124817,5.2120232582092285,0.0024652129504829645,4.96550178527832,0.0,0.42378517985343933,0.44358301162719727,31.201698303222656,0.0024652129504829645,4.96550178527832,0.0,0.42378517985343933,0.44358301162719727,31.201698303222656
2560,343040,40000,5.7833662033081055,7.133895269362256e-05,0.006341095548123121,5.77695369720459,0.005927582271397114,5.184195518493652,0.0,0.44712865352630615,0.4608808159828186,32.48975372314453,0.005927582271397114,5.184195518493652,0.0,0.44712865352630615,0.4608808159828186,32.48975372314453
2561,343174,40000,6.242176532745361,0.00016827376384753734,0.005785316228866577,6.236222743988037,0.00344715709798038,5.891507148742676,0.0,0.435139536857605,0.44703584909439087,31.8035945892334,0.00344715709798038,5.891507148742676,0.0,0.435139536857605,0.44703584909439087,31.8035945892334
2562,343308,40000,5.322569370269775,9.941403550328687e-05,0.005534282885491848,5.3169355392456055,0.002453605178743601,5.071575164794922,0.0,0.43458038568496704,0.4354655146598816,31.54199981689453,0.002453605178743601,5.071575164794922,0.0,0.43458038568496704,0.4354655146598816,31.54199981689453
2563,343442,40000,5.035023212432861,8.83780958247371e-05,0.006858306471258402,5.028076648712158,0.000961837125942111,4.9318928718566895,0.0,0.42155924439430237,0.4222943186759949,30.809354782104492,0.000961837125942111,4.9318928718566895,0.0,0.42155924439430237,0.4222943186759949,30.809354782104492
2564,343576,40000,5.462213039398193,7.473245932487771e-05,0.006776421796530485,5.455361843109131,0.0058181011117994785,4.873551845550537,0.0,0.44068440794944763,0.4645203948020935,32.27956008911133,0.0058181011117994785,4.873551845550537,0.0,0.44068440794944763,0.4645203948020935,32.27956008911133
2565,343710,40000,5.6700005531311035,9.504610352450982e-05,0.004905430134385824,5.664999961853027,0.0021457644179463387,5.450423717498779,0.0,0.41893768310546875,0.44227445125579834,30.586355209350586,0.0021457644179463387,5.450423717498779,0.0,0.41893768310546875,0.44227445125579834,30.586355209350586
2566,343844,40000,4.551863670349121,6.1181461205706e-05,0.007711101323366165,4.54409122467041,0.001422974979504943,4.401793956756592,0.0,0.42748120427131653,0.4258410334587097,31.575214385986328,0.001422974979504943,4.401793956756592,0.0,0.42748120427131653,0.4258410334587097,31.575214385986328
2567,343978,40000,5.648460388183594,7.447633106494322e-05,0.007544990163296461,5.640841007232666,0.0033331469167023897,5.307526111602783,0.0,0.42608919739723206,0.4515024423599243,31.118337631225586,0.0033331469167023897,5.307526111602783,0.0,0.42608919739723206,0.4515024423599243,31.118337631225586
2568,344112,40000,5.659409046173096,0.00010728625784395263,0.007271305192261934,5.6520304679870605,0.005390831269323826,5.112947463989258,0.0,0.4383746087551117,0.46259570121765137,31.900087356567383,0.005390831269323826,5.112947463989258,0.0,0.4383746087551117,0.46259570121765137,31.900087356567383
2569,344246,40000,7.177933216094971,8.427236025454476e-05,0.00735406344756484,7.17049503326416,0.0020613078959286213,6.964364051818848,0.0,0.42440566420555115,0.43828409910202026,30.66485595703125,0.0020613078959286213,6.964364051818848,0.0,0.42440566420555115,0.43828409910202026,30.66485595703125
2570,344380,40000,4.150839328765869,8.153512317221612e-05,0.005478044040501118,4.145279884338379,0.003287710016593337,3.8165087699890137,0.0,0.43421170115470886,0.44601380825042725,31.656641006469727,0.003287710016593337,3.8165087699890137,0.0,0.43421170115470886,0.44601380825042725,31.656641006469727
2571,344514,40000,11.548158645629883,7.064929377520457e-05,0.006429501809179783,11.541658401489258,0.010080914944410324,10.53356647491455,0.0,0.46126511693000793,0.47954559326171875,33.863521575927734,0.010080914944410324,10.53356647491455,0.0,0.46126511693000793,0.47954559326171875,33.863521575927734
2572,344648,40000,6.737678527832031,0.00012267495912965387,0.005545434542000294,6.732010364532471,0.005535832140594721,6.178427219390869,0.0,0.444894939661026,0.4593319296836853,32.745643615722656,0.005535832140594721,6.178427219390869,0.0,0.444894939661026,0.4593319296836853,32.745643615722656
2573,344782,40000,6.964418411254883,0.00010633169586071745,0.005949835758656263,6.958362102508545,0.004389608278870583,6.5194010734558105,0.0,0.4378376603126526,0.45438677072525024,32.36211395263672,0.004389608278870583,6.5194010734558105,0.0,0.4378376603126526,0.45438677072525024,32.36211395263672
2574,344916,40000,5.33081579208374,7.636531518073753e-05,0.005300420336425304,5.325438976287842,0.004796369466930628,4.845801830291748,0.0,0.43558287620544434,0.4594157338142395,31.70233726501465,0.004796369466930628,4.845801830291748,0.0,0.43558287620544434,0.4594157338142395,31.70233726501465
2575,345050,40000,4.920840263366699,0.0001992405013879761,0.005006289575248957,4.915634632110596,0.003920730669051409,4.523561477661133,0.0,0.43762966990470886,0.4500473737716675,31.602981567382812,0.003920730669051409,4.523561477661133,0.0,0.43762966990470886,0.4500473737716675,31.602981567382812
2576,345184,40000,7.0970964431762695,6.715600466122851e-05,0.006930885370820761,7.0900983810424805,0.007381420116871595,6.351956367492676,0.0,0.45084327459335327,0.4692559242248535,32.86479187011719,0.007381420116871595,6.351956367492676,0.0,0.45084327459335327,0.4692559242248535,32.86479187011719
2577,345318,40000,5.511020660400391,6.146969099063426e-05,0.006969353649765253,5.5039896965026855,0.007464302703738213,4.757559299468994,0.0,0.44658443331718445,0.47276121377944946,32.58502960205078,0.007464302703738213,4.757559299468994,0.0,0.44658443331718445,0.47276121377944946,32.58502960205078
2578,345452,40000,5.888599872589111,6.683257379336283e-05,0.005887885112315416,5.882645130157471,0.00457089114934206,5.425556182861328,0.0,0.43744972348213196,0.4562886357307434,32.19536590576172,0.00457089114934206,5.425556182861328,0.0,0.43744972348213196,0.4562886357307434,32.19536590576172
2579,345586,40000,6.284467697143555,7.233042560983449e-05,0.007035273127257824,6.277359962463379,0.0037880619056522846,5.898553848266602,0.0,0.43062683939933777,0.45338594913482666,31.631511688232422,0.0037880619056522846,5.898553848266602,0.0,0.43062683939933777,0.45338594913482666,31.631511688232422
2580,345720,40000,6.17728328704834,6.841230060672387e-05,0.006071302108466625,6.171143531799316,0.0012556773144751787,6.0455756187438965,0.0,0.42952483892440796,0.419594943523407,31.403188705444336,0.0012556773144751787,6.0455756187438965,0.0,0.42952483892440796,0.419594943523407,31.403188705444336
2581,345854,40000,5.620242595672607,0.00011428579455241561,0.005905918311327696,5.614222526550293,0.0038840167690068483,5.225821018218994,0.0,0.4363337755203247,0.4506347179412842,32.404544830322266,0.0038840167690068483,5.225821018218994,0.0,0.4363337755203247,0.4506347179412842,32.404544830322266
2582,345988,40000,6.805103778839111,7.459888729499653e-05,0.008387917652726173,6.7966413497924805,0.005220549646764994,6.274586200714111,0.0,0.438924103975296,0.4608725309371948,32.40096664428711,0.005220549646764994,6.274586200714111,0.0,0.438924103975296,0.4608725309371948,32.40096664428711
2583,346122,40000,5.28289270401001,8.844966941978782e-05,0.006782448850572109,5.276021957397461,0.003373130690306425,4.938708782196045,0.0,0.4325926601886749,0.44807130098342896,31.832162857055664,0.003373130690306425,4.938708782196045,0.0,0.4325926601886749,0.44807130098342896,31.832162857055664
2584,346256,40000,4.707325458526611,0.00010235212539555505,0.005209354218095541,4.702013969421387,0.0027430092450231314,4.427712917327881,0.0,0.4243816137313843,0.44635242223739624,31.552656173706055,0.0027430092450231314,4.427712917327881,0.0,0.4243816137313843,0.44635242223739624,31.552656173706055
2585,346390,40000,5.351566314697266,9.152255370281637e-05,0.005021542776376009,5.3464531898498535,0.001966766081750393,5.149776458740234,0.0,0.4296751618385315,0.4329568147659302,31.634960174560547,0.001966766081750393,5.149776458740234,0.0,0.4296751618385315,0.4329568147659302,31.634960174560547
2586,346524,40000,7.408511161804199,9.431059152120724e-05,0.00580065231770277,7.402616024017334,0.008825203403830528,6.5200958251953125,0.0,0.452978253364563,0.4775790572166443,32.94651794433594,0.008825203403830528,6.5200958251953125,0.0,0.452978253364563,0.4775790572166443,32.94651794433594
2587,346658,40000,5.159892559051514,0.00017911921895574778,0.005928529426455498,5.15378475189209,0.00424185348674655,4.729599475860596,0.0,0.43739497661590576,0.45332419872283936,31.561294555664062,0.00424185348674655,4.729599475860596,0.0,0.43739497661590576,0.45332419872283936,31.561294555664062
2588,346792,40000,4.389591693878174,0.00011533215001691133,0.005078665446490049,4.384397506713867,0.004401807207614183,3.9442169666290283,0.0,0.43230393528938293,0.45795053243637085,31.60653305053711,0.004401807207614183,3.9442169666290283,0.0,0.43230393528938293,0.45795053243637085,31.60653305053711
2589,346926,40000,4.61663293838501,6.71630768920295e-05,0.006746986880898476,4.609818935394287,0.003149019554257393,4.294917106628418,0.0,0.42849278450012207,0.4483444094657898,31.571998596191406,0.003149019554257393,4.294917106628418,0.0,0.42849278450012207,0.4483444094657898,31.571998596191406
2590,347060,40000,4.572643756866455,0.0003059910668525845,0.006754329428076744,4.565583229064941,0.004115089308470488,4.154074192047119,0.0,0.43524307012557983,0.45360052585601807,31.206127166748047,0.004115089308470488,4.154074192047119,0.0,0.43524307012557983,0.45360052585601807,31.206127166748047
2591,347194,40000,5.467881202697754,0.00011407570127630606,0.00774301728233695,5.460023880004883,0.0025174079928547144,5.208282947540283,0.0,0.4248698949813843,0.4435763359069824,30.897565841674805,0.0025174079928547144,5.208282947540283,0.0,0.4248698949813843,0.4435763359069824,30.897565841674805
2592,347328,40000,6.90840482711792,9.989385580411181e-05,0.006113877985626459,6.902191162109375,0.0026987099554389715,6.632319927215576,0.0,0.4268345236778259,0.44448167085647583,30.41980743408203,0.0026987099554389715,6.632319927215576,0.0,0.4268345236778259,0.44448167085647583,30.41980743408203
2593,347462,40000,6.601275444030762,0.00020657930872403085,0.006995992735028267,6.5940728187561035,0.001951224054209888,6.398950576782227,0.0,0.4178483486175537,0.4404062032699585,30.447908401489258,0.001951224054209888,6.398950576782227,0.0,0.4178483486175537,0.4404062032699585,30.447908401489258
2594,347596,40000,5.224872589111328,0.00010345946793677285,0.0069422489032149315,5.217826843261719,0.0021068237256258726,5.007144451141357,0.0,0.4275488257408142,0.4367135763168335,30.963356018066406,0.0021068237256258726,5.007144451141357,0.0,0.4275488257408142,0.4367135763168335,30.963356018066406
2595,347730,40000,5.814472675323486,0.00014852866297587752,0.005478150211274624,5.8088459968566895,0.0039747036062181,5.411375522613525,0.0,0.4361649453639984,0.4516410827636719,31.532272338867188,0.0039747036062181,5.411375522613525,0.0,0.4361649453639984,0.4516410827636719,31.532272338867188
2596,347864,40000,6.046717643737793,0.0001450952113373205,0.006234305445104837,6.040338039398193,0.0038256184197962284,5.657776355743408,0.0,0.43377169966697693,0.4518178701400757,32.03981018066406,0.0038256184197962284,5.657776355743408,0.0,0.43377169966697693,0.4518178701400757,32.03981018066406
2597,347998,40000,4.965644836425781,9.643486555432901e-05,0.008043874055147171,4.957504749298096,0.004830104298889637,4.474494457244873,0.0,0.4358113408088684,0.45956218242645264,32.024383544921875,0.004830104298889637,4.474494457244873,0.0,0.4358113408088684,0.45956218242645264,32.024383544921875
2598,348132,40000,6.69111967086792,0.00014651271339971572,0.0069107371382415295,6.684062480926514,0.0012523046461865306,6.558832168579102,0.0,0.4197431802749634,0.4293685555458069,30.590858459472656,0.0012523046461865306,6.558832168579102,0.0,0.4197431802749634,0.4293685555458069,30.590858459472656
2599,348266,40000,5.938228130340576,7.473614095943049e-05,0.005977368913590908,5.932176113128662,0.0020022259559482336,5.7319536209106445,0.0,0.41820916533470154,0.4408736228942871,30.50611114501953,0.0020022259559482336,5.7319536209106445,0.0,0.41820916533470154,0.4408736228942871,30.50611114501953
2600,348400,40000,6.204362869262695,0.000208961297175847,0.007363291457295418,6.19679069519043,0.003653343766927719,5.831456184387207,0.0,0.43993979692459106,0.44536691904067993,32.522857666015625,0.003653343766927719,5.831456184387207,0.0,0.43993979692459106,0.44536691904067993,32.522857666015625
2601,348534,40000,6.455967903137207,0.00018106175411958247,0.008162125013768673,6.447624683380127,0.006552539765834808,5.792370796203613,0.0,0.4434909522533417,0.4682720899581909,32.36623764038086,0.006552539765834808,5.792370796203613,0.0,0.4434909522533417,0.4682720899581909,32.36623764038086
2602,348668,40000,6.29386568069458,0.00012089271331205964,0.008984419517219067,6.284760475158691,0.0052799503318965435,5.756765365600586,0.0,0.439605176448822,0.46092110872268677,32.07315444946289,0.0052799503318965435,5.756765365600586,0.0,0.439605176448822,0.46092110872268677,32.07315444946289
2603,348802,40000,4.58421516418457,0.00010665342415450141,0.006063507869839668,4.578044891357422,0.003065161406993866,4.271528720855713,0.0,0.44108453392982483,0.437110960483551,32.18498992919922,0.003065161406993866,4.271528720855713,0.0,0.44108453392982483,0.437110960483551,32.18498992919922
2604,348936,40000,5.101701259613037,0.00010166231368202716,0.005519525613635778,5.096080303192139,0.005101301241666079,4.5859503746032715,0.0,0.436638742685318,0.46130990982055664,31.68520736694336,0.005101301241666079,4.5859503746032715,0.0,0.436638742685318,0.46130990982055664,31.68520736694336
2605,349070,40000,5.525571346282959,0.00020409935677889735,0.005642351694405079,5.5197248458862305,0.003122942754998803,5.207430362701416,0.0,0.4292612075805664,0.44761013984680176,31.361787796020508,0.003122942754998803,5.207430362701416,0.0,0.4292612075805664,0.44761013984680176,31.361787796020508
2606,349204,40000,4.309965133666992,6.760380347259343e-05,0.007945984601974487,4.3019514083862305,0.0015105991624295712,4.150891304016113,0.0,0.42061614990234375,0.4329480528831482,30.905668258666992,0.0015105991624295712,4.150891304016113,0.0,0.42061614990234375,0.4329480528831482,30.905668258666992
2607,349338,40000,6.481990814208984,7.620597170898691e-05,0.007190315052866936,6.474724292755127,0.00535502890124917,5.939221382141113,0.0,0.441744863986969,0.46010321378707886,32.28388595581055,0.00535502890124917,5.939221382141113,0.0,0.441744863986969,0.46010321378707886,32.28388595581055
2608,349472,40000,6.727879524230957,0.00013216630031820387,0.008322492241859436,6.719424724578857,0.004991860128939152,6.22023868560791,0.0,0.43187159299850464,0.4630560278892517,31.37529945373535,0.004991860128939152,6.22023868560791,0.0,0.43187159299850464,0.4630560278892517,31.37529945373535
2609,349606,40000,4.966629981994629,0.00012308407167438418,0.006067944224923849,4.9604387283325195,0.0026264938060194254,4.697789192199707,0.0,0.4231971800327301,0.4456988573074341,31.20037078857422,0.0026264938060194254,4.697789192199707,0.0,0.4231971800327301,0.4456988573074341,31.20037078857422
2610,349740,40000,6.198895454406738,7.998484943527728e-05,0.005971482023596764,6.192843914031982,0.0034817964769899845,5.844664096832275,0.0,0.4307449758052826,0.4503641128540039,31.24093246459961,0.0034817964769899845,5.844664096832275,0.0,0.4307449758052826,0.4503641128540039,31.24093246459961
2611,349874,40000,5.03891658782959,7.610742613906041e-05,0.0060819904319942,5.032758712768555,0.005322896409779787,4.500469207763672,0.0,0.43583542108535767,0.4635509252548218,31.715131759643555,0.005322896409779787,4.500469207763672,0.0,0.43583542108535767,0.4635509252548218,31.715131759643555
2612,350008,40000,5.624780178070068,9.121574112214148e-05,0.006973132956773043,5.617715835571289,0.004554281011223793,5.162287712097168,0.0,0.43646591901779175,0.45678484439849854,31.99657440185547,0.004554281011223793,5.162287712097168,0.0,0.43646591901779175,0.45678484439849854,31.99657440185547
2613,350142,40000,5.799073219299316,0.00014751526759937406,0.0056257969699800014,5.793299674987793,0.004031539894640446,5.390145778656006,0.0,0.4323744475841522,0.4546208381652832,32.29824447631836,0.004031539894640446,5.390145778656006,0.0,0.4323744475841522,0.4546208381652832,32.29824447631836
2614,350276,40000,4.941328525543213,0.00012316432548686862,0.006611354183405638,4.93459415435791,0.0017243887996301055,4.762155055999756,0.0,0.4262039363384247,0.43221402168273926,31.639101028442383,0.0017243887996301055,4.762155055999756,0.0,0.4262039363384247,0.43221402168273926,31.639101028442383
2615,350410,40000,6.623447895050049,6.439020216930658e-05,0.007416666951030493,6.615966796875,0.00651753693819046,5.9642133712768555,0.0,0.4438399374485016,0.4677908420562744,32.1613655090332,0.00651753693819046,5.9642133712768555,0.0,0.4438399374485016,0.4677908420562744,32.1613655090332
2616,350544,40000,4.703781604766846,0.00023204812896437943,0.006996703799813986,4.696552753448486,0.001467313151806593,4.549821376800537,0.0,0.42353177070617676,0.43022531270980835,30.806283950805664,0.001467313151806593,4.549821376800537,0.0,0.42353177070617676,0.43022531270980835,30.806283950805664
2617,350678,40000,6.485353946685791,0.00017535076767671853,0.006536796223372221,6.478641986846924,0.0019082624930888414,6.287815570831299,0.0,0.41652241349220276,0.44043850898742676,30.875925064086914,0.0019082624930888414,6.287815570831299,0.0,0.41652241349220276,0.44043850898742676,30.875925064086914
2618,350812,40000,6.369853973388672,0.00010670002666302025,0.006936647929251194,6.3628106117248535,0.00439854571595788,5.9229559898376465,0.0,0.43335819244384766,0.4573217034339905,32.11026382446289,0.00439854571595788,5.9229559898376465,0.0,0.43335819244384766,0.4573217034339905,32.11026382446289
2619,350946,40000,5.866837978363037,0.00016539538046345115,0.007288339082151651,5.859384059906006,0.0028694835491478443,5.5724358558654785,0.0,0.4354868531227112,0.440126895904541,32.1079216003418,0.0028694835491478443,5.5724358558654785,0.0,0.4354868531227112,0.440126895904541,32.1079216003418
2620,351080,40000,4.420708179473877,0.00013279981794767082,0.006447913590818644,4.414127349853516,0.00190286198630929,4.223841190338135,0.0,0.4289979040622711,0.4325881004333496,31.488340377807617,0.00190286198630929,4.223841190338135,0.0,0.4289979040622711,0.4325881004333496,31.488340377807617
2621,351214,40000,6.581291675567627,9.642489021643996e-05,0.007307142019271851,6.573888301849365,0.004389258101582527,6.134962558746338,0.0,0.4341619908809662,0.4567645788192749,31.309093475341797,0.004389258101582527,6.134962558746338,0.0,0.4341619908809662,0.4567645788192749,31.309093475341797
2622,351348,40000,6.208499431610107,6.0599773860303685e-05,0.005374424625188112,6.203064441680908,0.004472218453884125,5.755842685699463,0.0,0.4412110447883606,0.4526675343513489,32.86925506591797,0.004472218453884125,5.755842685699463,0.0,0.4412110447883606,0.4526675343513489,32.86925506591797
2623,351482,40000,4.651821613311768,7.411692786263302e-05,0.005065531004220247,4.646681785583496,0.0023761256597936153,4.409069061279297,0.0,0.4279519319534302,0.4399351477622986,31.464426040649414,0.0023761256597936153,4.409069061279297,0.0,0.4279519319534302,0.4399351477622986,31.464426040649414
2624,351616,40000,5.955623149871826,0.00010480164200998843,0.005802389234304428,5.949716091156006,0.00712655670940876,5.237060546875,0.0,0.4488941729068756,0.4688180088996887,32.34452819824219,0.00712655670940876,5.237060546875,0.0,0.4488941729068756,0.4688180088996887,32.34452819824219
2625,351750,40000,6.234187602996826,0.00011646175698842853,0.006207616534084082,6.227863311767578,0.005650158040225506,5.662847518920898,0.0,0.4390838146209717,0.46420758962631226,31.663026809692383,0.005650158040225506,5.662847518920898,0.0,0.4390838146209717,0.46420758962631226,31.663026809692383
2626,351884,40000,6.299248218536377,0.00011420372902648523,0.006990079302340746,6.292143821716309,0.0034391051158308983,5.948233127593994,0.0,0.43010902404785156,0.45032447576522827,31.108110427856445,0.0034391051158308983,5.948233127593994,0.0,0.43010902404785156,0.45032447576522827,31.108110427856445
2627,352018,40000,6.055418968200684,9.06724962987937e-05,0.006731467321515083,6.0485968589782715,0.0017965512815862894,5.868941783905029,0.0,0.4300521910190582,0.42989009618759155,31.08013916015625,0.0017965512815862894,5.868941783905029,0.0,0.4300521910190582,0.42989009618759155,31.08013916015625
2628,352152,40000,4.772602558135986,9.842764848144725e-05,0.00669011240825057,4.765813827514648,0.004334559664130211,4.332357883453369,0.0,0.4424801468849182,0.45029908418655396,32.149871826171875,0.004334559664130211,4.332357883453369,0.0,0.4424801468849182,0.45029908418655396,32.149871826171875
2629,352286,40000,7.599836826324463,8.420155063504353e-05,0.008048399351537228,7.591704368591309,0.0007572652539238334,7.51597785949707,0.0,0.41527843475341797,0.4228874444961548,30.638975143432617,0.0007572652539238334,7.51597785949707,0.0,0.41527843475341797,0.4228874444961548,30.638975143432617
2630,352420,40000,5.8199944496154785,0.00010726067557698116,0.005433919373899698,5.814453125,0.004673835821449757,5.34706974029541,0.0,0.44068095088005066,0.4549444913864136,32.009273529052734,0.004673835821449757,5.34706974029541,0.0,0.44068095088005066,0.4549444913864136,32.009273529052734
2631,352554,40000,6.301530838012695,7.703992741880938e-05,0.005435517057776451,6.296018123626709,0.002355799078941345,6.06043815612793,0.0,0.4217332899570465,0.4433988928794861,30.657136917114258,0.002355799078941345,6.06043815612793,0.0,0.4217332899570465,0.4433988928794861,30.657136917114258
2632,352688,40000,7.488359451293945,0.000137939874548465,0.008005070500075817,7.4802165031433105,0.005172380246222019,6.962978363037109,0.0,0.44391384720802307,0.4569557309150696,33.0034065246582,0.005172380246222019,6.962978363037109,0.0,0.44391384720802307,0.4569557309150696,33.0034065246582
2633,352822,40000,6.873411655426025,7.542742969235405e-05,0.005775572266429663,6.867560863494873,0.002259303582832217,6.64163064956665,0.0,0.42365872859954834,0.4412258267402649,30.719343185424805,0.002259303582832217,6.64163064956665,0.0,0.42365872859954834,0.4412258267402649,30.719343185424805
2634,352956,40000,5.2744879722595215,0.00022001718753017485,0.007845696061849594,5.266422271728516,0.00541291618719697,4.725130558013916,0.0,0.4428570568561554,0.45980125665664673,32.30522918701172,0.00541291618719697,4.725130558013916,0.0,0.4428570568561554,0.45980125665664673,32.30522918701172
2635,353090,40000,4.330124855041504,6.878015847178176e-05,0.005545716732740402,4.32451057434082,0.0014233093243092299,4.1821794509887695,0.0,0.42548051476478577,0.4278218150138855,30.9515323638916,0.0014233093243092299,4.1821794509887695,0.0,0.42548051476478577,0.4278218150138855,30.9515323638916
2636,353224,40000,5.899855136871338,9.959752060240135e-05,0.00586112542077899,5.893894195556641,0.006323895417153835,5.261504650115967,0.0,0.45161423087120056,0.46049684286117554,32.76203155517578,0.006323895417153835,5.261504650115967,0.0,0.45161423087120056,0.46049684286117554,32.76203155517578
2637,353358,40000,4.606710910797119,0.00010638613457558677,0.008293207734823227,4.598311424255371,0.004470392130315304,4.151272296905518,0.0,0.4375174343585968,0.4553428888320923,32.333351135253906,0.004470392130315304,4.151272296905518,0.0,0.4375174343585968,0.4553428888320923,32.333351135253906
2638,353492,40000,5.534384727478027,0.000104336861113552,0.007001725025475025,5.527278900146484,0.0029138352256268263,5.235895156860352,0.0,0.42333778738975525,0.4486742615699768,31.039155960083008,0.0029138352256268263,5.235895156860352,0.0,0.42333778738975525,0.4486742615699768,31.039155960083008
2639,353626,40000,5.220096111297607,0.000149898391100578,0.005743938498198986,5.214202404022217,0.0020865623373538256,5.0055460929870605,0.0,0.4245697259902954,0.4385083317756653,30.928407669067383,0.0020865623373538256,5.0055460929870605,0.0,0.4245697259902954,0.4385083317756653,30.928407669067383
2640,353760,40000,5.933895587921143,5.5644792155362666e-05,0.004996630363166332,5.9288434982299805,0.007914140820503235,5.137429237365723,0.0,0.4550460875034332,0.4698861241340637,32.921627044677734,0.007914140820503235,5.137429237365723,0.0,0.4550460875034332,0.4698861241340637,32.921627044677734
2641,353894,40000,6.623645782470703,0.00010903669317485765,0.0076037244871258736,6.615932941436768,0.002726534614339471,6.3432793617248535,0.0,0.4221886992454529,0.4472672939300537,31.044761657714844,0.002726534614339471,6.3432793617248535,0.0,0.4221886992454529,0.4472672939300537,31.044761657714844
2642,354028,40000,6.121232986450195,8.984655869426206e-05,0.0065742419101297855,6.114568710327148,0.005550871137529612,5.559481620788574,0.0,0.43405240774154663,0.466266930103302,31.423139572143555,0.005550871137529612,5.559481620788574,0.0,0.43405240774154663,0.466266930103302,31.423139572143555
2643,354162,40000,5.930360794067383,0.0001334251428488642,0.005097541958093643,5.9251298904418945,0.0032371811103075743,5.601411819458008,0.0,0.4364347457885742,0.44370001554489136,31.609201431274414,0.0032371811103075743,5.601411819458008,0.0,0.4364347457885742,0.44370001554489136,31.609201431274414
2644,354296,40000,6.412671089172363,7.769902003929019e-05,0.008045222610235214,6.404548168182373,0.0025147483684122562,6.153073310852051,0.0,0.42354699969291687,0.4442751407623291,30.86237335205078,0.0025147483684122562,6.153073310852051,0.0,0.42354699969291687,0.4442751407623291,30.86237335205078
2645,354430,40000,5.252939701080322,0.0001622924901312217,0.007690385449677706,5.245087146759033,0.0037763300351798534,4.8674540519714355,0.0,0.42215028405189514,0.4573209881782532,31.03823471069336,0.0037763300351798534,4.8674540519714355,0.0,0.42215028405189514,0.4573209881782532,31.03823471069336
2646,354564,40000,7.01196813583374,8.202060416806489e-05,0.005874273832887411,7.006011962890625,0.005191534757614136,6.486858367919922,0.0,0.44640421867370605,0.4551197290420532,32.72321701049805,0.005191534757614136,6.486858367919922,0.0,0.44640421867370605,0.4551197290420532,32.72321701049805
2647,354698,40000,5.77748966217041,9.596810559742153e-05,0.007568493485450745,5.769824981689453,0.005765828303992748,5.193242073059082,0.0,0.44571453332901,0.4606301188468933,32.48427963256836,0.005765828303992748,5.193242073059082,0.0,0.44571453332901,0.4606301188468933,32.48427963256836
2648,354832,40000,4.970576286315918,0.00013916556781623513,0.008627105504274368,4.961810111999512,0.003316315356642008,4.630178451538086,0.0,0.43055105209350586,0.4488154649734497,31.606155395507812,0.003316315356642008,4.630178451538086,0.0,0.43055105209350586,0.4488154649734497,31.606155395507812
2649,354966,40000,5.685740947723389,9.932877583196387e-05,0.005916190333664417,5.679725646972656,0.004387719091027975,5.2409539222717285,0.0,0.4361017048358917,0.45553725957870483,31.473508834838867,0.004387719091027975,5.2409539222717285,0.0,0.4361017048358917,0.45553725957870483,31.473508834838867
2650,355100,40000,4.782628059387207,7.341538730543107e-05,0.009414413943886757,4.7731404304504395,0.0022518071345984936,4.547959804534912,0.0,0.42500823736190796,0.44032859802246094,31.404552459716797,0.0022518071345984936,4.547959804534912,0.0,0.42500823736190796,0.44032859802246094,31.404552459716797
2651,355234,40000,5.609712600708008,9.910237713484094e-05,0.009632599540054798,5.59998083114624,0.003231680952012539,5.276812553405762,0.0,0.43414896726608276,0.445448100566864,32.101768493652344,0.003231680952012539,5.276812553405762,0.0,0.43414896726608276,0.445448100566864,32.101768493652344
2652,355368,40000,6.480971336364746,0.0003987286181654781,0.005471317563205957,6.475101470947266,0.00752524146810174,5.7225775718688965,0.0,0.44371476769447327,0.4749283790588379,32.18136215209961,0.00752524146810174,5.7225775718688965,0.0,0.44371476769447327,0.4749283790588379,32.18136215209961
2653,355502,40000,4.148838996887207,0.00010641024709912017,0.007237472105771303,4.141495227813721,0.0018759210361167789,3.9539029598236084,0.0,0.42887192964553833,0.4322851896286011,31.8493709564209,0.0018759210361167789,3.9539029598236084,0.0,0.42887192964553833,0.4322851896286011,31.8493709564209
2654,355636,40000,6.72177791595459,0.0001265153259737417,0.0060313427820801735,6.715620040893555,0.0008923786226660013,6.626382350921631,0.0,0.4182552099227905,0.42364585399627686,30.802566528320312,0.0008923786226660013,6.626382350921631,0.0,0.4182552099227905,0.42364585399627686,30.802566528320312
2655,355770,40000,5.0146260261535645,8.024442649912089e-05,0.009122241288423538,5.005423545837402,0.0027379461098462343,4.731628894805908,0.0,0.4263606369495392,0.44520026445388794,31.59238052368164,0.0027379461098462343,4.731628894805908,0.0,0.4263606369495392,0.44520026445388794,31.59238052368164
2656,355904,40000,5.280595779418945,0.0001697911648079753,0.006965926382690668,5.2734599113464355,0.0024760253727436066,5.025857448577881,0.0,0.4375188648700714,0.4326857924461365,31.9636173248291,0.0024760253727436066,5.025857448577881,0.0,0.4375188648700714,0.4326857924461365,31.9636173248291
2657,356038,40000,5.3518218994140625,0.00013735133688896894,0.007647793274372816,5.34403657913208,0.0030720923095941544,5.036827564239502,0.0,0.4256103038787842,0.44915491342544556,30.765127182006836,0.0030720923095941544,5.036827564239502,0.0,0.4256103038787842,0.44915491342544556,30.765127182006836
2658,356172,40000,6.016537189483643,0.00018155753787141293,0.007255581673234701,6.009099960327148,0.005153708625584841,5.493729114532471,0.0,0.4384869635105133,0.4606008529663086,31.98748016357422,0.005153708625584841,5.493729114532471,0.0,0.4384869635105133,0.4606008529663086,31.98748016357422
2659,356306,40000,7.624639511108398,8.56327751534991e-05,0.005221019499003887,7.619332790374756,0.004640980623662472,7.1552348136901855,0.0,0.442817360162735,0.45298731327056885,32.813106536865234,0.004640980623662472,7.1552348136901855,0.0,0.442817360162735,0.45298731327056885,32.813106536865234
2660,356440,40000,5.829477787017822,8.705684740561992e-05,0.005897048860788345,5.823493480682373,0.004064084962010384,5.41708517074585,0.0,0.44364985823631287,0.44646263122558594,32.65410232543945,0.004064084962010384,5.41708517074585,0.0,0.44364985823631287,0.44646263122558594,32.65410232543945
2661,356574,40000,5.822126865386963,8.944997534854338e-05,0.0057534826919436455,5.816283702850342,0.0051940567791461945,5.296877861022949,0.0,0.4403493404388428,0.45971590280532837,31.953651428222656,0.0051940567791461945,5.296877861022949,0.0,0.4403493404388428,0.45971590280532837,31.953651428222656
2662,356708,40000,7.0002970695495605,7.472335710190237e-05,0.007055506110191345,6.993166923522949,0.00546893198043108,6.4462738037109375,0.0,0.44107916951179504,0.4614933729171753,32.4980354309082,0.00546893198043108,6.4462738037109375,0.0,0.44107916951179504,0.4614933729171753,32.4980354309082
2663,356842,40000,6.723401069641113,0.00019384242477826774,0.007475895807147026,6.715731143951416,0.002659610938280821,6.449769973754883,0.0,0.424642950296402,0.44530272483825684,30.865489959716797,0.002659610938280821,6.449769973754883,0.0,0.424642950296402,0.44530272483825684,30.865489959716797
2664,356976,40000,4.478943824768066,6.778662645956501e-05,0.006855282001197338,4.472020626068115,0.002519367728382349,4.220083713531494,0.0,0.42848318815231323,0.44132888317108154,31.80340003967285,0.002519367728382349,4.220083713531494,0.0,0.42848318815231323,0.44132888317108154,31.80340003967285
2665,357110,40000,5.6892805099487305,0.00013505281822290272,0.005902601405978203,5.6832427978515625,0.0024554049596190453,5.437702178955078,0.0,0.4297091066837311,0.4396582245826721,30.953231811523438,0.0024554049596190453,5.437702178955078,0.0,0.4297091066837311,0.4396582245826721,30.953231811523438
2666,357244,40000,4.67993688583374,8.970772614702582e-05,0.006733264308422804,4.673113822937012,0.0023743868805468082,4.435675144195557,0.0,0.4279176592826843,0.4399373531341553,31.410402297973633,0.0023743868805468082,4.435675144195557,0.0,0.4279176592826843,0.4399373531341553,31.410402297973633
2667,357378,40000,5.93591833114624,7.652462227270007e-05,0.006658902857452631,5.929183006286621,0.006126699037849903,5.3165130615234375,0.0,0.44296613335609436,0.46542638540267944,32.03901672363281,0.006126699037849903,5.3165130615234375,0.0,0.44296613335609436,0.46542638540267944,32.03901672363281
2668,357512,40000,4.7938995361328125,6.603018846362829e-05,0.0061036753468215466,4.787729740142822,0.003910365980118513,4.396693229675293,0.0,0.43542420864105225,0.45153146982192993,31.864870071411133,0.003910365980118513,4.396693229675293,0.0,0.43542420864105225,0.45153146982192993,31.864870071411133
2669,357646,40000,4.0904412269592285,8.303441427415237e-05,0.006516066379845142,4.0838422775268555,0.003368416102603078,3.7470004558563232,0.0,0.43536922335624695,0.4460155963897705,31.692659378051758,0.003368416102603078,3.7470004558563232,0.0,0.43536922335624695,0.4460155963897705,31.692659378051758
2670,357780,40000,5.242740154266357,8.858603541739285e-05,0.0058136992156505585,5.236837863922119,0.005463685840368271,4.690469264984131,0.0,0.4409306049346924,0.4615497589111328,32.13822937011719,0.005463685840368271,4.690469264984131,0.0,0.4409306049346924,0.4615497589111328,32.13822937011719
2671,357914,40000,4.4603986740112305,6.293025217019022e-05,0.004867130890488625,4.455468654632568,0.001449714181944728,4.310497283935547,0.0,0.42871353030204773,0.4250049591064453,31.17778968811035,0.001449714181944728,4.310497283935547,0.0,0.42871353030204773,0.4250049591064453,31.17778968811035
2672,358048,40000,6.147651195526123,9.276191121898592e-05,0.0061265528202056885,6.14143180847168,0.0063027325086295605,5.511158466339111,0.0,0.45004770159721375,0.4616276025772095,32.790931701660156,0.0063027325086295605,5.511158466339111,0.0,0.45004770159721375,0.4616276025772095,32.790931701660156
2673,358182,40000,4.79828405380249,0.00020551055786199868,0.006703671999275684,4.791374683380127,0.006955322343856096,4.095842361450195,0.0,0.44262242317199707,0.47168439626693726,31.33294105529785,0.006955322343856096,4.095842361450195,0.0,0.44262242317199707,0.47168439626693726,31.33294105529785
2674,358316,40000,6.139231204986572,0.00019224552670493722,0.0065858978778123856,6.132452964782715,0.00694207102060318,5.43824577331543,0.0,0.4499795734882355,0.46666419506073,33.08195495605469,0.00694207102060318,5.43824577331543,0.0,0.4499795734882355,0.46666419506073,33.08195495605469
2675,358450,40000,4.415412425994873,0.00015499524306505919,0.007257575169205666,4.4079999923706055,0.004721478093415499,3.93585205078125,0.0,0.44341033697128296,0.45326370000839233,31.90027618408203,0.004721478093415499,3.93585205078125,0.0,0.44341033697128296,0.45326370000839233,31.90027618408203
2676,358584,40000,4.611092567443848,0.0003308407322037965,0.005580679979175329,4.6051812171936035,0.0034584819804877043,4.25933313369751,0.0,0.4297032952308655,0.4507562518119812,31.122167587280273,0.0034584819804877043,4.25933313369751,0.0,0.4297032952308655,0.4507562518119812,31.122167587280273
2677,358718,40000,3.8777623176574707,0.00012548176164273173,0.004766799509525299,3.8728699684143066,0.0012872610241174698,3.7441439628601074,0.0,0.42816850543022156,0.4222215414047241,31.684553146362305,0.0012872610241174698,3.7441439628601074,0.0,0.42816850543022156,0.4222215414047241,31.684553146362305
2678,358852,40000,5.356583595275879,0.00012034134852001444,0.007333689834922552,5.349129676818848,0.00355183775536716,4.993946075439453,0.0,0.42739254236221313,0.4529290795326233,31.659814834594727,0.00355183775536716,4.993946075439453,0.0,0.42739254236221313,0.4529290795326233,31.659814834594727
2679,358986,40000,5.498644828796387,5.719772161683068e-05,0.005953918676823378,5.492633819580078,0.0026138725224882364,5.231246471405029,0.0,0.42180439829826355,0.4462432861328125,30.566781997680664,0.0026138725224882364,5.231246471405029,0.0,0.42180439829826355,0.4462432861328125,30.566781997680664
2680,359120,40000,7.016890048980713,8.823007374303415e-05,0.0064312247559428215,7.01037073135376,0.006456678733229637,6.3647027015686035,0.0,0.4464126229286194,0.4655938148498535,31.88265609741211,0.006456678733229637,6.3647027015686035,0.0,0.4464126229286194,0.4655938148498535,31.88265609741211
2681,359254,40000,5.446993827819824,6.583458161912858e-05,0.005996255204081535,5.440931797027588,0.0037660677917301655,5.064324855804443,0.0,0.43959516286849976,0.44688594341278076,32.419525146484375,0.0037660677917301655,5.064324855804443,0.0,0.43959516286849976,0.44688594341278076,32.419525146484375
2682,359388,40000,9.47628402709961,7.990664016688243e-05,0.006634693127125502,9.469569206237793,0.006715074181556702,8.79806137084961,0.0,0.452204167842865,0.4631648659706116,33.584476470947266,0.006715074181556702,8.79806137084961,0.0,0.452204167842865,0.4631648659706116,33.584476470947266
2683,359522,40000,5.8105010986328125,0.0002736038586590439,0.005902660544961691,5.804324626922607,0.006483631208539009,5.155961513519287,0.0,0.44851452112197876,0.4642648696899414,32.50981521606445,0.006483631208539009,5.155961513519287,0.0,0.44851452112197876,0.4642648696899414,32.50981521606445
2684,359656,40000,5.252928733825684,8.758570038480684e-05,0.007977517321705818,5.244863510131836,0.00481460802257061,4.763402938842773,0.0,0.4460262060165405,0.4519249200820923,32.33073806762695,0.00481460802257061,4.763402938842773,0.0,0.4460262060165405,0.4519249200820923,32.33073806762695
2685,359790,40000,5.286127090454102,6.461774319177493e-05,0.005188270006328821,5.280874252319336,0.003601719392463565,4.9207024574279785,0.0,0.43732041120529175,0.4469990134239197,32.139434814453125,0.003601719392463565,4.9207024574279785,0.0,0.43732041120529175,0.4469990134239197,32.139434814453125
2686,359924,40000,5.452507495880127,0.0001244965969817713,0.006571968086063862,5.445810794830322,0.002106918953359127,5.235118865966797,0.0,0.41710036993026733,0.4425969123840332,30.8975887298584,0.002106918953359127,5.235118865966797,0.0,0.41710036993026733,0.4425969123840332,30.8975887298584
2687,360058,40000,5.794589519500732,7.590929453726858e-05,0.0062723420560359955,5.788241386413574,0.0031576401088386774,5.472477436065674,0.0,0.428445965051651,0.44846099615097046,31.169919967651367,0.0031576401088386774,5.472477436065674,0.0,0.428445965051651,0.44846099615097046,31.169919967651367
2688,360192,40000,4.689302921295166,8.982510917121544e-05,0.005856811534613371,4.683356285095215,0.00503925234079361,4.179430961608887,0.0,0.43572214245796204,0.46134477853775024,31.896440505981445,0.00503925234079361,4.179430961608887,0.0,0.43572214245796204,0.46134477853775024,31.896440505981445
2689,360326,40000,5.063698768615723,8.296091255033389e-05,0.0055509102530777454,5.058064937591553,0.006387858651578426,4.419279098510742,0.0,0.44265422224998474,0.4675905108451843,31.67304229736328,0.006387858651578426,4.419279098510742,0.0,0.44265422224998474,0.4675905108451843,31.67304229736328
2690,360460,40000,4.849651336669922,8.317239553434774e-05,0.00634181872010231,4.843226432800293,0.004096863325685263,4.433539867401123,0.0,0.433665007352829,0.45443832874298096,31.71670150756836,0.004096863325685263,4.433539867401123,0.0,0.433665007352829,0.45443832874298096,31.71670150756836
2691,360594,40000,6.091464042663574,0.00010724167077569291,0.007996942847967148,6.083359718322754,0.002841331996023655,5.799226760864258,0.0,0.4202314019203186,0.44931554794311523,30.723304748535156,0.002841331996023655,5.799226760864258,0.0,0.4202314019203186,0.44931554794311523,30.723304748535156
2692,360728,40000,6.055704116821289,0.0001022869473672472,0.0044706747867167,6.051131248474121,0.0031062690541148186,5.740504264831543,0.0,0.42350125312805176,0.45053672790527344,30.451932907104492,0.0031062690541148186,5.740504264831543,0.0,0.42350125312805176,0.45053672790527344,30.451932907104492
2693,360862,40000,4.43101167678833,9.737349319038913e-05,0.007228808477520943,4.423685550689697,0.003248516470193863,4.098834037780762,0.0,0.4242933690547943,0.4515591859817505,31.228673934936523,0.003248516470193863,4.098834037780762,0.0,0.4242933690547943,0.4515591859817505,31.228673934936523
2694,360996,40000,5.472870826721191,0.0002711729030124843,0.005835581570863724,5.466763973236084,0.0036088989581912756,5.105874061584473,0.0,0.44008851051330566,0.4447416067123413,32.22117614746094,0.0036088989581912756,5.105874061584473,0.0,0.44008851051330566,0.4447416067123413,32.22117614746094
2695,361130,40000,6.554868698120117,0.00016119721112772822,0.007274850737303495,6.5474324226379395,0.003373428015038371,6.210089683532715,0.0,0.4293830692768097,0.45010054111480713,31.716135025024414,0.003373428015038371,6.210089683532715,0.0,0.4293830692768097,0.45010054111480713,31.716135025024414
2696,361264,40000,6.390226364135742,0.00011571868526516482,0.00763187650591135,6.382478713989258,0.0070823491550982,5.674243927001953,0.0,0.4491296708583832,0.4683273434638977,32.688636779785156,0.0070823491550982,5.674243927001953,0.0,0.4491296708583832,0.4683273434638977,32.688636779785156
2697,361398,40000,7.723196506500244,9.109825623454526e-05,0.006799030117690563,7.716306209564209,0.004647897556424141,7.251516342163086,0.0,0.4377813935279846,0.4567491412162781,32.404563903808594,0.004647897556424141,7.251516342163086,0.0,0.4377813935279846,0.4567491412162781,32.404563903808594
2698,361532,40000,3.815676689147949,6.575200677616522e-05,0.007113942876458168,3.8084969520568848,0.005056585185229778,3.3028383255004883,0.0,0.4382236897945404,0.45996278524398804,31.930978775024414,0.005056585185229778,3.3028383255004883,0.0,0.4382236897945404,0.45996278524398804,31.930978775024414
2699,361666,40000,6.242134094238281,0.0001895170280477032,0.007054092828184366,6.234890460968018,0.0031952247954905033,5.91536808013916,0.0,0.44045761227607727,0.4394766688346863,32.24898910522461,0.0031952247954905033,5.91536808013916,0.0,0.44045761227607727,0.4394766688346863,32.24898910522461
2700,361800,40000,5.993156433105469,8.817121124593541e-05,0.0061975824646651745,5.986870765686035,0.001275817514397204,5.859289169311523,0.0,0.4247475564479828,0.4257560968399048,30.630678176879883,0.001275817514397204,5.859289169311523,0.0,0.4247475564479828,0.4257560968399048,30.630678176879883
2701,361934,40000,5.145547866821289,0.00014333159197121859,0.0055000330321490765,5.139904499053955,0.0070484597235918045,4.43505859375,0.0,0.44770199060440063,0.46908676624298096,32.108516693115234,0.0070484597235918045,4.43505859375,0.0,0.44770199060440063,0.46908676624298096,32.108516693115234
2702,362068,40000,5.192583084106445,4.4725191401084885e-05,0.005723163019865751,5.18681526184082,0.004727473948150873,4.7140679359436035,0.0,0.4379732012748718,0.45731937885284424,32.17409133911133,0.004727473948150873,4.7140679359436035,0.0,0.4379732012748718,0.45731937885284424,32.17409133911133
2703,362202,40000,4.511910438537598,8.984182932181284e-05,0.006498568691313267,4.505321979522705,0.0017174131935462356,4.333580493927002,0.0,0.41759249567985535,0.4375222325325012,31.100048065185547,0.0017174131935462356,4.333580493927002,0.0,0.41759249567985535,0.4375222325325012,31.100048065185547
2704,362336,40000,6.4397759437561035,0.00010713473602663726,0.007128989323973656,6.432539939880371,0.0003289756132289767,6.399642467498779,0.0,0.41232892870903015,0.4133031368255615,30.087696075439453,0.0003289756132289767,6.399642467498779,0.0,0.41232892870903015,0.4133031368255615,30.087696075439453
2705,362470,40000,5.233029365539551,9.109445090871304e-05,0.0070067644119262695,5.225931644439697,0.003551427973434329,4.870789051055908,0.0,0.43686729669570923,0.44682127237319946,31.613771438598633,0.003551427973434329,4.870789051055908,0.0,0.43686729669570923,0.44682127237319946,31.613771438598633
2706,362604,40000,5.339540004730225,0.00014754928997717798,0.008117875084280968,5.331274509429932,0.003829184453934431,4.9483561515808105,0.0,0.4323170781135559,0.4527711272239685,31.673229217529297,0.003829184453934431,4.9483561515808105,0.0,0.4323170781135559,0.4527711272239685,31.673229217529297
2707,362738,40000,6.621421813964844,8.813891327008605e-05,0.005219150334596634,6.616114616394043,0.004640286788344383,6.152085781097412,0.0,0.43969106674194336,0.45536160469055176,32.363807678222656,0.004640286788344383,6.152085781097412,0.0,0.43969106674194336,0.45536160469055176,32.363807678222656
2708,362872,40000,5.069437503814697,8.662114123580977e-05,0.006433142349123955,5.062917709350586,0.002398072276264429,4.823110580444336,0.0,0.4229376018047333,0.4432659149169922,31.31710433959961,0.002398072276264429,4.823110580444336,0.0,0.4229376018047333,0.4432659149169922,31.31710433959961
2709,363006,40000,3.912921905517578,9.323310223408043e-05,0.005124001298099756,3.9077045917510986,0.003716752864420414,3.53602933883667,0.0,0.43342113494873047,0.4509880542755127,31.674949645996094,0.003716752864420414,3.53602933883667,0.0,0.43342113494873047,0.4509880542755127,31.674949645996094
2710,363140,40000,5.653900623321533,0.0001959647925104946,0.0038124150596559048,5.649892330169678,0.0018337188521400094,5.466520309448242,0.0,0.4237143099308014,0.43565601110458374,30.95278549194336,0.0018337188521400094,5.466520309448242,0.0,0.4237143099308014,0.43565601110458374,30.95278549194336
2711,363274,40000,5.080665588378906,9.292075264966115e-05,0.006606450304389,5.073966026306152,0.0038928415160626173,4.6846818923950195,0.0,0.4335860013961792,0.45258158445358276,31.83074951171875,0.0038928415160626173,4.6846818923950195,0.0,0.4335860013961792,0.45258158445358276,31.83074951171875
2712,363408,40000,6.923037052154541,8.154148235917091e-05,0.006413319613784552,6.916542053222656,0.0048277233727276325,6.433769702911377,0.0,0.44213607907295227,0.4552474021911621,32.54692077636719,0.0048277233727276325,6.433769702911377,0.0,0.44213607907295227,0.4552474021911621,32.54692077636719
2713,363542,40000,4.874362945556641,6.860713619971648e-05,0.008556676097214222,4.865737438201904,0.0016740316059440374,4.698334217071533,0.0,0.42268192768096924,0.43405234813690186,30.760583877563477,0.0016740316059440374,4.698334217071533,0.0,0.42268192768096924,0.43405234813690186,30.760583877563477
2714,363676,40000,5.086569309234619,8.93510805326514e-05,0.006255122367292643,5.080224990844727,0.0052674137987196445,4.553483486175537,0.0,0.44112545251846313,0.4598006010055542,31.567670822143555,0.0052674137987196445,4.553483486175537,0.0,0.44112545251846313,0.4598006010055542,31.567670822143555
2715,363810,40000,5.6062912940979,5.186449197935872e-05,0.007373451720923185,5.598865985870361,0.003273705020546913,5.271495342254639,0.0,0.43897759914398193,0.44188618659973145,32.432518005371094,0.003273705020546913,5.271495342254639,0.0,0.43897759914398193,0.44188618659973145,32.432518005371094
2716,363944,40000,8.91182804107666,8.833337778924033e-05,0.006083054002374411,8.905656814575195,0.008544831536710262,8.05117416381836,0.0,0.45656147599220276,0.4731138348579407,33.41114807128906,0.008544831536710262,8.05117416381836,0.0,0.45656147599220276,0.4731138348579407,33.41114807128906
2717,364078,40000,4.432837963104248,9.530034731142223e-05,0.00689122686162591,4.425851345062256,0.0049328929744660854,3.9325618743896484,0.0,0.44072356820106506,0.457223117351532,32.018035888671875,0.0049328929744660854,3.9325618743896484,0.0,0.44072356820106506,0.457223117351532,32.018035888671875
2718,364212,40000,5.025391578674316,0.00010622849367791787,0.006165606901049614,5.019119739532471,0.0054495492950081825,4.474164962768555,0.0,0.44151461124420166,0.4610416889190674,31.684040069580078,0.0054495492950081825,4.474164962768555,0.0,0.44151461124420166,0.4610416889190674,31.684040069580078
2719,364346,40000,6.590207576751709,0.00021282618399709463,0.00476329168304801,6.585231304168701,0.0012932481477037072,6.455906391143799,0.0,0.4242686629295349,0.42653828859329224,30.5372314453125,0.0012932481477037072,6.455906391143799,0.0,0.4242686629295349,0.42653828859329224,30.5372314453125
2720,364480,40000,5.925889492034912,0.00042747275438159704,0.008595230057835579,5.916866779327393,0.004980065394192934,5.41886043548584,0.0,0.43658867478370667,0.46034348011016846,31.0427303314209,0.004980065394192934,5.41886043548584,0.0,0.43658867478370667,0.46034348011016846,31.0427303314209
2721,364614,40000,5.9785637855529785,9.931315435096622e-05,0.007288402412086725,5.9711761474609375,0.0031659333035349846,5.654582977294922,0.0,0.4270454943180084,0.4493404030799866,30.739582061767578,0.0031659333035349846,5.654582977294922,0.0,0.4270454943180084,0.4493404030799866,30.739582061767578
2722,364748,40000,8.606727600097656,0.0001353532134089619,0.0051204729825258255,8.601471900939941,0.00572727806866169,8.028743743896484,0.0,0.44501739740371704,0.46083348989486694,33.009674072265625,0.00572727806866169,8.028743743896484,0.0,0.44501739740371704,0.46083348989486694,33.009674072265625
2723,364882,40000,5.354039192199707,0.00012731571041513234,0.007269975729286671,5.346642017364502,0.0037667849101126194,4.969963550567627,0.0,0.4302324652671814,0.4534114599227905,31.13980484008789,0.0037667849101126194,4.969963550567627,0.0,0.4302324652671814,0.4534114599227905,31.13980484008789
2724,365016,40000,5.422388076782227,9.141067130258307e-05,0.00709290849044919,5.41520357131958,0.003494735574349761,5.065730094909668,0.0,0.42688390612602234,0.45264971256256104,31.07992172241211,0.003494735574349761,5.065730094909668,0.0,0.42688390612602234,0.45264971256256104,31.07992172241211
2725,365150,40000,5.725709915161133,0.000566576374694705,0.00877428986132145,5.716369152069092,0.003356959205120802,5.380673408508301,0.0,0.4304480254650116,0.4492937922477722,31.375974655151367,0.003356959205120802,5.380673408508301,0.0,0.4304480254650116,0.4492937922477722,31.375974655151367
2726,365284,40000,7.081395149230957,8.32071527838707e-05,0.005791768431663513,7.075520038604736,0.004390786401927471,6.636441230773926,0.0,0.4370782673358917,0.4549180269241333,32.078304290771484,0.004390786401927471,6.636441230773926,0.0,0.4370782673358917,0.4549180269241333,32.078304290771484
2727,365418,40000,6.120518684387207,6.445984035963193e-05,0.006155014503747225,6.114299297332764,0.0036695878952741623,5.747340679168701,0.0,0.42708611488342285,0.45418423414230347,31.328828811645508,0.0036695878952741623,5.747340679168701,0.0,0.42708611488342285,0.45418423414230347,31.328828811645508
2728,365552,40000,4.520366191864014,0.00013868440873920918,0.007248694077134132,4.512979030609131,0.001954948529601097,4.317484378814697,0.0,0.4255537688732147,0.4360826015472412,31.578536987304688,0.001954948529601097,4.317484378814697,0.0,0.4255537688732147,0.4360826015472412,31.578536987304688
2729,365686,40000,8.645692825317383,0.00021845333685632795,0.007622814271599054,8.63785171508789,0.010313082486391068,7.606543064117432,0.0,0.4560934901237488,0.48465579748153687,33.28964614868164,0.010313082486391068,7.606543064117432,0.0,0.4560934901237488,0.48465579748153687,33.28964614868164
2730,365820,40000,5.1860880851745605,0.00010478514013811946,0.00676710344851017,5.179216384887695,0.004454546608030796,4.733761787414551,0.0,0.434067964553833,0.45739269256591797,31.893627166748047,0.004454546608030796,4.733761787414551,0.0,0.434067964553833,0.45739269256591797,31.893627166748047
2731,365954,40000,5.585811138153076,0.00010578356886981055,0.006308736279606819,5.579396724700928,0.0012295492924749851,5.456441879272461,0.0,0.42218974232673645,0.42715078592300415,30.621004104614258,0.0012295492924749851,5.456441879272461,0.0,0.42218974232673645,0.42715078592300415,30.621004104614258
2732,366088,40000,5.401611804962158,0.00047692348016425967,0.006297185551375151,5.394837856292725,0.004245654214173555,4.970272541046143,0.0,0.43376338481903076,0.4557287096977234,31.152597427368164,0.004245654214173555,4.970272541046143,0.0,0.43376338481903076,0.4557287096977234,31.152597427368164
2733,366222,40000,4.926748752593994,6.432168447645381e-05,0.007314342074096203,4.919370174407959,0.0054651773534715176,4.372852325439453,0.0,0.437324583530426,0.4638126492500305,31.720623016357422,0.0054651773534715176,4.372852325439453,0.0,0.437324583530426,0.4638126492500305,31.720623016357422
2734,366356,40000,5.871181011199951,7.25316276657395e-05,0.006061505526304245,5.865046977996826,0.0054887994192540646,5.316166877746582,0.0,0.4379444122314453,0.46363192796707153,31.9200439453125,0.0054887994192540646,5.316166877746582,0.0,0.4379444122314453,0.46363192796707153,31.9200439453125
2735,366490,40000,4.3503828048706055,0.00012271660671103746,0.0068011353723704815,4.343459129333496,0.003820471465587616,3.961411952972412,0.0,0.4329303503036499,0.45230740308761597,31.56161880493164,0.003820471465587616,3.961411952972412,0.0,0.4329303503036499,0.45230740308761597,31.56161880493164
2736,366624,40000,5.824031352996826,8.830164733808488e-05,0.008461866527795792,5.815481185913086,0.004402024671435356,5.375278472900391,0.0,0.4381173849105835,0.4543055295944214,31.654747009277344,0.004402024671435356,5.375278472900391,0.0,0.4381173849105835,0.4543055295944214,31.654747009277344
2737,366758,40000,5.176469326019287,7.012081186985597e-05,0.00541994534432888,5.170979022979736,0.0040982672944664955,4.761152267456055,0.0,0.4322144091129303,0.4553217887878418,31.629350662231445,0.0040982672944664955,4.761152267456055,0.0,0.4322144091129303,0.4553217887878418,31.629350662231445
2738,366892,40000,5.345377445220947,9.148159006144851e-05,0.005150388926267624,5.34013557434082,0.005048742517828941,4.835261344909668,0.0,0.43911856412887573,0.45931679010391235,31.82904815673828,0.005048742517828941,4.835261344909668,0.0,0.43911856412887573,0.45931679010391235,31.82904815673828
2739,367026,40000,6.043152332305908,6.408721674233675e-05,0.0077605838887393475,6.035327434539795,0.003820156678557396,5.653311729431152,0.0,0.4305420517921448,0.45373398065567017,30.97711181640625,0.003820156678557396,5.653311729431152,0.0,0.4305420517921448,0.45373398065567017,30.97711181640625
2740,367160,40000,6.028326034545898,0.00016922150098253042,0.006541701499372721,6.021615028381348,0.0024933326058089733,5.772281646728516,0.0,0.42547544836997986,0.4429457187652588,31.00995635986328,0.0024933326058089733,5.772281646728516,0.0,0.42547544836997986,0.4429457187652588,31.00995635986328
2741,367294,40000,5.547991752624512,0.00010615328210406005,0.006026451475918293,5.541859149932861,0.005976319313049316,4.94422721862793,0.0,0.44776323437690735,0.46078646183013916,31.879030227661133,0.005976319313049316,4.94422721862793,0.0,0.44776323437690735,0.46078646183013916,31.879030227661133
2742,367428,40000,4.327854633331299,0.00011169501522090286,0.009071547538042068,4.318671226501465,0.0015381257981061935,4.164858818054199,0.0,0.42129403352737427,0.43293464183807373,30.888219833374023,0.0015381257981061935,4.164858818054199,0.0,0.42129403352737427,0.43293464183807373,30.888219833374023
2743,367562,40000,5.023530006408691,0.0001412128476658836,0.008536987006664276,5.0148515701293945,0.004098670557141304,4.604984283447266,0.0,0.4359227120876312,0.4529927372932434,31.869749069213867,0.004098670557141304,4.604984283447266,0.0,0.4359227120876312,0.4529927372932434,31.869749069213867
2744,367696,40000,5.1082868576049805,8.89140646904707e-05,0.005730746313929558,5.102467060089111,0.006450208835303783,4.457446098327637,0.0,0.4443405866622925,0.46696358919143677,31.957937240600586,0.006450208835303783,4.457446098327637,0.0,0.4443405866622925,0.46696358919143677,31.957937240600586
2745,367830,40000,4.940968036651611,8.027158037293702e-05,0.007895810529589653,4.932991981506348,0.005677351262420416,4.3652567863464355,0.0,0.43726038932800293,0.46549057960510254,32.14720916748047,0.005677351262420416,4.3652567863464355,0.0,0.43726038932800293,0.46549057960510254,32.14720916748047
2746,367964,40000,6.312309265136719,7.758924039080739e-05,0.00523728970438242,6.306994438171387,0.004312094766646624,5.875784873962402,0.0,0.4370979964733124,0.45418334007263184,31.756244659423828,0.004312094766646624,5.875784873962402,0.0,0.4370979964733124,0.45418334007263184,31.756244659423828
2747,368098,40000,5.6587958335876465,0.00017197923443745822,0.009265500120818615,5.64935827255249,0.0025766510516405106,5.391693115234375,0.0,0.42889487743377686,0.4417341351509094,31.596452713012695,0.0025766510516405106,5.391693115234375,0.0,0.42889487743377686,0.4417341351509094,31.596452713012695
2748,368232,40000,6.434378623962402,0.00011439390800660476,0.00537769915536046,6.428886413574219,0.0008527383324690163,6.3436126708984375,0.0,0.41356590390205383,0.42585933208465576,30.2996826171875,0.0008527383324690163,6.3436126708984375,0.0,0.41356590390205383,0.42585933208465576,30.2996826171875
2749,368366,40000,6.648338794708252,0.00012510205851867795,0.008661528117954731,6.639552116394043,0.003659247886389494,6.273627281188965,0.0,0.42870813608169556,0.4532455801963806,31.03579330444336,0.003659247886389494,6.273627281188965,0.0,0.42870813608169556,0.4532455801963806,31.03579330444336
2750,368500,40000,4.718863010406494,8.972680370789021e-05,0.006542447954416275,4.712230682373047,0.003055767621845007,4.406653881072998,0.0,0.43190422654151917,0.4451429843902588,31.85576629638672,0.003055767621845007,4.406653881072998,0.0,0.43190422654151917,0.4451429843902588,31.85576629638672
2751,368634,40000,5.379026889801025,9.318674710812047e-05,0.004571324680000544,5.374362468719482,0.0034153142478317022,5.032831192016602,0.0,0.43091604113578796,0.4495934844017029,30.836990356445312,0.0034153142478317022,5.032831192016602,0.0,0.43091604113578796,0.4495934844017029,30.836990356445312
2752,368768,40000,5.630604267120361,6.184794619912282e-05,0.006374039221554995,5.624168395996094,0.0033910153433680534,5.285067081451416,0.0,0.42578229308128357,0.4522138833999634,30.537439346313477,0.0033910153433680534,5.285067081451416,0.0,0.42578229308128357,0.4522138833999634,30.537439346313477
2753,368902,40000,6.042661190032959,9.027207124745473e-05,0.006506775040179491,6.036064147949219,0.00530408788472414,5.505655288696289,0.0,0.4449785053730011,0.4572802186012268,32.43547058105469,0.00530408788472414,5.505655288696289,0.0,0.4449785053730011,0.4572802186012268,32.43547058105469
2754,369036,40000,6.922284126281738,9.14691190700978e-05,0.006390324793756008,6.915802478790283,0.0035703624598681927,6.5587663650512695,0.0,0.43533530831336975,0.4481848478317261,32.23972702026367,0.0035703624598681927,6.5587663650512695,0.0,0.43533530831336975,0.4481848478317261,32.23972702026367
2755,369170,40000,4.567579746246338,0.00011438560613896698,0.006087406072765589,4.561378002166748,0.003884796518832445,4.172898292541504,0.0,0.43245649337768555,0.45321065187454224,31.725461959838867,0.003884796518832445,4.172898292541504,0.0,0.43245649337768555,0.45321065187454224,31.725461959838867
2756,369304,40000,5.179764747619629,0.00015998538583517075,0.007978219538927078,5.171626567840576,0.0025367802008986473,4.9179487228393555,0.0,0.42838674783706665,0.44160497188568115,31.4986515045166,0.0025367802008986473,4.9179487228393555,0.0,0.42838674783706665,0.44160497188568115,31.4986515045166
2757,369438,40000,4.4915690422058105,6.861059955554083e-05,0.007898139767348766,4.483602523803711,0.004621609579771757,4.021441459655762,0.0,0.43335986137390137,0.4592345356941223,31.668701171875,0.004621609579771757,4.021441459655762,0.0,0.43335986137390137,0.4592345356941223,31.668701171875
2758,369572,40000,4.9613847732543945,0.000141311960760504,0.006352671422064304,4.954890727996826,0.002655601128935814,4.689330577850342,0.0,0.42327746748924255,0.445975661277771,31.448057174682617,0.002655601128935814,4.689330577850342,0.0,0.42327746748924255,0.445975661277771,31.448057174682617
2759,369706,40000,4.983802318572998,9.920595039147884e-05,0.005849593784660101,4.977853298187256,0.004453758243471384,4.532477378845215,0.0,0.4351479411125183,0.45673078298568726,31.11052703857422,0.004453758243471384,4.532477378845215,0.0,0.4351479411125183,0.45673078298568726,31.11052703857422
2760,369840,40000,7.8059186935424805,0.00010426653898321092,0.004831430967897177,7.80098295211792,0.006276802625507116,7.17330265045166,0.0,0.44683837890625,0.4638981223106384,33.20500946044922,0.006276802625507116,7.17330265045166,0.0,0.44683837890625,0.4638981223106384,33.20500946044922
2761,369974,40000,4.809051990509033,0.0001910350110847503,0.006828585173934698,4.802032470703125,0.0012908723438158631,4.672945022583008,0.0,0.4248211085796356,0.42597663402557373,31.494905471801758,0.0012908723438158631,4.672945022583008,0.0,0.4248211085796356,0.42597663402557373,31.494905471801758
2762,370108,40000,5.048583984375,0.00020968845637980849,0.005986232776194811,5.042387962341309,0.006515261717140675,4.390861988067627,0.0,0.4431924521923065,0.4681885242462158,32.65303421020508,0.006515261717140675,4.390861988067627,0.0,0.4431924521923065,0.4681885242462158,32.65303421020508
2763,370242,40000,9.06598949432373,7.966880366439e-05,0.007136730011552572,9.058773040771484,0.009927560575306416,8.066017150878906,0.0,0.45782670378685,0.481139600276947,33.193416595458984,0.009927560575306416,8.066017150878906,0.0,0.45782670378685,0.481139600276947,33.193416595458984
2764,370376,40000,6.52584981918335,0.00037970487028360367,0.009707456454634666,6.515762805938721,0.0023583299480378628,6.2799296379089355,0.0,0.427040696144104,0.4403377175331116,31.74126625061035,0.0023583299480378628,6.2799296379089355,0.0,0.427040696144104,0.4403377175331116,31.74126625061035
2765,370510,40000,5.024960517883301,6.497395952465013e-05,0.007116434630006552,5.0177788734436035,0.004624873399734497,4.555291652679443,0.0,0.4325579106807709,0.4597064256668091,32.33940887451172,0.004624873399734497,4.555291652679443,0.0,0.4325579106807709,0.4597064256668091,32.33940887451172
2766,370644,40000,6.309653282165527,0.00013761059381067753,0.007018380798399448,6.302497386932373,0.0030305804684758186,5.999439239501953,0.0,0.4227689802646637,0.4501214027404785,30.83420181274414,0.0030305804684758186,5.999439239501953,0.0,0.4227689802646637,0.4501214027404785,30.83420181274414
2767,370778,40000,5.2076616287231445,0.0001819065655581653,0.006631514988839626,5.20084810256958,0.0032045762054622173,4.880390644073486,0.0,0.42637649178504944,0.4500885009765625,30.988306045532227,0.0032045762054622173,4.880390644073486,0.0,0.42637649178504944,0.4500885009765625,30.988306045532227
2768,370912,40000,5.382684230804443,7.365283818216994e-05,0.005627036560326815,5.376983642578125,0.0035059996880590916,5.026383876800537,0.0,0.43161705136299133,0.4500635862350464,31.263681411743164,0.0035059996880590916,5.026383876800537,0.0,0.43161705136299133,0.4500635862350464,31.263681411743164
2769,371046,40000,5.363822937011719,0.00010865028889384121,0.006028017494827509,5.3576860427856445,0.004672654904425144,4.890420436859131,0.0,0.4394071102142334,0.455854594707489,32.23420715332031,0.004672654904425144,4.890420436859131,0.0,0.4394071102142334,0.455854594707489,32.23420715332031
2770,371180,40000,4.933728218078613,6.779577233828604e-05,0.004807253368198872,4.9288530349731445,0.001910315826535225,4.737821578979492,0.0,0.4221208989620209,0.4376959204673767,31.482158660888672,0.001910315826535225,4.737821578979492,0.0,0.4221208989620209,0.4376959204673767,31.482158660888672
2771,371314,40000,6.698028087615967,0.0001376080617774278,0.007410088088363409,6.6904802322387695,0.0015342070255428553,6.537059307098389,0.0,0.41959497332572937,0.43391525745391846,30.62462615966797,0.0015342070255428553,6.537059307098389,0.0,0.41959497332572937,0.43391525745391846,30.62462615966797
2772,371448,40000,4.719511032104492,7.761087908875197e-05,0.0076807052828371525,4.711752891540527,0.0013854496646672487,4.573207855224609,0.0,0.4179379940032959,0.4326140880584717,30.81268882751465,0.0013854496646672487,4.573207855224609,0.0,0.4179379940032959,0.4326140880584717,30.81268882751465
2773,371582,40000,5.8042120933532715,0.00029554194770753384,0.006036059930920601,5.79788064956665,0.005516513716429472,5.24622917175293,0.0,0.4402773082256317,0.46240395307540894,32.31861114501953,0.005516513716429472,5.24622917175293,0.0,0.4402773082256317,0.46240395307540894,32.31861114501953
2774,371716,40000,6.065868854522705,8.361786603927612e-05,0.006323739420622587,6.05946159362793,0.0019312873482704163,5.8663330078125,0.0,0.42895010113716125,0.433063268661499,31.546903610229492,0.0019312873482704163,5.8663330078125,0.0,0.42895010113716125,0.433063268661499,31.546903610229492
2775,371850,40000,6.082945346832275,0.0001589553867233917,0.007033501751720905,6.0757527351379395,0.006157747469842434,5.459978103637695,0.0,0.44078493118286133,0.4670398235321045,31.67877769470215,0.006157747469842434,5.459978103637695,0.0,0.44078493118286133,0.4670398235321045,31.67877769470215
2776,371984,40000,5.641348838806152,8.399305079365149e-05,0.008110502734780312,5.633154392242432,0.007278049364686012,4.905349254608154,0.0,0.4457949101924896,0.4719783067703247,32.03715896606445,0.007278049364686012,4.905349254608154,0.0,0.4457949101924896,0.4719783067703247,32.03715896606445
2777,372118,40000,5.882177829742432,0.0001855519658420235,0.0063216774724423885,5.875670433044434,0.003658989444375038,5.509771347045898,0.0,0.43043914437294006,0.45227283239364624,32.08538818359375,0.003658989444375038,5.509771347045898,0.0,0.43043914437294006,0.45227283239364624,32.08538818359375
2778,372252,40000,6.98724889755249,7.891051791375503e-05,0.005125974304974079,6.982044219970703,0.007049187086522579,6.277125358581543,0.0,0.4458127021789551,0.4703589677810669,32.711448669433594,0.007049187086522579,6.277125358581543,0.0,0.4458127021789551,0.4703589677810669,32.711448669433594
2779,372386,40000,4.328612327575684,0.0001075595646398142,0.00666553620249033,4.321839332580566,0.0038126539438962936,3.9405739307403564,0.0,0.432328462600708,0.45260727405548096,31.65319061279297,0.0038126539438962936,3.9405739307403564,0.0,0.432328462600708,0.45260727405548096,31.65319061279297
2780,372520,40000,8.073294639587402,9.04900225577876e-05,0.0076892198994755745,8.06551456451416,0.0015186420641839504,7.913650035858154,0.0,0.41439563035964966,0.4362133741378784,29.972700119018555,0.0015186420641839504,7.913650035858154,0.0,0.41439563035964966,0.4362133741378784,29.972700119018555
2781,372654,40000,6.11765193939209,0.00012705412518698722,0.008007138967514038,6.109517574310303,0.004291016608476639,5.680416107177734,0.0,0.43186384439468384,0.45723384618759155,31.59296226501465,0.004291016608476639,5.680416107177734,0.0,0.43186384439468384,0.45723384618759155,31.59296226501465
2782,372788,40000,8.394914627075195,9.700683585833758e-05,0.0063033150508999825,8.388514518737793,0.0045920005068182945,7.929314136505127,0.0,0.43982043862342834,0.4548300504684448,32.126712799072266,0.0045920005068182945,7.929314136505127,0.0,0.43982043862342834,0.4548300504684448,32.126712799072266
2783,372922,40000,5.972179889678955,9.055203554453328e-05,0.006066756788641214,5.966022491455078,0.0042218673042953014,5.543835639953613,0.0,0.4403741657733917,0.45090967416763306,32.430381774902344,0.0042218673042953014,5.543835639953613,0.0,0.4403741657733917,0.45090967416763306,32.430381774902344
2784,373056,40000,5.673813819885254,0.00014532622299157083,0.007347093895077705,5.666321277618408,0.002016476122662425,5.4646735191345215,0.0,0.43244972825050354,0.4310401678085327,31.830036163330078,0.002016476122662425,5.4646735191345215,0.0,0.43244972825050354,0.4310401678085327,31.830036163330078
2785,373190,40000,7.682003974914551,0.00015886964683886617,0.0062174117192626,7.675627708435059,0.0016880048206076026,7.506827354431152,0.0,0.4141853153705597,0.43855881690979004,30.45446014404297,0.0016880048206076026,7.506827354431152,0.0,0.4141853153705597,0.43855881690979004,30.45446014404297
2786,373324,40000,4.992260456085205,6.501851021312177e-05,0.0062270439229905605,4.985968589782715,0.003584300633519888,4.627538681030273,0.0,0.4379049837589264,0.44634127616882324,32.08256912231445,0.003584300633519888,4.627538681030273,0.0,0.4379049837589264,0.44634127616882324,32.08256912231445
2787,373458,40000,4.739854335784912,7.472802826669067e-05,0.006512558087706566,4.733266830444336,0.0034712390042841434,4.386142730712891,0.0,0.43779855966567993,0.4451941251754761,32.409339904785156,0.0034712390042841434,4.386142730712891,0.0,0.43779855966567993,0.4451941251754761,32.409339904785156
2788,373592,40000,5.242237091064453,9.806706657400355e-05,0.007541799917817116,5.234597206115723,0.004878041800111532,4.746792793273926,0.0,0.44306573271751404,0.4549853205680847,32.14347839355469,0.004878041800111532,4.746792793273926,0.0,0.44306573271751404,0.4549853205680847,32.14347839355469
2789,373726,40000,5.522298812866211,6.898673018440604e-05,0.005830641835927963,5.516399383544922,0.004687880165874958,5.047611236572266,0.0,0.44693630933761597,0.4498484134674072,32.46391677856445,0.004687880165874958,5.047611236572266,0.0,0.44693630933761597,0.4498484134674072,32.46391677856445
2790,373860,40000,6.353818416595459,0.0006303414702415466,0.008424190804362297,6.34476375579834,0.008725803345441818,5.4721832275390625,0.0,0.45570915937423706,0.47498196363449097,32.894874572753906,0.008725803345441818,5.4721832275390625,0.0,0.45570915937423706,0.47498196363449097,32.894874572753906
2791,373994,40000,4.413110256195068,0.00012690741277765483,0.006490123458206654,4.406493186950684,0.002899687271565199,4.1165242195129395,0.0,0.4349771738052368,0.4409424662590027,32.01860427856445,0.002899687271565199,4.1165242195129395,0.0,0.4349771738052368,0.4409424662590027,32.01860427856445
2792,374128,40000,4.734245300292969,6.699048390146345e-05,0.007284034974873066,4.726894378662109,0.003191777039319277,4.407716751098633,0.0,0.4391908049583435,0.4406922459602356,32.34465789794922,0.003191777039319277,4.407716751098633,0.0,0.4391908049583435,0.4406922459602356,32.34465789794922
2793,374262,40000,4.379838466644287,0.00016538579075131565,0.005810725502669811,4.373862266540527,0.0015070387162268162,4.223158359527588,0.0,0.4243076741695404,0.43026840686798096,31.005653381347656,0.0015070387162268162,4.223158359527588,0.0,0.4243076741695404,0.43026840686798096,31.005653381347656
2794,374396,40000,5.752599239349365,6.939275772310793e-05,0.007732446771115065,5.744797229766846,0.0034163175150752068,5.403165340423584,0.0,0.43138453364372253,0.44930851459503174,31.176223754882812,0.0034163175150752068,5.403165340423584,0.0,0.43138453364372253,0.44930851459503174,31.176223754882812
2795,374530,40000,4.562107563018799,0.00021804787684231997,0.007387443911284208,4.554502010345459,0.0033257927279919386,4.221922874450684,0.0,0.42617905139923096,0.4513853192329407,31.200939178466797,0.0033257927279919386,4.221922874450684,0.0,0.42617905139923096,0.4513853192329407,31.200939178466797
2796,374664,40000,4.238227367401123,0.00011129443737445399,0.00470089353621006,4.233415126800537,0.0029486140701919794,3.938553810119629,0.0,0.4375625252723694,0.4392131567001343,31.614797592163086,0.0029486140701919794,3.938553810119629,0.0,0.4375625252723694,0.4392131567001343,31.614797592163086
2797,374798,40000,9.042094230651855,8.062426059041172e-05,0.006494816392660141,9.035518646240234,0.008089984767138958,8.226520538330078,0.0,0.46210041642189026,0.46506553888320923,33.52635192871094,0.008089984767138958,8.226520538330078,0.0,0.46210041642189026,0.46506553888320923,33.52635192871094
2798,374932,40000,4.73421049118042,7.901567732915282e-05,0.0066297524608671665,4.72750186920166,0.001858738949522376,4.541627883911133,0.0,0.4335545599460602,0.42707085609436035,31.29006576538086,0.001858738949522376,4.541627883911133,0.0,0.4335545599460602,0.42707085609436035,31.29006576538086
2799,375066,40000,5.966804504394531,0.00024782930267974734,0.008530594408512115,5.958025932312012,0.002831104677170515,5.674915313720703,0.0,0.4231514036655426,0.44790738821029663,31.22817611694336,0.002831104677170515,5.674915313720703,0.0,0.4231514036655426,0.44790738821029663,31.22817611694336
2800,375200,40000,5.703871250152588,7.677500980207697e-05,0.005482770968228579,5.698311805725098,0.004701497033238411,5.2281622886657715,0.0,0.43971338868141174,0.4558958411216736,32.13893508911133,0.004701497033238411,5.2281622886657715,0.0,0.43971338868141174,0.4558958411216736,32.13893508911133
2801,375334,40000,5.101190567016602,0.00011288811219856143,0.006816009059548378,5.094261646270752,0.0024792891927063465,4.846332550048828,0.0,0.4223533868789673,0.4444928765296936,30.74112319946289,0.0024792891927063465,4.846332550048828,0.0,0.4223533868789673,0.4444928765296936,30.74112319946289
2802,375468,40000,5.540372848510742,7.854444993427023e-05,0.006593233905732632,5.533700942993164,0.004288484342396259,5.104852676391602,0.0,0.43874356150627136,0.4527960419654846,32.2981071472168,0.004288484342396259,5.104852676391602,0.0,0.43874356150627136,0.4527960419654846,32.2981071472168
2803,375602,40000,8.076214790344238,8.561510912841186e-05,0.006327784154564142,8.069801330566406,0.008113527670502663,7.258448600769043,0.0,0.45410576462745667,0.47201454639434814,33.10725021362305,0.008113527670502663,7.258448600769043,0.0,0.45410576462745667,0.47201454639434814,33.10725021362305
2804,375736,40000,6.2597527503967285,0.00014058996748644859,0.006763486657291651,6.2528486251831055,0.0031553434673696756,5.937314033508301,0.0,0.4298745393753052,0.44756948947906494,31.046873092651367,0.0031553434673696756,5.937314033508301,0.0,0.4298745393753052,0.44756948947906494,31.046873092651367
2805,375870,40000,7.608414649963379,0.00010266454773955047,0.006082150153815746,7.602230072021484,0.006724345497786999,6.929795742034912,0.0,0.45241066813468933,0.4630671739578247,33.13349533081055,0.006724345497786999,6.929795742034912,0.0,0.45241066813468933,0.4630671739578247,33.13349533081055
2806,376004,40000,4.8200578689575195,7.783820910844952e-05,0.006412144284695387,4.813568115234375,0.001083388109691441,4.70522928237915,0.0,0.41673165559768677,0.4283450245857239,31.16132354736328,0.001083388109691441,4.70522928237915,0.0,0.41673165559768677,0.4283450245857239,31.16132354736328
2807,376138,40000,5.086221694946289,0.00012621829228010029,0.007073687389492989,5.07902193069458,0.003121037036180496,4.766918182373047,0.0,0.4369487762451172,0.4419025778770447,31.666366577148438,0.003121037036180496,4.766918182373047,0.0,0.4369487762451172,0.4419025778770447,31.666366577148438
2808,376272,40000,6.372684955596924,0.00018283759709447622,0.007687109522521496,6.3648152351379395,0.0021195141598582268,6.1528639793396,0.0,0.4183691740036011,0.4422147870063782,30.26443099975586,0.0021195141598582268,6.1528639793396,0.0,0.4183691740036011,0.4422147870063782,30.26443099975586
2809,376406,40000,4.661798477172852,8.726609667064622e-05,0.006897686515003443,4.654813289642334,0.0018036339897662401,4.47445011138916,0.0,0.42085227370262146,0.43699753284454346,31.482515335083008,0.0018036339897662401,4.47445011138916,0.0,0.42085227370262146,0.43699753284454346,31.482515335083008
2810,376540,40000,6.649940490722656,0.00017491061589680612,0.006993977818638086,6.6427717208862305,0.0059713926166296005,6.045632362365723,0.0,0.4434933066368103,0.4638727307319641,32.41490173339844,0.0059713926166296005,6.045632362365723,0.0,0.4434933066368103,0.4638727307319641,32.41490173339844
2811,376674,40000,4.9644246101379395,9.795204096008092e-05,0.0055226790718734264,4.958804130554199,0.005601163487881422,4.398687839508057,0.0,0.4380103647708893,0.4644699692726135,31.77203941345215,0.005601163487881422,4.398687839508057,0.0,0.4380103647708893,0.4644699692726135,31.77203941345215
2812,376808,40000,5.346934795379639,0.00010839549941010773,0.007873408496379852,5.338953018188477,0.0017408194253221154,5.1648712158203125,0.0,0.42067593336105347,0.4362398386001587,30.928220748901367,0.0017408194253221154,5.1648712158203125,0.0,0.42067593336105347,0.4362398386001587,30.928220748901367
2813,376942,40000,4.882320404052734,7.83056384534575e-05,0.008605687879025936,4.873636245727539,0.0038636585231870413,4.487270355224609,0.0,0.43113183975219727,0.4538002610206604,31.43981170654297,0.0038636585231870413,4.487270355224609,0.0,0.43113183975219727,0.4538002610206604,31.43981170654297
2814,377076,40000,5.921419143676758,6.552252307301387e-05,0.007768833078444004,5.9135847091674805,0.0049875639379024506,5.414828300476074,0.0,0.4430324137210846,0.4559980034828186,32.495235443115234,0.0049875639379024506,5.414828300476074,0.0,0.4430324137210846,0.4559980034828186,32.495235443115234
2815,377210,40000,5.347569942474365,9.424307063454762e-05,0.005598603282123804,5.341876983642578,0.004629618022590876,4.878915309906006,0.0,0.43474867939949036,0.45849913358688354,31.574594497680664,0.004629618022590876,4.878915309906006,0.0,0.43474867939949036,0.45849913358688354,31.574594497680664
2816,377344,40000,6.098369121551514,0.0001235653180629015,0.007870911620557308,6.09037446975708,0.0027898026164621115,5.811394214630127,0.0,0.41805633902549744,0.44963639974594116,30.926095962524414,0.0027898026164621115,5.811394214630127,0.0,0.41805633902549744,0.44963639974594116,30.926095962524414
2817,377478,40000,4.795046806335449,6.789440521970391e-05,0.0059287636540830135,4.789050102233887,0.002693869173526764,4.519663333892822,0.0,0.4225463271141052,0.4467496871948242,31.699430465698242,0.002693869173526764,4.519663333892822,0.0,0.4225463271141052,0.4467496871948242,31.699430465698242
2818,377612,40000,6.033977508544922,0.00018601457122713327,0.006701403763145208,6.027090072631836,0.0005956203676760197,5.967527866363525,0.0,0.41750746965408325,0.41700321435928345,30.76599884033203,0.0005956203676760197,5.967527866363525,0.0,0.41750746965408325,0.41700321435928345,30.76599884033203
2819,377746,40000,6.975953102111816,0.00013130909064784646,0.0058280848897993565,6.969993591308594,0.005420153960585594,6.427978038787842,0.0,0.4457893669605255,0.45764970779418945,32.70253372192383,0.005420153960585594,6.427978038787842,0.0,0.4457893669605255,0.45764970779418945,32.70253372192383
2820,377880,40000,5.530690670013428,9.150175173999742e-05,0.006414288189262152,5.524184703826904,0.005026036407798529,5.021581172943115,0.0,0.447923868894577,0.4522430896759033,32.39907455444336,0.005026036407798529,5.021581172943115,0.0,0.447923868894577,0.4522430896759033,32.39907455444336
2821,378014,40000,7.221610069274902,8.36076433188282e-05,0.007995990104973316,7.213530540466309,0.0013753082603216171,7.075999736785889,0.0,0.4155731797218323,0.43365687131881714,30.425745010375977,0.0013753082603216171,7.075999736785889,0.0,0.4155731797218323,0.43365687131881714,30.425745010375977
2822,378148,40000,6.930936336517334,0.00010384429333498701,0.006475676316767931,6.924356937408447,0.005215602461248636,6.402796745300293,0.0,0.43872037529945374,0.4609617590904236,32.58002853393555,0.005215602461248636,6.402796745300293,0.0,0.43872037529945374,0.4609617590904236,32.58002853393555
2823,378282,40000,5.362402439117432,9.595497249392793e-05,0.008082910440862179,5.354223728179932,0.004605358466506004,4.893687725067139,0.0,0.4369858503341675,0.45689821243286133,32.11577606201172,0.004605358466506004,4.893687725067139,0.0,0.4369858503341675,0.45689821243286133,32.11577606201172
2824,378416,40000,3.986020088195801,0.00011199167784070596,0.007432777900248766,3.978475332260132,0.004774441011250019,3.5010311603546143,0.0,0.43993842601776123,0.45638585090637207,31.932519912719727,0.004774441011250019,3.5010311603546143,0.0,0.43993842601776123,0.45638585090637207,31.932519912719727
2825,378550,40000,5.965827941894531,0.00014165700122248381,0.006601054687052965,5.959085464477539,0.0027830363251268864,5.680781841278076,0.0,0.4293498396873474,0.4438363313674927,30.585424423217773,0.0027830363251268864,5.680781841278076,0.0,0.4293498396873474,0.4438363313674927,30.585424423217773
2826,378684,40000,4.913946628570557,0.00012620488996617496,0.005877437070012093,4.907942771911621,0.0035607251338660717,4.551870346069336,0.0,0.4338700473308563,0.44912785291671753,31.667530059814453,0.0035607251338660717,4.551870346069336,0.0,0.4338700473308563,0.44912785291671753,31.667530059814453
2827,378818,40000,4.437902450561523,0.00017221337475348264,0.006794157437980175,4.430935859680176,0.0030802665278315544,4.122909069061279,0.0,0.43678519129753113,0.4415585994720459,31.666383743286133,0.0030802665278315544,4.122909069061279,0.0,0.43678519129753113,0.4415585994720459,31.666383743286133
2828,378952,40000,5.373692035675049,0.00010517991904634982,0.006860624998807907,5.366726398468018,0.0036328956484794617,5.003437042236328,0.0,0.42803624272346497,0.4533560276031494,30.593280792236328,0.0036328956484794617,5.003437042236328,0.0,0.42803624272346497,0.4533560276031494,30.593280792236328
2829,379086,40000,4.248210430145264,9.290572052123025e-05,0.006977510638535023,4.241139888763428,0.0037768646143376827,3.8634536266326904,0.0,0.4364723861217499,0.449463427066803,31.962629318237305,0.0037768646143376827,3.8634536266326904,0.0,0.4364723861217499,0.449463427066803,31.962629318237305
2830,379220,40000,8.610008239746094,0.00015478578279726207,0.007854891009628773,8.601998329162598,0.0007452688296325505,8.527471542358398,0.0,0.41008344292640686,0.42536914348602295,29.552515029907227,0.0007452688296325505,8.527471542358398,0.0,0.41008344292640686,0.42536914348602295,29.552515029907227
2831,379354,40000,5.716043472290039,0.00015140579489525408,0.006783722434192896,5.709108352661133,0.004514869302511215,5.2576212882995605,0.0,0.43012097477912903,0.46006327867507935,31.474441528320312,0.004514869302511215,5.2576212882995605,0.0,0.43012097477912903,0.46006327867507935,31.474441528320312
2832,379488,40000,6.5702080726623535,0.00017333790310658514,0.006395967211574316,6.563638687133789,0.005472603254020214,6.016378402709961,0.0,0.4507994055747986,0.453777551651001,33.065162658691406,0.005472603254020214,6.016378402709961,0.0,0.4507994055747986,0.453777551651001,33.065162658691406
2833,379622,40000,6.405714988708496,0.0001006628226605244,0.006484596058726311,6.399129867553711,0.0031607807613909245,6.083051681518555,0.0,0.43305903673171997,0.44547396898269653,31.925870895385742,0.0031607807613909245,6.083051681518555,0.0,0.43305903673171997,0.44547396898269653,31.925870895385742
2834,379756,40000,4.536932468414307,9.831742499954998e-05,0.0075032711029052734,4.529330730438232,0.0033914796076714993,4.190182685852051,0.0,0.4299589693546295,0.4499393701553345,31.256397247314453,0.0033914796076714993,4.190182685852051,0.0,0.4299589693546295,0.4499393701553345,31.256397247314453
2835,379890,40000,5.563773155212402,0.00019085915118921548,0.006920010317116976,5.556662082672119,0.0036242217756807804,5.194240093231201,0.0,0.4309707581996918,0.45162397623062134,31.208463668823242,0.0036242217756807804,5.194240093231201,0.0,0.4309707581996918,0.45162397623062134,31.208463668823242
2836,380024,40000,4.352057933807373,0.00011610682850005105,0.008628999814391136,4.343312740325928,0.003542332910001278,3.989079475402832,0.0,0.4349045157432556,0.4482079744338989,32.037776947021484,0.003542332910001278,3.989079475402832,0.0,0.4349045157432556,0.4482079744338989,32.037776947021484
2837,380158,40000,5.081178188323975,0.00023180399148259312,0.007976951077580452,5.072969436645508,0.0025524445809423923,4.81772518157959,0.0,0.4291490316390991,0.4412647485733032,30.772233963012695,0.0025524445809423923,4.81772518157959,0.0,0.4291490316390991,0.4412647485733032,30.772233963012695
2838,380292,40000,6.240684509277344,7.98584587755613e-05,0.00550251267850399,6.23510217666626,0.006362604442983866,5.598841667175293,0.0,0.4415736794471741,0.4680752158164978,32.082435607910156,0.006362604442983866,5.598841667175293,0.0,0.4415736794471741,0.4680752158164978,32.082435607910156
2839,380426,40000,5.66133975982666,7.28910745237954e-05,0.006764822639524937,5.654501914978027,0.0030071409419178963,5.353787899017334,0.0,0.44190362095832825,0.4353727102279663,32.41767501831055,0.0030071409419178963,5.353787899017334,0.0,0.44190362095832825,0.4353727102279663,32.41767501831055
2840,380560,40000,5.060797214508057,8.468751912005246e-05,0.005777392536401749,5.054934978485107,0.0031110774725675583,4.7438273429870605,0.0,0.43494847416877747,0.44347047805786133,31.8149471282959,0.0031110774725675583,4.7438273429870605,0.0,0.43494847416877747,0.44347047805786133,31.8149471282959
2841,380694,40000,4.887844085693359,8.404490654356778e-05,0.00798791740089655,4.879772186279297,0.003742470405995846,4.5055251121521,0.0,0.43360579013824463,0.45111870765686035,31.757482528686523,0.003742470405995846,4.5055251121521,0.0,0.43360579013824463,0.45111870765686035,31.757482528686523
2842,380828,40000,4.8478288650512695,0.0003416167164687067,0.008993311785161495,4.838493824005127,0.001117443898692727,4.726749420166016,0.0,0.41986241936683655,0.4268873333930969,31.002416610717773,0.001117443898692727,4.726749420166016,0.0,0.41986241936683655,0.4268873333930969,31.002416610717773
2843,380962,40000,5.444713115692139,7.082233059918508e-05,0.006178740411996841,5.4384636878967285,0.0026993874926120043,5.168524742126465,0.0,0.4335957467556,0.43963223695755005,31.20073890686035,0.0026993874926120043,5.168524742126465,0.0,0.4335957467556,0.43963223695755005,31.20073890686035
2844,381096,40000,4.647591590881348,0.00010568735160632059,0.009085210971534252,4.638400554656982,0.0031580571085214615,4.32259464263916,0.0,0.4297443628311157,0.44767946004867554,31.80523109436035,0.0031580571085214615,4.32259464263916,0.0,0.4297443628311157,0.44767946004867554,31.80523109436035
2845,381230,40000,4.5078558921813965,5.06271499034483e-05,0.00731869600713253,4.500486373901367,0.004002011381089687,4.100285053253174,0.0,0.4330770671367645,0.45392513275146484,31.980243682861328,0.004002011381089687,4.100285053253174,0.0,0.4330770671367645,0.45392513275146484,31.980243682861328
2846,381364,40000,5.10734748840332,7.560800440842286e-05,0.008742234669625759,5.098529815673828,0.0032010937575250864,4.778420448303223,0.0,0.4283924400806427,0.44893836975097656,31.100053787231445,0.0032010937575250864,4.778420448303223,0.0,0.4283924400806427,0.44893836975097656,31.100053787231445
2847,381498,40000,4.520049571990967,9.86271261353977e-05,0.006345139816403389,4.51360559463501,0.004839177243411541,4.029687881469727,0.0,0.4369138181209564,0.45896226167678833,31.762903213500977,0.004839177243411541,4.029687881469727,0.0,0.4369138181209564,0.45896226167678833,31.762903213500977
2848,381632,40000,4.338022708892822,4.900634667137638e-05,0.0076464153826236725,4.33032751083374,0.0031522009521722794,4.01510763168335,0.0,0.42983511090278625,0.44756120443344116,32.208621978759766,0.0031522009521722794,4.01510763168335,0.0,0.42983511090278625,0.44756120443344116,32.208621978759766
2849,381766,40000,5.948899269104004,8.603341848356649e-05,0.008106442168354988,5.940706729888916,0.002254708204418421,5.715235710144043,0.0,0.4177113175392151,0.44405698776245117,30.760915756225586,0.002254708204418421,5.715235710144043,0.0,0.4177113175392151,0.44405698776245117,30.760915756225586
2850,381900,40000,4.62026834487915,0.00010358497820561752,0.007834207266569138,4.612330436706543,0.0051515912637114525,4.097171306610107,0.0,0.43869873881340027,0.46044832468032837,31.968244552612305,0.0051515912637114525,4.097171306610107,0.0,0.43869873881340027,0.46044832468032837,31.968244552612305
2851,382034,40000,4.280537128448486,7.852033013477921e-05,0.00808346550911665,4.272375106811523,0.002389474306255579,4.033427715301514,0.0,0.4288043975830078,0.4394940733909607,31.61431121826172,0.002389474306255579,4.033427715301514,0.0,0.4288043975830078,0.4394940733909607,31.61431121826172
2852,382168,40000,5.635890007019043,6.430229404941201e-05,0.005718980450183153,5.6301069259643555,0.00617827195674181,5.012279987335205,0.0,0.44500401616096497,0.4644430875778198,32.286285400390625,0.00617827195674181,5.012279987335205,0.0,0.44500401616096497,0.4644430875778198,32.286285400390625
2853,382302,40000,6.025881290435791,6.771241169190034e-05,0.004364689812064171,6.021449089050293,0.005202353931963444,5.501213550567627,0.0,0.4353041350841522,0.46289652585983276,31.946020126342773,0.005202353931963444,5.501213550567627,0.0,0.4353041350841522,0.46289652585983276,31.946020126342773
2854,382436,40000,6.787481784820557,7.815405115252361e-05,0.0051619126461446285,6.7822418212890625,0.002695081289857626,6.5127339363098145,0.0,0.41869619488716125,0.44843071699142456,30.440404891967773,0.002695081289857626,6.5127339363098145,0.0,0.41869619488716125,0.44843071699142456,30.440404891967773
2855,382570,40000,7.561869144439697,8.14964878372848e-05,0.005442666355520487,7.556344985961914,0.006664831191301346,6.889862060546875,0.0,0.45288872718811035,0.4621901512145996,33.114383697509766,0.006664831191301346,6.889862060546875,0.0,0.45288872718811035,0.4621901512145996,33.114383697509766
2856,382704,40000,6.293607711791992,0.00010464835941093042,0.005411465652287006,6.288091659545898,0.0019465552177280188,6.093436241149902,0.0,0.4227451682090759,0.4378049373626709,31.092382431030273,0.0019465552177280188,6.093436241149902,0.0,0.4227451682090759,0.4378049373626709,31.092382431030273
2857,382838,40000,5.629922866821289,7.176733925007284e-05,0.006359078921377659,5.623492240905762,0.003499186597764492,5.273573398590088,0.0,0.433681458234787,0.44862866401672363,31.360767364501953,0.003499186597764492,5.273573398590088,0.0,0.433681458234787,0.44862866401672363,31.360767364501953
2858,382972,40000,4.771414279937744,0.00010516055044718087,0.006560530513525009,4.764748573303223,0.004135671071708202,4.351181507110596,0.0,0.43285077810287476,0.45528560876846313,31.995058059692383,0.004135671071708202,4.351181507110596,0.0,0.43285077810287476,0.45528560876846313,31.995058059692383
2859,383106,40000,6.0210981369018555,7.624559657415375e-05,0.006440077442675829,6.014581680297852,0.002331583295017481,5.781423568725586,0.0,0.4243755340576172,0.4416823387145996,31.528467178344727,0.002331583295017481,5.781423568725586,0.0,0.4243755340576172,0.4416823387145996,31.528467178344727
2860,383240,40000,5.394585609436035,0.00017858558567240834,0.007302410434931517,5.387104511260986,0.002376713091507554,5.149433135986328,0.0,0.4266579747200012,0.4408174753189087,31.4333553314209,0.002376713091507554,5.149433135986328,0.0,0.4266579747200012,0.4408174753189087,31.4333553314209
2861,383374,40000,5.824764251708984,8.008240547496825e-05,0.005684991367161274,5.818999290466309,0.002897358499467373,5.529263496398926,0.0,0.4230596721172333,0.44863754510879517,30.95648765563965,0.002897358499467373,5.529263496398926,0.0,0.4230596721172333,0.44863754510879517,30.95648765563965
2862,383508,40000,5.46322774887085,0.00012534002598840743,0.006541597656905651,5.4565606117248535,0.005552038084715605,4.9013566970825195,0.0,0.4417102634906769,0.4617437720298767,32.34900665283203,0.005552038084715605,4.9013566970825195,0.0,0.4417102634906769,0.4617437720298767,32.34900665283203
2863,383642,40000,5.883225440979004,0.00017760528135113418,0.006621256936341524,5.876426696777344,0.0033584877382963896,5.5405778884887695,0.0,0.4279077351093292,0.4507902264595032,31.215791702270508,0.0033584877382963896,5.5405778884887695,0.0,0.4279077351093292,0.4507902264595032,31.215791702270508
2864,383776,40000,6.686166286468506,0.00010261652641929686,0.005818245932459831,6.680245399475098,0.005329418461769819,6.147303581237793,0.0,0.4482242166996002,0.4548073410987854,32.35064697265625,0.005329418461769819,6.147303581237793,0.0,0.4482242166996002,0.4548073410987854,32.35064697265625
2865,383910,40000,5.775152206420898,7.708439807174727e-05,0.005309521686285734,5.769765377044678,0.0033294465392827988,5.4368205070495605,0.0,0.4333026707172394,0.44712090492248535,31.763643264770508,0.0033294465392827988,5.4368205070495605,0.0,0.4333026707172394,0.44712090492248535,31.763643264770508
2866,384044,40000,5.379091739654541,7.805055065546185e-05,0.007217179052531719,5.371796607971191,0.0028189877048134804,5.089897632598877,0.0,0.4281163215637207,0.44503843784332275,31.359254837036133,0.0028189877048134804,5.089897632598877,0.0,0.4281163215637207,0.44503843784332275,31.359254837036133
2867,384178,40000,6.337709903717041,0.00033402067492716014,0.006477083545178175,6.330898761749268,0.003333941102027893,5.997504711151123,0.0,0.42403239011764526,0.4525012969970703,30.60076141357422,0.003333941102027893,5.997504711151123,0.0,0.42403239011764526,0.4525012969970703,30.60076141357422
2868,384312,40000,5.428625583648682,0.00013138947542756796,0.007942681200802326,5.420551300048828,0.005295423325151205,4.8910088539123535,0.0,0.43738070130348206,0.4624348282814026,32.054901123046875,0.005295423325151205,4.8910088539123535,0.0,0.43738070130348206,0.4624348282814026,32.054901123046875
2869,384446,40000,5.3628106117248535,0.00012735501513816416,0.009167644195258617,5.353515625,0.006185558158904314,4.734959602355957,0.0,0.44150179624557495,0.46680688858032227,32.51367950439453,0.006185558158904314,4.734959602355957,0.0,0.44150179624557495,0.46680688858032227,32.51367950439453
2870,384580,40000,5.952142238616943,6.747170118615031e-05,0.005859858822077513,5.94621467590332,0.0029490808956325054,5.651306629180908,0.0,0.4315835237503052,0.44417649507522583,31.953737258911133,0.0029490808956325054,5.651306629180908,0.0,0.4315835237503052,0.44417649507522583,31.953737258911133
2871,384714,40000,6.592140197753906,6.20841674390249e-05,0.006478507537394762,6.585599422454834,0.0015765557764098048,6.427943706512451,0.0,0.4141751229763031,0.43708938360214233,30.58669662475586,0.0015765557764098048,6.427943706512451,0.0,0.4141751229763031,0.43708938360214233,30.58669662475586
2872,384848,40000,5.730014801025391,9.641722135711461e-05,0.006319105159491301,5.723599433898926,0.0021159970201551914,5.511999607086182,0.0,0.4174237549304962,0.4425724148750305,30.905319213867188,0.0021159970201551914,5.511999607086182,0.0,0.4174237549304962,0.4425724148750305,30.905319213867188
2873,384982,40000,6.408055782318115,6.266386481001973e-05,0.006631996016949415,6.401360988616943,0.0033285333774983883,6.068507671356201,0.0,0.42018595337867737,0.4540468454360962,30.561927795410156,0.0033285333774983883,6.068507671356201,0.0,0.42018595337867737,0.4540468454360962,30.561927795410156
2874,385116,40000,4.214531421661377,0.00026247979258187115,0.007775877136737108,4.206492900848389,0.0024135499261319637,3.9651379585266113,0.0,0.42727455496788025,0.4408613443374634,31.269947052001953,0.0024135499261319637,3.9651379585266113,0.0,0.42727455496788025,0.4408613443374634,31.269947052001953
2875,385250,40000,5.158899307250977,6.797173409722745e-05,0.00727527542039752,5.151556015014648,0.0027636056765913963,4.875195503234863,0.0,0.4341707229614258,0.43994957208633423,31.771713256835938,0.0027636056765913963,4.875195503234863,0.0,0.4341707229614258,0.43994957208633423,31.771713256835938
2876,385384,40000,4.9154815673828125,5.710957702831365e-05,0.0049991123378276825,4.910425186157227,0.0034592668525874615,4.564498424530029,0.0,0.4330616295337677,0.4486435651779175,31.817686080932617,0.0034592668525874615,4.564498424530029,0.0,0.4330616295337677,0.4486435651779175,31.817686080932617
2877,385518,40000,4.643311500549316,6.130589463282377e-05,0.007871251553297043,4.635378837585449,0.0037403004243969917,4.261348724365234,0.0,0.4286077320575714,0.454054594039917,31.596237182617188,0.0037403004243969917,4.261348724365234,0.0,0.4286077320575714,0.454054594039917,31.596237182617188
2878,385652,40000,5.176168441772461,0.00010447335080243647,0.0069770896807312965,5.169086933135986,0.0036624381318688393,4.80284309387207,0.0,0.4376717507839203,0.4473632574081421,31.844928741455078,0.0036624381318688393,4.80284309387207,0.0,0.4376717507839203,0.4473632574081421,31.844928741455078
2879,385786,40000,4.299507141113281,0.00015584012726321816,0.007566819898784161,4.291784286499023,0.0038024995010346174,3.911534309387207,0.0,0.430817574262619,0.45341140031814575,31.864450454711914,0.0038024995010346174,3.911534309387207,0.0,0.430817574262619,0.45341140031814575,31.864450454711914
2880,385920,40000,5.58762788772583,0.00010880215268116444,0.007345193065702915,5.580173969268799,0.005411507561802864,5.039023399353027,0.0,0.4424664080142975,0.4600675702095032,32.40666961669922,0.005411507561802864,5.039023399353027,0.0,0.4424664080142975,0.4600675702095032,32.40666961669922
2881,386054,40000,3.8489654064178467,8.483387500746176e-05,0.005416923202574253,3.843463659286499,0.002693898044526577,3.5740737915039062,0.0,0.43469417095184326,0.4386032819747925,31.924081802368164,0.002693898044526577,3.5740737915039062,0.0,0.43469417095184326,0.4386032819747925,31.924081802368164
2882,386188,40000,4.9779815673828125,0.00013620840036310256,0.007143425289541483,4.970702171325684,0.0030695078894495964,4.663751602172852,0.0,0.42106902599334717,0.4512406587600708,30.907085418701172,0.0030695078894495964,4.663751602172852,0.0,0.42106902599334717,0.4512406587600708,30.907085418701172
2883,386322,40000,4.79105281829834,5.917335511185229e-05,0.008107412606477737,4.782886028289795,0.003950516227632761,4.387834548950195,0.0,0.43767720460891724,0.45030850172042847,32.523128509521484,0.003950516227632761,4.387834548950195,0.0,0.43767720460891724,0.45030850172042847,32.523128509521484
2884,386456,40000,5.2455153465271,6.733822374371812e-05,0.008257651701569557,5.237190246582031,0.0058095334097743034,4.65623664855957,0.0,0.4381839632987976,0.46596604585647583,31.986623764038086,0.0058095334097743034,4.65623664855957,0.0,0.4381839632987976,0.46596604585647583,31.986623764038086
2885,386590,40000,5.0028486251831055,8.776924369158223e-05,0.006847726181149483,4.995913028717041,0.005238772369921207,4.472035884857178,0.0,0.440602570772171,0.4599183201789856,31.94635772705078,0.005238772369921207,4.472035884857178,0.0,0.440602570772171,0.4599183201789856,31.94635772705078
2886,386724,40000,5.503024578094482,6.12277872278355e-05,0.005234821233898401,5.49772834777832,0.004662381485104561,5.031490325927734,0.0,0.43507736921310425,0.45858293771743774,31.74094009399414,0.004662381485104561,5.031490325927734,0.0,0.43507736921310425,0.45858293771743774,31.74094009399414
2887,386858,40000,5.0619683265686035,0.00010315168765373528,0.006381552200764418,5.055483818054199,0.004366927780210972,4.618791103363037,0.0,0.43745648860931396,0.4544420838356018,31.751327514648438,0.004366927780210972,4.618791103363037,0.0,0.43745648860931396,0.4544420838356018,31.751327514648438
2888,386992,40000,5.255561351776123,5.433474507299252e-05,0.0058108544908463955,5.249696254730225,0.0022658961825072765,5.023106575012207,0.0,0.43474507331848145,0.432537317276001,32.1915168762207,0.0022658961825072765,5.023106575012207,0.0,0.43474507331848145,0.432537317276001,32.1915168762207
2889,387126,40000,6.108673572540283,8.35155660752207e-05,0.007726379204541445,6.100863456726074,0.005503970198333263,5.550466537475586,0.0,0.43809065222740173,0.4636637568473816,32.336910247802734,0.005503970198333263,5.550466537475586,0.0,0.43809065222740173,0.4636637568473816,32.336910247802734
2890,387260,40000,6.980250358581543,0.00012270071601960808,0.011173483915627003,6.968954086303711,0.006264751777052879,6.3424787521362305,0.0,0.4409659504890442,0.4677240252494812,32.25210952758789,0.006264751777052879,6.3424787521362305,0.0,0.4409659504890442,0.4677240252494812,32.25210952758789
2891,387394,40000,5.0377092361450195,8.129471098072827e-05,0.005565440282225609,5.032062530517578,0.002973429625853896,4.734719753265381,0.0,0.43696677684783936,0.4400860071182251,31.942588806152344,0.002973429625853896,4.734719753265381,0.0,0.43696677684783936,0.4400860071182251,31.942588806152344
2892,387528,40000,4.187541961669922,6.575850420631468e-05,0.006370764225721359,4.181105613708496,0.0027549080550670624,3.9056146144866943,0.0,0.42957642674446106,0.4433606266975403,30.855581283569336,0.0027549080550670624,3.9056146144866943,0.0,0.42957642674446106,0.4433606266975403,30.855581283569336
2893,387662,40000,5.140517234802246,9.830458293436095e-05,0.007325369864702225,5.133093357086182,0.0015027483459562063,4.982818603515625,0.0,0.41393065452575684,0.43617576360702515,30.835735321044922,0.0015027483459562063,4.982818603515625,0.0,0.41393065452575684,0.43617576360702515,30.835735321044922
2894,387796,40000,5.5211687088012695,0.00020608000340871513,0.0070470720529556274,5.513915538787842,0.004922016989439726,5.021713733673096,0.0,0.436544269323349,0.45988768339157104,31.320470809936523,0.004922016989439726,5.021713733673096,0.0,0.436544269323349,0.45988768339157104,31.320470809936523
2895,387930,40000,5.73383092880249,9.357871749671176e-05,0.006041650660336018,5.727695465087891,0.0011304690269753337,5.614648342132568,0.0,0.42297089099884033,0.42455214262008667,30.62708282470703,0.0011304690269753337,5.614648342132568,0.0,0.42297089099884033,0.42455214262008667,30.62708282470703
2896,388064,40000,6.8098063468933105,7.723568705841899e-05,0.00595075124874711,6.803778171539307,0.0014661331661045551,6.657165050506592,0.0,0.4223805069923401,0.43106842041015625,31.096647262573242,0.0014661331661045551,6.657165050506592,0.0,0.4223805069923401,0.43106842041015625,31.096647262573242
2897,388198,40000,5.709829330444336,7.238908438012004e-05,0.005887141916900873,5.703869819641113,0.0025774065870791674,5.446129322052002,0.0,0.4329737424850464,0.4386023283004761,32.0216064453125,0.0025774065870791674,5.446129322052002,0.0,0.4329737424850464,0.4386023283004761,32.0216064453125
2898,388332,40000,5.208327293395996,0.00012413000513333827,0.006180772557854652,5.202022552490234,0.0041647423058748245,4.785548210144043,0.0,0.43408116698265076,0.45480161905288696,30.950902938842773,0.0041647423058748245,4.785548210144043,0.0,0.43408116698265076,0.45480161905288696,30.950902938842773
2899,388466,40000,6.487834930419922,0.00010783677862491459,0.008327576331794262,6.479399681091309,0.004580724518746138,6.021327018737793,0.0,0.440286785364151,0.4543847441673279,32.10240173339844,0.004580724518746138,6.021327018737793,0.0,0.440286785364151,0.4543847441673279,32.10240173339844
2900,388600,40000,4.500271320343018,0.00019719984265975654,0.004557985812425613,4.495516300201416,0.004650155082345009,4.030500888824463,0.0,0.4361690878868103,0.4578096270561218,31.43781089782715,0.004650155082345009,4.030500888824463,0.0,0.4361690878868103,0.4578096270561218,31.43781089782715
2901,388734,40000,3.710052728652954,6.365387525875121e-05,0.0059812176041305065,3.704007863998413,0.0014583573210984468,3.5581722259521484,0.0,0.4335958957672119,0.4181569218635559,31.937824249267578,0.0014583573210984468,3.5581722259521484,0.0,0.4335958957672119,0.4181569218635559,31.937824249267578
2902,388868,40000,6.077532768249512,6.716707139275968e-05,0.004921432584524155,6.072544097900391,0.004368952941149473,5.635648727416992,0.0,0.4304439127445221,0.45866960287094116,30.991342544555664,0.004368952941149473,5.635648727416992,0.0,0.4304439127445221,0.45866960287094116,30.991342544555664
2903,389002,40000,5.015060901641846,6.779573595849797e-05,0.006445825099945068,5.008547306060791,0.002835002727806568,4.7250471115112305,0.0,0.4262710511684418,0.4463123679161072,31.00708770751953,0.002835002727806568,4.7250471115112305,0.0,0.4262710511684418,0.4463123679161072,31.00708770751953
2904,389136,40000,4.5793304443359375,0.00017862633103504777,0.0068370322696864605,4.572314739227295,0.004412703216075897,4.131044387817383,0.0,0.43975526094436646,0.45321863889694214,32.192386627197266,0.004412703216075897,4.131044387817383,0.0,0.43975526094436646,0.45321863889694214,32.192386627197266
2905,389270,40000,5.776551723480225,9.268605936085805e-05,0.006765435449779034,5.769693374633789,0.004846367985010147,5.2850565910339355,0.0,0.44234368205070496,0.4552574157714844,32.468475341796875,0.004846367985010147,5.2850565910339355,0.0,0.44234368205070496,0.4552574157714844,32.468475341796875
2906,389404,40000,6.076424598693848,0.000105789236840792,0.005854098591953516,6.070464611053467,0.004916554316878319,5.5788092613220215,0.0,0.4375302195549011,0.4592286944389343,32.081424713134766,0.004916554316878319,5.5788092613220215,0.0,0.4375302195549011,0.4592286944389343,32.081424713134766
2907,389538,40000,3.92305064201355,9.52512418734841e-05,0.006843332201242447,3.916111946105957,0.0020968159660696983,3.706430435180664,0.0,0.4234248101711273,0.4393458366394043,31.146669387817383,0.0020968159660696983,3.706430435180664,0.0,0.4234248101711273,0.4393458366394043,31.146669387817383
2908,389672,40000,6.208125114440918,0.00011400242510717362,0.007274265866726637,6.200736999511719,0.004429622553288937,5.757774829864502,0.0,0.43490567803382874,0.45666760206222534,32.194759368896484,0.004429622553288937,5.757774829864502,0.0,0.43490567803382874,0.45666760206222534,32.194759368896484
2909,389806,40000,5.231729030609131,7.773708057356998e-05,0.00607184786349535,5.225579261779785,0.003932948689907789,4.832284450531006,0.0,0.44380488991737366,0.4448785185813904,31.758464813232422,0.003932948689907789,4.832284450531006,0.0,0.44380488991737366,0.4448785185813904,31.758464813232422
2910,389940,40000,4.76022481918335,0.0002253070124424994,0.007283523213118315,4.752716064453125,0.005002329591661692,4.252482891082764,0.0,0.4329381585121155,0.46258920431137085,31.56942367553711,0.005002329591661692,4.252482891082764,0.0,0.4329381585121155,0.46258920431137085,31.56942367553711
2911,390074,40000,6.368358612060547,4.958519639330916e-05,0.006805853918194771,6.3615031242370605,0.004095042590051889,5.951998710632324,0.0,0.42798301577568054,0.45754992961883545,31.93401527404785,0.004095042590051889,5.951998710632324,0.0,0.42798301577568054,0.45754992961883545,31.93401527404785
2912,390208,40000,5.453795433044434,7.371830724878237e-05,0.0069269658997654915,5.4467949867248535,0.003177276346832514,5.129067420959473,0.0,0.4328809082508087,0.44578343629837036,31.0670166015625,0.003177276346832514,5.129067420959473,0.0,0.4328809082508087,0.44578343629837036,31.0670166015625
2913,390342,40000,4.412445068359375,7.115443440852687e-05,0.005368952173739672,4.4070048332214355,0.004410061519593,3.965998888015747,0.0,0.4367063045501709,0.45534175634384155,31.672266006469727,0.004410061519593,3.965998888015747,0.0,0.4367063045501709,0.45534175634384155,31.672266006469727
2914,390476,40000,4.077234745025635,8.272199193015695e-05,0.007509726099669933,4.069642066955566,0.00423931609839201,3.6457102298736572,0.0,0.4342411458492279,0.4553792476654053,31.796998977661133,0.00423931609839201,3.6457102298736572,0.0,0.4342411458492279,0.4553792476654053,31.796998977661133
2915,390610,40000,4.619672775268555,0.00010325021867174655,0.0064722285605967045,4.613097190856934,0.001648860052227974,4.448211193084717,0.0,0.4223775267601013,0.4338837265968323,30.900962829589844,0.001648860052227974,4.448211193084717,0.0,0.4223775267601013,0.4338837265968323,30.900962829589844
2916,390744,40000,6.940488338470459,5.8155877923127264e-05,0.005348889622837305,6.935081481933594,0.004930304363369942,6.442050933837891,0.0,0.43605536222457886,0.4602521061897278,32.199893951416016,0.004930304363369942,6.442050933837891,0.0,0.43605536222457886,0.4602521061897278,32.199893951416016
2917,390878,40000,7.090699195861816,0.00016503302322234958,0.007421080954372883,7.083113193511963,0.010067734867334366,6.0763397216796875,0.0,0.457954078912735,0.4819088578224182,33.340030670166016,0.010067734867334366,6.0763397216796875,0.0,0.457954078912735,0.4819088578224182,33.340030670166016
2918,391012,40000,6.592284679412842,8.58297644299455e-05,0.007361768279224634,6.584836959838867,0.005365227349102497,6.048314094543457,0.0,0.4359409511089325,0.4638237953186035,32.12922668457031,0.005365227349102497,6.048314094543457,0.0,0.4359409511089325,0.4638237953186035,32.12922668457031
2919,391146,40000,5.0743021965026855,6.820153794251382e-05,0.00725575489923358,5.066978454589844,0.0036673140712082386,4.700246810913086,0.0,0.4391111731529236,0.4462345242500305,32.169898986816406,0.0036673140712082386,4.700246810913086,0.0,0.4391111731529236,0.4462345242500305,32.169898986816406
2920,391280,40000,3.950770378112793,5.5317770602414384e-05,0.006745079532265663,3.943969964981079,0.0016507557593286037,3.7788944244384766,0.0,0.4271005392074585,0.4302707314491272,31.37662124633789,0.0016507557593286037,3.7788944244384766,0.0,0.4271005392074585,0.4302707314491272,31.37662124633789
2921,391414,40000,4.9526214599609375,0.00012687876005657017,0.007643042132258415,4.944851398468018,0.0022914395667612553,4.715707302093506,0.0,0.43064042925834656,0.4367777705192566,31.550251007080078,0.0022914395667612553,4.715707302093506,0.0,0.43064042925834656,0.4367777705192566,31.550251007080078
2922,391548,40000,5.80319356918335,7.599416858283803e-05,0.005314964801073074,5.797802448272705,0.003753504017367959,5.422451972961426,0.0,0.4309278726577759,0.4528864026069641,31.597917556762695,0.003753504017367959,5.422451972961426,0.0,0.4309278726577759,0.4528864026069641,31.597917556762695
2923,391682,40000,6.147058486938477,8.577538392273709e-05,0.006387643050402403,6.140584945678711,0.001801386009901762,5.960446357727051,0.0,0.4146992564201355,0.43981605768203735,30.388582229614258,0.001801386009901762,5.960446357727051,0.0,0.4146992564201355,0.43981605768203735,30.388582229614258
2924,391816,40000,5.981130123138428,0.0002189146907767281,0.008074989542365074,5.972836017608643,0.0029841861687600613,5.674417495727539,0.0,0.4225829541683197,0.44974130392074585,30.51683807373047,0.0029841861687600613,5.674417495727539,0.0,0.4225829541683197,0.44974130392074585,30.51683807373047
2925,391950,40000,4.345379829406738,9.287861757911742e-05,0.005918923765420914,4.339367866516113,0.0035475222393870354,3.9846158027648926,0.0,0.4386906027793884,0.44528311491012573,31.257680892944336,0.0035475222393870354,3.9846158027648926,0.0,0.4386906027793884,0.44528311491012573,31.257680892944336
2926,392084,40000,4.784212589263916,0.000244966329773888,0.005868532229214907,4.778099060058594,0.0054145073518157005,4.2366485595703125,0.0,0.4467494785785675,0.45682424306869507,32.38395690917969,0.0054145073518157005,4.2366485595703125,0.0,0.4467494785785675,0.45682424306869507,32.38395690917969
2927,392218,40000,5.473889350891113,0.00014616610133089125,0.0059072780422866344,5.467835903167725,0.006018521264195442,4.865983963012695,0.0,0.4453370273113251,0.46295297145843506,32.559505462646484,0.006018521264195442,4.865983963012695,0.0,0.4453370273113251,0.46295297145843506,32.559505462646484
2928,392352,40000,5.471225738525391,0.00011280547914793715,0.007295203860849142,5.463817596435547,0.0020175694953650236,5.262060642242432,0.0,0.41730570793151855,0.44144976139068604,30.70319175720215,0.0020175694953650236,5.262060642242432,0.0,0.41730570793151855,0.44144976139068604,30.70319175720215
2929,392486,40000,5.079345703125,6.974768621148542e-05,0.0055374992080032825,5.0737385749816895,0.0009207103867083788,4.981667518615723,0.0,0.4226920008659363,0.42014408111572266,31.081859588623047,0.0009207103867083788,4.981667518615723,0.0,0.4226920008659363,0.42014408111572266,31.081859588623047
2930,392620,40000,5.842828273773193,7.767110946588218e-05,0.007590889930725098,5.835159778594971,0.0041189840994775295,5.4232611656188965,0.0,0.43576928973197937,0.45328736305236816,31.964868545532227,0.0041189840994775295,5.4232611656188965,0.0,0.43576928973197937,0.45328736305236816,31.964868545532227
2931,392754,40000,4.872965335845947,0.00010072605800814927,0.005418112967163324,4.867446422576904,0.004771566018462181,4.390289783477783,0.0,0.4352964758872986,0.45937782526016235,31.892770767211914,0.004771566018462181,4.390289783477783,0.0,0.4352964758872986,0.45937782526016235,31.892770767211914
2932,392888,40000,5.225724220275879,7.920615462353453e-05,0.00682457908987999,5.218820571899414,0.0024583106860518456,4.972989559173584,0.0,0.43601009249687195,0.43408203125,30.955347061157227,0.0024583106860518456,4.972989559173584,0.0,0.43601009249687195,0.43408203125,30.955347061157227
2933,393022,40000,5.0556488037109375,9.661762305768207e-05,0.008463251404464245,5.047089099884033,0.00388980470597744,4.658108711242676,0.0,0.44530022144317627,0.44286835193634033,32.484107971191406,0.00388980470597744,4.658108711242676,0.0,0.44530022144317627,0.44286835193634033,32.484107971191406
2934,393156,40000,5.65118932723999,0.00016030548431444913,0.007464753929525614,5.643564224243164,0.0036097306292504072,5.282591342926025,0.0,0.4312475919723511,0.45131587982177734,31.489177703857422,0.0036097306292504072,5.282591342926025,0.0,0.4312475919723511,0.45131587982177734,31.489177703857422
2935,393290,40000,5.850381851196289,7.418860332109034e-05,0.005340359639376402,5.844967365264893,0.006273943465203047,5.217573165893555,0.0,0.44159889221191406,0.4674053192138672,32.52421188354492,0.006273943465203047,5.217573165893555,0.0,0.44159889221191406,0.4674053192138672,32.52421188354492
2936,393424,40000,5.596012592315674,8.547255129087716e-05,0.006761746946722269,5.589165210723877,0.004617851693183184,5.127379894256592,0.0,0.43888458609580994,0.4557300806045532,32.54349899291992,0.004617851693183184,5.127379894256592,0.0,0.43888458609580994,0.4557300806045532,32.54349899291992
2937,393558,40000,3.402758836746216,0.0001158591840066947,0.006493730004876852,3.396149158477783,0.0032718521542847157,3.0689640045166016,0.0,0.4323429465293884,0.4471782445907593,31.537988662719727,0.0032718521542847157,3.0689640045166016,0.0,0.4323429465293884,0.4471782445907593,31.537988662719727
2938,393692,40000,5.514756679534912,9.910941298585385e-05,0.006240700371563435,5.508416652679443,0.004544311203062534,5.053985595703125,0.0,0.43989869952201843,0.4543360471725464,32.344852447509766,0.004544311203062534,5.053985595703125,0.0,0.43989869952201843,0.4543360471725464,32.344852447509766
2939,393826,40000,6.843891620635986,0.00010148628643946722,0.006564159411936998,6.837225914001465,0.0012755010975524783,6.7096757888793945,0.0,0.4237961769104004,0.4266316294670105,30.29531478881836,0.0012755010975524783,6.7096757888793945,0.0,0.4237961769104004,0.4266316294670105,30.29531478881836
2940,393960,40000,5.722766399383545,0.00017068196029867977,0.004798394627869129,5.71779727935791,0.004385087639093399,5.279288291931152,0.0,0.43157219886779785,0.45820897817611694,31.79665756225586,0.004385087639093399,5.279288291931152,0.0,0.43157219886779785,0.45820897817611694,31.79665756225586
2941,394094,40000,6.367420673370361,5.803075691801496e-05,0.0068070427514612675,6.360555648803711,0.004607847426086664,5.899770736694336,0.0,0.4360358715057373,0.45752620697021484,32.539031982421875,0.004607847426086664,5.899770736694336,0.0,0.4360358715057373,0.45752620697021484,32.539031982421875
2942,394228,40000,5.296947002410889,5.594383765128441e-05,0.006191536784172058,5.290699481964111,0.00285307876765728,5.005391597747803,0.0,0.42781370878219604,0.44560128450393677,31.228759765625,0.00285307876765728,5.005391597747803,0.0,0.42781370878219604,0.44560128450393677,31.228759765625
2943,394362,40000,7.548434734344482,0.00012899900320917368,0.006193460896611214,7.542112350463867,0.006841279566287994,6.85798454284668,0.0,0.44616883993148804,0.468627393245697,32.417640686035156,0.006841279566287994,6.85798454284668,0.0,0.44616883993148804,0.468627393245697,32.417640686035156
2944,394496,40000,5.101142883300781,9.757513180375099e-05,0.006707825697958469,5.094337463378906,0.003067030105739832,4.787634372711182,0.0,0.43025922775268555,0.4463832974433899,30.910995483398438,0.003067030105739832,4.787634372711182,0.0,0.43025922775268555,0.4463832974433899,30.910995483398438
2945,394630,40000,5.479692459106445,9.101775503950194e-05,0.005689859855920076,5.473911762237549,0.00368472165428102,5.10543966293335,0.0,0.42783528566360474,0.45394366979599,31.441492080688477,0.00368472165428102,5.10543966293335,0.0,0.42783528566360474,0.45394366979599,31.441492080688477
2946,394764,40000,4.896850109100342,7.282759179361165e-05,0.007956714369356632,4.888820648193359,0.0038316529244184494,4.505655288696289,0.0,0.4266050457954407,0.4558911919593811,31.107826232910156,0.0038316529244184494,4.505655288696289,0.0,0.4266050457954407,0.4558911919593811,31.107826232910156
2947,394898,40000,4.86265230178833,8.999166311696172e-05,0.005773625336587429,4.856788635253906,0.0051960935816168785,4.337179183959961,0.0,0.4433596432209015,0.45758503675460815,32.32479476928711,0.0051960935816168785,4.337179183959961,0.0,0.4433596432209015,0.45758503675460815,32.32479476928711
2948,395032,40000,6.066157341003418,0.00010814537381520495,0.007289772853255272,6.0587592124938965,0.0032477849163115025,5.733980655670166,0.0,0.43295469880104065,0.4464948773384094,31.513513565063477,0.0032477849163115025,5.733980655670166,0.0,0.43295469880104065,0.4464948773384094,31.513513565063477
2949,395166,40000,5.45241641998291,0.00013865000801160932,0.007109361235052347,5.445168495178223,0.006352398544549942,4.8099284172058105,0.0,0.4489807188510895,0.4628751873970032,32.641414642333984,0.006352398544549942,4.8099284172058105,0.0,0.4489807188510895,0.4628751873970032,32.641414642333984
2950,395300,40000,5.672984600067139,0.000391472305636853,0.006224723067134619,5.66636848449707,0.004401417449116707,5.226226806640625,0.0,0.4353623688220978,0.45613306760787964,31.779382705688477,0.004401417449116707,5.226226806640625,0.0,0.4353623688220978,0.45613306760787964,31.779382705688477
2951,395434,40000,3.273879051208496,8.981854625744745e-05,0.006128334440290928,3.2676608562469482,0.0029245009645819664,2.975210666656494,0.0,0.4326682984828949,0.44309622049331665,32.03638458251953,0.0029245009645819664,2.975210666656494,0.0,0.4326682984828949,0.44309622049331665,32.03638458251953
2952,395568,40000,5.2716546058654785,8.579040877521038e-05,0.006971134338527918,5.2645978927612305,0.005003694444894791,4.764228343963623,0.0,0.43291446566581726,0.4626125693321228,31.405101776123047,0.005003694444894791,4.764228343963623,0.0,0.43291446566581726,0.4626125693321228,31.405101776123047
2953,395702,40000,5.528313159942627,0.00015668418200220913,0.007257403805851936,5.520899295806885,0.004203301388770342,5.100569248199463,0.0,0.441857248544693,0.4495103359222412,32.4957389831543,0.004203301388770342,5.100569248199463,0.0,0.441857248544693,0.4495103359222412,32.4957389831543
2954,395836,40000,6.570417881011963,7.205967995105311e-05,0.0072864932008087635,6.563059329986572,0.0011013306211680174,6.452926158905029,0.0,0.41232508420944214,0.4308127164840698,30.453224182128906,0.0011013306211680174,6.452926158905029,0.0,0.41232508420944214,0.4308127164840698,30.453224182128906
2955,395970,40000,5.2333598136901855,0.00012068602518411353,0.007921241223812103,5.22531795501709,0.003529452020302415,4.872372627258301,0.0,0.42778831720352173,0.45250964164733887,31.07387924194336,0.003529452020302415,4.872372627258301,0.0,0.42778831720352173,0.45250964164733887,31.07387924194336
2956,396104,40000,4.781909465789795,9.191048593493178e-05,0.00948184821754694,4.772335529327393,0.003598439274355769,4.412491798400879,0.0,0.4282251000404358,0.45293188095092773,31.38460922241211,0.003598439274355769,4.412491798400879,0.0,0.4282251000404358,0.45293188095092773,31.38460922241211
2957,396238,40000,4.8712992668151855,0.00013656332157552242,0.0060969507321715355,4.865065574645996,0.006280950270593166,4.2369704246521,0.0,0.4414874017238617,0.4675258994102478,31.81499481201172,0.006280950270593166,4.2369704246521,0.0,0.4414874017238617,0.4675258994102478,31.81499481201172
2958,396372,40000,9.901307106018066,6.904807378305122e-05,0.007348799146711826,9.893889427185059,0.005069881211966276,9.386900901794434,0.0,0.4389065206050873,0.45963358879089355,33.055908203125,0.005069881211966276,9.386900901794434,0.0,0.4389065206050873,0.45963358879089355,33.055908203125
2959,396506,40000,5.0910964012146,9.953439439414069e-05,0.005855911411345005,5.085141181945801,0.0007959876675158739,5.005542278289795,0.0,0.4187401235103607,0.42109018564224243,30.40778160095215,0.0007959876675158739,5.005542278289795,0.0,0.4187401235103607,0.42109018564224243,30.40778160095215
2960,396640,40000,7.09390115737915,0.0001753761462168768,0.00579912681132555,7.087926864624023,0.007284768857061863,6.359449863433838,0.0,0.44812676310539246,0.47048819065093994,32.686668395996094,0.007284768857061863,6.359449863433838,0.0,0.44812676310539246,0.47048819065093994,32.686668395996094
2961,396774,40000,3.847198247909546,9.563825005898252e-05,0.006140962243080139,3.8409616947174072,0.003636294975876808,3.47733211517334,0.0,0.4350086748600006,0.44909876585006714,31.6950626373291,0.003636294975876808,3.47733211517334,0.0,0.4350086748600006,0.44909876585006714,31.6950626373291
2962,396908,40000,5.319023132324219,7.034865848254412e-05,0.007152331527322531,5.311800479888916,0.0018891324289143085,5.122887134552002,0.0,0.4171445667743683,0.4399399161338806,30.83355712890625,0.0018891324289143085,5.122887134552002,0.0,0.4171445667743683,0.4399399161338806,30.83355712890625
2963,397042,40000,5.414666175842285,9.107610821956769e-05,0.007163443602621555,5.407411575317383,0.004207651596516371,4.98664665222168,0.0,0.4287908971309662,0.45812690258026123,31.730514526367188,0.004207651596516371,4.98664665222168,0.0,0.4287908971309662,0.45812690258026123,31.730514526367188
2964,397176,40000,4.803198337554932,9.755045175552368e-05,0.007764826994389296,4.79533576965332,0.003487150650471449,4.446620941162109,0.0,0.4292919933795929,0.4512750506401062,31.37673568725586,0.003487150650471449,4.446620941162109,0.0,0.4292919933795929,0.4512750506401062,31.37673568725586
2965,397310,40000,6.189414978027344,0.00010677975660655648,0.0054725720547139645,6.183835506439209,0.004568984732031822,5.7269368171691895,0.0,0.4285022020339966,0.46129119396209717,31.080402374267578,0.004568984732031822,5.7269368171691895,0.0,0.4285022020339966,0.46129119396209717,31.080402374267578
2966,397444,40000,6.0507049560546875,0.00014157002442516387,0.00540400855243206,6.045159339904785,0.006028114818036556,5.442348003387451,0.0,0.4373060166835785,0.4680909514427185,31.611099243164062,0.006028114818036556,5.442348003387451,0.0,0.4373060166835785,0.4680909514427185,31.611099243164062
2967,397578,40000,5.520728588104248,6.239076174097136e-05,0.005644877441227436,5.515021324157715,0.004718268755823374,5.04319429397583,0.0,0.4349900484085083,0.4591097831726074,31.447359085083008,0.004718268755823374,5.04319429397583,0.0,0.4349900484085083,0.4591097831726074,31.447359085083008
2968,397712,40000,5.258067607879639,8.348061965079978e-05,0.005912026856094599,5.252072334289551,0.0038013532757759094,4.871936798095703,0.0,0.44057515263557434,0.44642210006713867,32.287017822265625,0.0038013532757759094,4.871936798095703,0.0,0.44057515263557434,0.44642210006713867,32.287017822265625
2969,397846,40000,5.337981700897217,9.011233487399295e-05,0.00824526697397232,5.329646110534668,0.0051198056899011135,4.8176655769348145,0.0,0.4331459105014801,0.4634125828742981,31.402265548706055,0.0051198056899011135,4.8176655769348145,0.0,0.4331459105014801,0.4634125828742981,31.402265548706055
2970,397980,40000,4.984267234802246,0.00028915703296661377,0.00650419108569622,4.977473735809326,0.002868836745619774,4.690589904785156,0.0,0.43166765570640564,0.44319719076156616,31.4100399017334,0.002868836745619774,4.690589904785156,0.0,0.43166765570640564,0.44319719076156616,31.4100399017334
2971,398114,40000,6.497386455535889,9.638662595534697e-05,0.005851084366440773,6.491438865661621,0.0057713789865374565,5.914300918579102,0.0,0.4425140917301178,0.46295976638793945,32.583377838134766,0.0057713789865374565,5.914300918579102,0.0,0.4425140917301178,0.46295976638793945,32.583377838134766
2972,398248,40000,5.6351518630981445,0.00010436021693749353,0.005614791065454483,5.629432678222656,0.004228757694363594,5.206556797027588,0.0,0.42775958776474,0.4588061571121216,31.231786727905273,0.004228757694363594,5.206556797027588,0.0,0.42775958776474,0.4588061571121216,31.231786727905273
2973,398382,40000,7.2629523277282715,7.013630965957418e-05,0.006242978386580944,7.256639003753662,0.005770917050540447,6.679547309875488,0.0,0.4428962767124176,0.4626963138580322,32.4686393737793,0.005770917050540447,6.679547309875488,0.0,0.4428962767124176,0.4626963138580322,32.4686393737793
2974,398516,40000,6.010707855224609,0.00013979915820527822,0.00767702329903841,6.0028910636901855,0.00498511828482151,5.5043792724609375,0.0,0.43568000197410583,0.4609266519546509,32.200103759765625,0.00498511828482151,5.5043792724609375,0.0,0.43568000197410583,0.4609266519546509,32.200103759765625
2975,398650,40000,7.186185359954834,8.173100650310516e-05,0.006835048086941242,7.1792683601379395,0.006311680655926466,6.548100471496582,0.0,0.4471915662288666,0.46391117572784424,32.71836471557617,0.006311680655926466,6.548100471496582,0.0,0.4471915662288666,0.46391117572784424,32.71836471557617
2976,398784,40000,4.934284687042236,9.235542529495433e-05,0.0059012603014707565,4.928290843963623,0.0032952462788671255,4.598766326904297,0.0,0.4263625741004944,0.45099276304244995,31.11471176147461,0.0032952462788671255,4.598766326904297,0.0,0.4263625741004944,0.45099276304244995,31.11471176147461
2977,398918,40000,5.01362419128418,6.67399654048495e-05,0.007129201199859381,5.006428241729736,0.005175455939024687,4.488882541656494,0.0,0.4355228841304779,0.4625586271286011,32.01785659790039,0.005175455939024687,4.488882541656494,0.0,0.4355228841304779,0.4625586271286011,32.01785659790039
2978,399052,40000,4.503252029418945,8.881102985469624e-05,0.007520900573581457,4.495642185211182,0.0013035801239311695,4.365283966064453,0.0,0.42052650451660156,0.4297025799751282,30.884845733642578,0.0013035801239311695,4.365283966064453,0.0,0.42052650451660156,0.4297025799751282,30.884845733642578
2979,399186,40000,5.114813804626465,9.322365076513961e-05,0.008592802099883556,5.106127738952637,0.002345257205888629,4.8716020584106445,0.0,0.42108219861984253,0.4435981512069702,31.1549129486084,0.002345257205888629,4.8716020584106445,0.0,0.42108219861984253,0.4435981512069702,31.1549129486084
2980,399320,40000,5.3417582511901855,7.735745020909235e-05,0.0056931148283183575,5.335987567901611,0.002796100452542305,5.056377410888672,0.0,0.43339651823043823,0.44099724292755127,31.86969757080078,0.002796100452542305,5.056377410888672,0.0,0.43339651823043823,0.44099724292755127,31.86969757080078
2981,399454,40000,5.815440654754639,8.862431423040107e-05,0.006352673750370741,5.808999538421631,0.0048864493146538734,5.320354461669922,0.0,0.4408171474933624,0.4567486643791199,31.659931182861328,0.0048864493146538734,5.320354461669922,0.0,0.4408171474933624,0.4567486643791199,31.659931182861328
2982,399588,40000,5.83167028427124,9.529523231321946e-05,0.007083279546350241,5.824491500854492,0.004531855694949627,5.3713059425354,0.0,0.4412488341331482,0.45320141315460205,32.359188079833984,0.004531855694949627,5.3713059425354,0.0,0.4412488341331482,0.45320141315460205,32.359188079833984
2983,399722,40000,6.802728652954102,7.571233436465263e-05,0.007048987317830324,6.7956037521362305,0.00520528806373477,6.2750749588012695,0.0,0.4392535388469696,0.4605346918106079,32.6658821105957,0.00520528806373477,6.2750749588012695,0.0,0.4392535388469696,0.4605346918106079,32.6658821105957
2984,399856,40000,4.8309173583984375,7.393198029603809e-05,0.005781826563179493,4.825061798095703,0.00349111994728446,4.475949764251709,0.0,0.43434789776802063,0.44807642698287964,32.05137252807617,0.00349111994728446,4.475949764251709,0.0,0.43434789776802063,0.44807642698287964,32.05137252807617
2985,399990,40000,5.071502208709717,5.355686880648136e-05,0.007076078560203314,5.064372539520264,0.0020588641054928303,4.858486175537109,0.0,0.42279696464538574,0.4392321705818176,31.190046310424805,0.0020588641054928303,4.858486175537109,0.0,0.42279696464538574,0.4392321705818176,31.190046310424805
2986,400124,40000,6.074336051940918,0.00013293763913679868,0.007183772977441549,6.067019462585449,0.0035851895809173584,5.708500385284424,0.0,0.4292319118976593,0.4522559642791748,31.99248504638672,0.0035851895809173584,5.708500385284424,0.0,0.4292319118976593,0.4522559642791748,31.99248504638672
2987,400258,40000,4.832911014556885,8.584542229073122e-05,0.005295312497764826,4.8275299072265625,0.002965556923300028,4.530974388122559,0.0,0.4293336570262909,0.44588130712509155,30.899686813354492,0.002965556923300028,4.530974388122559,0.0,0.4293336570262909,0.44588130712509155,30.899686813354492
2988,400392,40000,5.792691707611084,0.00018579664174467325,0.005599611438810825,5.7869062423706055,0.0013956025941297412,5.647346019744873,0.0,0.42538875341415405,0.42740464210510254,30.979257583618164,0.0013956025941297412,5.647346019744873,0.0,0.42538875341415405,0.42740464210510254,30.979257583618164
2989,400526,40000,6.680093288421631,9.123177005676553e-05,0.0052849422208964825,6.674716949462891,0.0017980685224756598,6.49491024017334,0.0,0.42160317301750183,0.43648797273635864,30.589916229248047,0.0017980685224756598,6.49491024017334,0.0,0.42160317301750183,0.43648797273635864,30.589916229248047
2990,400660,40000,4.790088653564453,0.00015310740855056792,0.007089716382324696,4.782845973968506,0.006695202551782131,4.113325595855713,0.0,0.44570058584213257,0.46787238121032715,32.360023498535156,0.006695202551782131,4.113325595855713,0.0,0.44570058584213257,0.46787238121032715,32.360023498535156
2991,400794,40000,6.562217712402344,0.00012506931670941412,0.009408791549503803,6.5526838302612305,0.005346987396478653,6.0179853439331055,0.0,0.43887588381767273,0.4619326591491699,31.988740921020508,0.005346987396478653,6.0179853439331055,0.0,0.43887588381767273,0.4619326591491699,31.988740921020508
2992,400928,40000,6.276859283447266,7.370814273599535e-05,0.0047690244391560555,6.272016525268555,0.0026091933250427246,6.011097431182861,0.0,0.42900627851486206,0.44204556941986084,31.13638687133789,0.0026091933250427246,6.011097431182861,0.0,0.42900627851486206,0.44204556941986084,31.13638687133789
2993,401062,40000,6.932314395904541,0.00010798731818795204,0.0055099967867136,6.926696300506592,0.0003252497408539057,6.894171237945557,0.0,0.4128458797931671,0.41265833377838135,29.864910125732422,0.0003252497408539057,6.894171237945557,0.0,0.4128458797931671,0.41265833377838135,29.864910125732422
2994,401196,40000,6.664233207702637,7.930616266094148e-05,0.007054841611534357,6.65709924697876,0.005442969035357237,6.112802505493164,0.0,0.4466935694217682,0.457119882106781,32.71706008911133,0.005442969035357237,6.112802505493164,0.0,0.4466935694217682,0.457119882106781,32.71706008911133
2995,401330,40000,5.685743808746338,0.00018821709090843797,0.005698313005268574,5.67985725402832,0.0040946220979094505,5.270394802093506,0.0,0.43240272998809814,0.4551786780357361,31.548555374145508,0.0040946220979094505,5.270394802093506,0.0,0.43240272998809814,0.4551786780357361,31.548555374145508
2996,401464,40000,4.7857513427734375,6.928580842213705e-05,0.0060006408020854,4.779681205749512,0.00459756376221776,4.319924831390381,0.0,0.43519967794418335,0.45795297622680664,31.35866928100586,0.00459756376221776,4.319924831390381,0.0,0.43519967794418335,0.45795297622680664,31.35866928100586
2997,401598,40000,4.644852638244629,5.6309298088308424e-05,0.006350647192448378,4.638445854187012,0.002457983326166868,4.392647743225098,0.0,0.42562243342399597,0.4424437880516052,31.089384078979492,0.002457983326166868,4.392647743225098,0.0,0.42562243342399597,0.4424437880516052,31.089384078979492
2998,401732,40000,6.56247615814209,0.00020244006009306759,0.0062152547761797905,6.556058406829834,0.0005186425405554473,6.504194259643555,0.0,0.40784940123558044,0.4213782548904419,30.115882873535156,0.0005186425405554473,6.504194259643555,0.0,0.40784940123558044,0.4213782548904419,30.115882873535156
2999,401866,40000,6.137875556945801,7.662401185370982e-05,0.006517321337014437,6.13128137588501,0.00457400269806385,5.6738810539245605,0.0,0.4376295804977417,0.45619624853134155,32.18720245361328,0.00457400269806385,5.6738810539245605,0.0,0.4376295804977417,0.45619624853134155,32.18720245361328
3000,402000,40000,5.454254150390625,6.156253220979124e-05,0.006440353579819202,5.447751998901367,0.006136372685432434,4.8341145515441895,0.0,0.444335401058197,0.46458131074905396,32.455596923828125,0.006136372685432434,4.8341145515441895,0.0,0.444335401058197,0.46458131074905396,32.455596923828125
